user_id,variant,arpu,day,time_on_site
1,control,110.03,1,94.0
2,control,55.22,2,201.5
3,control,6.16,3,38.1
4,control,0,4,231.3
5,control,195.49,5,196.5
6,control,128.0,6,246.8
7,control,0,7,104.0
8,control,0,8,162.6
9,control,80.54,9,207.9
10,control,0,10,200.8
11,control,94.28,11,164.2
12,control,100.55,12,226.0
13,control,0,13,201.2
14,control,96.79,14,198.2
15,control,229.37,1,107.7
16,control,102.91,2,163.3
17,control,96.64,3,217.3
18,control,135.55,4,164.2
19,control,139.31,5,210.4
20,control,113.54,6,141.5
21,control,168.29,7,174.6
22,control,69.33,8,148.3
23,control,58.15,9,296.0
24,control,159.6,10,179.3
25,control,83.9,11,196.7
26,control,126.86,12,235.5
27,control,0,13,169.6
28,control,72.55,14,208.5
29,control,30.38,1,160.9
30,control,0,2,313.5
31,control,88.08,3,174.5
32,control,303.91,4,137.7
33,control,0,5,286.8
34,control,241.58,6,262.4
35,control,177.98,7,284.6
36,control,11.15,8,44.2
37,control,62.4,9,262.7
38,control,139.12,10,168.5
39,control,140.49,11,250.3
40,control,117.88,12,195.0
41,control,173.5,13,185.4
42,control,47.32,14,125.6
43,control,85.32,1,171.6
44,control,183.08,2,226.0
45,control,107.1,3,188.0
46,control,207.62,4,212.9
47,control,190.74,5,162.5
48,control,152.62,6,181.6
49,control,40.62,7,83.3
50,control,124.49,8,244.8
51,control,197.15,9,196.9
52,control,103.59,10,109.4
53,control,112.85,11,137.2
54,control,54.57,12,121.5
55,control,75.25,13,165.9
56,control,0,14,203.8
57,control,110.09,1,255.9
58,control,182.6,2,187.7
59,control,207.67,3,148.7
60,control,0,4,175.3
61,control,66.89,5,112.9
62,control,0,6,266.2
63,control,14.95,7,152.7
64,control,68.17,8,205.0
65,control,139.7,9,255.9
66,control,0,10,155.9
67,control,25.18,11,198.6
68,control,42.78,12,164.5
69,control,210.33,13,159.6
70,control,70.83,14,246.3
71,control,206.04,1,56.0
72,control,49.24,2,63.1
73,control,126.68,3,126.2
74,control,22.18,4,213.1
75,control,201.37,5,205.8
76,control,0,6,146.0
77,control,0,7,319.4
78,control,92.56,8,101.3
79,control,126.15,9,318.5
80,control,53.95,10,102.3
81,control,118.4,11,217.4
82,control,159.28,12,306.7
83,control,0,13,212.7
84,control,47.63,14,77.5
85,control,87.01,1,219.1
86,control,142.88,2,172.4
87,control,180.35,3,179.9
88,control,167.09,4,186.8
89,control,108.39,5,119.1
90,control,120.58,6,198.5
91,control,199.23,7,203.9
92,control,19.41,8,247.1
93,control,146.02,9,214.9
94,control,32.97,10,162.4
95,control,78.63,11,136.2
96,control,100.54,12,91.4
97,control,0,13,228.9
98,control,0,14,290.9
99,control,96.46,1,130.9
100,control,166.3,2,111.9
101,control,182.7,3,108.8
102,control,185.94,4,141.4
103,control,27.03,5,261.1
104,control,187.36,6,147.3
105,control,76.97,7,100.1
106,control,73.48,8,214.9
107,control,65.37,9,154.7
108,control,0,10,213.8
109,control,37.54,11,223.5
110,control,204.4,12,162.8
111,control,49.25,13,170.1
112,control,99.41,14,122.5
113,control,58.31,1,34.6
114,control,127.72,2,143.1
115,control,206.67,3,141.5
116,control,110.81,4,196.0
117,control,101.46,5,259.5
118,control,92.45,6,180.5
119,control,128.14,7,173.0
120,control,149.51,8,120.3
121,control,144.24,9,75.8
122,control,74.06,10,124.9
123,control,46.35,11,175.3
124,control,98.64,12,192.7
125,control,0,13,276.9
126,control,94.55,14,158.9
127,control,52.98,1,233.7
128,control,5.4,2,169.8
129,control,127.62,3,146.2
130,control,26.59,4,113.1
131,control,145.63,5,183.6
132,control,181.6,6,236.2
133,control,204.22,7,83.7
134,control,153.13,8,115.7
135,control,13.58,9,119.7
136,control,72.33,10,245.9
137,control,147.54,11,220.4
138,control,0,12,292.4
139,control,123.34,13,247.2
140,control,126.43,14,187.8
141,control,0,1,171.8
142,control,0,2,152.8
143,control,0,3,192.7
144,control,129.85,4,157.9
145,control,105.25,5,148.3
146,control,199.03,6,111.1
147,control,130.67,7,63.5
148,control,132.21,8,186.9
149,control,74.4,9,190.9
150,control,142.29,10,160.2
151,control,114.36,11,275.8
152,control,223.48,12,255.0
153,control,40.85,13,239.6
154,control,116.08,14,160.0
155,control,97.65,1,238.7
156,control,82.56,2,131.9
157,control,51.92,3,199.3
158,control,29.38,4,146.8
159,control,94.76,5,174.7
160,control,0,6,128.3
161,control,103.73,7,224.0
162,control,106.29,8,146.5
163,control,18.01,9,176.1
164,control,134.98,10,226.9
165,control,133.86,11,99.0
166,control,100.41,12,260.2
167,control,146.8,13,178.9
168,control,94.37,14,148.1
169,control,97.72,1,210.5
170,control,0,2,137.8
171,control,74.67,3,101.9
172,control,58.22,4,156.8
173,control,96.01,5,212.0
174,control,135.06,6,177.1
175,control,145.74,7,132.0
176,control,153.56,8,129.6
177,control,222.45,9,145.1
178,control,103.9,10,161.2
179,control,91.29,11,166.9
180,control,38.24,12,142.5
181,control,154.84,13,234.1
182,control,66.7,14,243.1
183,control,70.57,1,160.0
184,control,17.81,2,192.2
185,control,260.09,3,105.1
186,control,89.8,4,236.4
187,control,32.43,5,193.8
188,control,249.93,6,140.3
189,control,166.1,7,281.7
190,control,185.16,8,78.3
191,control,87.62,9,185.4
192,control,83.06,10,143.8
193,control,92.4,11,150.9
194,control,67.77,12,169.1
195,control,50.72,13,156.5
196,control,245.01,14,222.2
197,control,101.61,1,93.4
198,control,53.01,2,229.7
199,control,47.91,3,162.5
200,control,84.47,4,153.9
201,control,136.02,5,223.2
202,control,0,6,176.7
203,control,74.02,7,104.0
204,control,0,8,231.8
205,control,9.09,9,167.7
206,control,126.2,10,277.0
207,control,237.06,11,213.8
208,control,0,12,10
209,control,155.74,13,121.4
210,control,70.2,14,124.8
211,control,44.06,1,311.6
212,control,0,2,237.1
213,control,135.64,3,181.3
214,control,161.61,4,107.7
215,control,96.83,5,97.9
216,control,151.17,6,238.2
217,control,0,7,172.4
218,control,186.61,8,173.5
219,control,64.87,9,96.4
220,control,269.15,10,274.0
221,control,0,11,257.3
222,control,147.07,12,143.7
223,control,5.15,13,129.2
224,control,84.64,14,134.1
225,control,119.79,1,217.7
226,control,0,2,294.3
227,control,0,3,221.8
228,control,147.03,4,178.7
229,control,0,5,269.6
230,control,10.02,6,257.9
231,control,139.01,7,16.0
232,control,161.81,8,212.4
233,control,151.54,9,142.4
234,control,153.13,10,275.4
235,control,132.13,11,265.4
236,control,147.55,12,83.3
237,control,85.18,13,131.9
238,control,4.27,14,142.9
239,control,79.62,1,282.5
240,control,244.32,2,95.6
241,control,0,3,171.9
242,control,199.12,4,162.6
243,control,39.78,5,205.1
244,control,246.06,6,227.4
245,control,200.45,7,178.6
246,control,152.46,8,57.6
247,control,174.19,9,197.5
248,control,0,10,159.6
249,control,148.83,11,235.1
250,control,85.14,12,197.0
251,control,81.39,13,78.3
252,control,213.93,14,154.0
253,control,135.87,1,95.7
254,control,114.94,2,231.7
255,control,133.67,3,247.5
256,control,133.64,4,107.8
257,control,131.44,5,184.7
258,control,47.45,6,107.4
259,control,46.52,7,154.4
260,control,138.25,8,269.2
261,control,101.47,9,244.0
262,control,96.24,10,152.8
263,control,108.49,11,137.3
264,control,184.75,12,96.0
265,control,79.8,13,46.2
266,control,239.97,14,146.6
267,control,158.73,1,280.8
268,control,139.66,2,205.5
269,control,144.53,3,131.7
270,control,109.7,4,137.1
271,control,118.32,5,192.6
272,control,219.68,6,100.4
273,control,191.34,7,160.9
274,control,108.57,8,121.5
275,control,135.96,9,216.3
276,control,8.53,10,155.7
277,control,187.31,11,206.1
278,control,88.93,12,189.8
279,control,171.59,13,198.3
280,control,231.91,14,172.7
281,control,60.94,1,256.4
282,control,189.48,2,163.3
283,control,239.16,3,217.6
284,control,40.01,4,76.8
285,control,188.84,5,39.7
286,control,108.68,6,135.6
287,control,157.27,7,188.3
288,control,41.29,8,201.5
289,control,37.45,9,188.0
290,control,65.85,10,141.8
291,control,64.3,11,185.4
292,control,0,12,100.5
293,control,126.8,13,128.5
294,control,192.68,14,91.0
295,control,0,1,221.8
296,control,129.18,2,201.9
297,control,144.27,3,138.3
298,control,155.84,4,267.5
299,control,82.22,5,207.0
300,control,60.26,6,224.6
301,control,64.11,7,159.0
302,control,197.86,8,153.9
303,control,86.21,9,244.6
304,control,118.52,10,171.1
305,control,80.93,11,219.1
306,control,0,12,92.6
307,control,1.0,13,168.4
308,control,215.46,14,208.3
309,control,140.82,1,205.6
310,control,29.13,2,124.8
311,control,138.01,3,213.1
312,control,259.49,4,245.8
313,control,185.44,5,170.5
314,control,80.23,6,43.5
315,control,113.37,7,175.9
316,control,153.79,8,274.5
317,control,138.1,9,137.7
318,control,165.83,10,200.0
319,control,0,11,138.7
320,control,168.0,12,194.0
321,control,120.03,13,210.2
322,control,28.41,14,269.8
323,control,80.05,1,205.3
324,control,115.73,2,175.9
325,control,62.33,3,332.7
326,control,47.37,4,198.5
327,control,70.04,5,128.9
328,control,48.33,6,149.3
329,control,16.56,7,255.7
330,control,82.08,8,96.0
331,control,84.99,9,130.2
332,control,104.54,10,209.5
333,control,66.48,11,253.1
334,control,117.63,12,193.0
335,control,42.15,13,219.8
336,control,0,14,235.7
337,control,140.81,1,269.4
338,control,41.1,2,199.4
339,control,180.21,3,168.8
340,control,0,4,183.1
341,control,174.56,5,242.7
342,control,171.76,6,188.3
343,control,29.51,7,210.8
344,control,249.33,8,239.5
345,control,157.99,9,261.0
346,control,226.21,10,238.5
347,control,54.75,11,146.5
348,control,9.75,12,213.5
349,control,188.99,13,182.8
350,control,112.58,14,235.3
351,control,125.72,1,172.6
352,control,77.67,2,201.8
353,control,136.11,3,117.7
354,control,0,4,244.2
355,control,194.95,5,58.7
356,control,132.46,6,160.3
357,control,1.71,7,183.8
358,control,83.17,8,131.6
359,control,153.22,9,236.4
360,control,248.66,10,54.4
361,control,92.77,11,168.2
362,control,63.67,12,121.8
363,control,164.6,13,54.9
364,control,0,14,157.9
365,control,186.91,1,10
366,control,173.87,2,167.7
367,control,0,3,273.9
368,control,165.9,4,161.8
369,control,196.08,5,154.6
370,control,235.67,6,229.6
371,control,109.91,7,81.5
372,control,39.36,8,163.4
373,control,133.51,9,231.4
374,control,94.88,10,239.5
375,control,137.11,11,269.3
376,control,162.31,12,117.8
377,control,80.7,13,180.9
378,control,149.78,14,181.2
379,control,182.85,1,80.0
380,control,0,2,234.4
381,control,156.33,3,29.2
382,control,46.02,4,65.8
383,control,74.59,5,200.7
384,control,135.52,6,173.3
385,control,184.51,7,181.5
386,control,245.07,8,70.6
387,control,41.84,9,189.7
388,control,135.58,10,283.3
389,control,53.35,11,196.6
390,control,36.66,12,188.9
391,control,273.18,13,104.3
392,control,214.76,14,161.1
393,control,88.63,1,129.8
394,control,67.95,2,139.9
395,control,176.73,3,269.4
396,control,42.64,4,229.1
397,control,88.26,5,238.5
398,control,158.66,6,256.1
399,control,102.23,7,196.0
400,control,33.81,8,213.0
401,control,51.08,9,294.0
402,control,12.79,10,152.1
403,control,142.62,11,218.9
404,control,132.99,12,154.9
405,control,45.98,13,155.9
406,control,117.81,14,252.0
407,control,34.21,1,198.1
408,control,53.58,2,138.1
409,control,163.32,3,193.9
410,control,163.93,4,162.9
411,control,38.31,5,233.8
412,control,0,6,175.4
413,control,39.96,7,191.8
414,control,138.13,8,139.1
415,control,99.54,9,196.9
416,control,67.77,10,186.6
417,control,211.65,11,153.5
418,control,65.9,12,196.1
419,control,179.65,13,185.6
420,control,44.99,14,203.9
421,control,0,1,256.0
422,control,17.45,2,229.8
423,control,100.26,3,142.2
424,control,170.49,4,233.1
425,control,200.31,5,206.5
426,control,0,6,185.8
427,control,68.08,7,180.0
428,control,0,8,168.2
429,control,135.37,9,224.5
430,control,163.78,10,262.5
431,control,0,11,249.6
432,control,131.62,12,230.7
433,control,0,13,181.9
434,control,92.9,14,244.0
435,control,6.4,1,239.2
436,control,189.05,2,284.6
437,control,18.28,3,301.7
438,control,58.48,4,260.0
439,control,120.46,5,225.4
440,control,356.83,6,57.4
441,control,73.23,7,177.1
442,control,124.51,8,95.9
443,control,122.37,9,193.0
444,control,105.46,10,175.0
445,control,52.26,11,209.5
446,control,112.81,12,192.9
447,control,187.19,13,158.4
448,control,239.18,14,172.2
449,control,251.35,1,103.5
450,control,66.72,2,220.2
451,control,231.92,3,193.4
452,control,83.52,4,176.8
453,control,147.99,5,200.1
454,control,24.8,6,72.2
455,control,185.09,7,127.3
456,control,0,8,146.1
457,control,189.61,9,185.3
458,control,90.6,10,267.0
459,control,115.98,11,36.5
460,control,22.92,12,195.2
461,control,217.23,13,120.3
462,control,13.23,14,63.2
463,control,125.82,1,137.2
464,control,0,2,168.4
465,control,32.55,3,238.5
466,control,58.67,4,191.0
467,control,189.38,5,149.7
468,control,261.05,6,181.6
469,control,105.92,7,220.2
470,control,74.74,8,195.3
471,control,181.66,9,138.1
472,control,212.29,10,194.0
473,control,142.93,11,159.3
474,control,91.34,12,202.2
475,control,102.56,13,157.3
476,control,33.14,14,227.4
477,control,0,1,169.8
478,control,6.97,2,223.7
479,control,192.49,3,235.2
480,control,177.06,4,152.5
481,control,223.93,5,239.6
482,control,171.43,6,164.7
483,control,110.49,7,101.0
484,control,105.3,8,242.4
485,control,94.66,9,177.2
486,control,118.77,10,231.8
487,control,202.36,11,125.1
488,control,74.83,12,167.4
489,control,61.26,13,230.1
490,control,19.14,14,203.5
491,control,66.78,1,111.1
492,control,49.32,2,116.0
493,control,77.43,3,175.1
494,control,292.4,4,154.0
495,control,50.8,5,244.4
496,control,92.52,6,148.4
497,control,93.31,7,277.3
498,control,222.7,8,206.9
499,control,67.42,9,210.3
500,control,0,10,202.0
501,control,0,11,195.7
502,control,49.55,12,123.9
503,control,95.34,13,162.7
504,control,209.99,14,103.6
505,control,75.09,1,131.0
506,control,28.76,2,258.2
507,control,104.69,3,246.5
508,control,16.18,4,170.8
509,control,116.32,5,114.7
510,control,218.36,6,266.7
511,control,139.01,7,121.8
512,control,147.21,8,238.8
513,control,135.38,9,244.3
514,control,31.83,10,245.2
515,control,226.32,11,265.5
516,control,142.16,12,209.0
517,control,31.59,13,128.6
518,control,115.28,14,224.4
519,control,203.91,1,223.0
520,control,0,2,162.9
521,control,47.73,3,197.6
522,control,119.25,4,278.3
523,control,107.26,5,187.9
524,control,207.39,6,228.5
525,control,67.35,7,232.8
526,control,157.34,8,230.5
527,control,69.73,9,109.5
528,control,73.62,10,293.0
529,control,118.26,11,201.4
530,control,91.51,12,168.8
531,control,81.65,13,177.9
532,control,64.27,14,249.0
533,control,3.34,1,158.1
534,control,70.63,2,12.7
535,control,81.99,3,132.4
536,control,50.91,4,166.6
537,control,196.73,5,188.6
538,control,151.37,6,68.7
539,control,70.96,7,173.0
540,control,130.95,8,139.3
541,control,28.37,9,157.1
542,control,210.65,10,164.8
543,control,0,11,144.5
544,control,123.33,12,157.5
545,control,107.49,13,20.0
546,control,64.13,14,156.8
547,control,111.91,1,165.9
548,control,0,2,202.0
549,control,71.8,3,118.6
550,control,60.43,4,223.0
551,control,154.89,5,176.0
552,control,164.71,6,304.9
553,control,26.1,7,282.6
554,control,93.63,8,219.3
555,control,142.16,9,95.7
556,control,79.93,10,320.0
557,control,200.55,11,159.3
558,control,101.05,12,203.1
559,control,89.51,13,29.2
560,control,121.19,14,166.1
561,control,192.91,1,79.1
562,control,146.26,2,175.2
563,control,73.22,3,248.4
564,control,108.96,4,181.8
565,control,151.74,5,156.2
566,control,295.94,6,186.6
567,control,171.33,7,95.4
568,control,99.91,8,112.0
569,control,23.41,9,176.3
570,control,13.46,10,189.9
571,control,157.63,11,178.6
572,control,92.45,12,124.3
573,control,89.29,13,236.1
574,control,33.43,14,209.3
575,control,100.85,1,234.3
576,control,32.57,2,171.7
577,control,179.49,3,147.2
578,control,155.3,4,292.5
579,control,97.38,5,211.3
580,control,84.76,6,21.0
581,control,128.12,7,202.6
582,control,32.02,8,116.9
583,control,102.46,9,171.6
584,control,0,10,144.8
585,control,96.53,11,106.4
586,control,107.5,12,171.0
587,control,64.6,13,200.0
588,control,171.57,14,127.6
589,control,43.75,1,162.3
590,control,241.42,2,177.4
591,control,120.42,3,294.2
592,control,0,4,152.8
593,control,0,5,218.5
594,control,185.88,6,284.4
595,control,109.31,7,236.4
596,control,47.16,8,141.1
597,control,50.17,9,136.3
598,control,119.0,10,175.9
599,control,136.32,11,152.8
600,control,251.33,12,320.1
601,control,114.57,13,266.8
602,control,140.67,14,45.3
603,control,83.93,1,217.6
604,control,75.74,2,221.3
605,control,16.57,3,265.6
606,control,3.58,4,228.8
607,control,5.76,5,154.4
608,control,180.32,6,82.7
609,control,42.01,7,208.9
610,control,252.76,8,125.8
611,control,85.5,9,239.8
612,control,33.45,10,155.8
613,control,40.2,11,105.4
614,control,216.76,12,241.2
615,control,182.35,13,106.9
616,control,161.44,14,208.5
617,control,167.39,1,76.4
618,control,168.34,2,285.0
619,control,128.08,3,180.0
620,control,67.79,4,226.8
621,control,180.75,5,223.4
622,control,4.87,6,153.3
623,control,85.17,7,118.3
624,control,102.08,8,57.9
625,control,109.88,9,222.2
626,control,226.43,10,197.9
627,control,110.13,11,200.9
628,control,91.6,12,277.9
629,control,65.33,13,185.4
630,control,106.43,14,167.1
631,control,199.21,1,210.5
632,control,111.52,2,73.3
633,control,165.74,3,102.5
634,control,38.22,4,239.8
635,control,95.81,5,153.1
636,control,153.88,6,100.7
637,control,0,7,290.6
638,control,201.72,8,95.2
639,control,58.77,9,97.3
640,control,120.12,10,51.3
641,control,70.44,11,205.1
642,control,181.77,12,285.9
643,control,34.54,13,286.3
644,control,172.01,14,174.9
645,control,71.25,1,201.5
646,control,49.22,2,170.4
647,control,111.65,3,161.9
648,control,63.1,4,145.8
649,control,165.22,5,164.5
650,control,30.89,6,185.6
651,control,72.14,7,123.6
652,control,48.11,8,151.1
653,control,141.1,9,263.7
654,control,270.83,10,133.4
655,control,62.19,11,167.9
656,control,0,12,77.7
657,control,83.67,13,234.1
658,control,36.17,14,46.0
659,control,205.07,1,136.6
660,control,214.49,2,248.2
661,control,65.44,3,237.8
662,control,54.49,4,171.5
663,control,116.05,5,236.2
664,control,158.63,6,161.6
665,control,129.54,7,134.2
666,control,153.07,8,203.5
667,control,41.9,9,236.5
668,control,0,10,138.0
669,control,21.85,11,151.9
670,control,10.93,12,219.7
671,control,109.45,13,241.3
672,control,183.08,14,154.3
673,control,201.98,1,219.6
674,control,110.12,2,229.8
675,control,43.75,3,156.5
676,control,308.78,4,163.0
677,control,127.85,5,170.8
678,control,107.82,6,233.4
679,control,74.1,7,150.1
680,control,181.4,8,175.2
681,control,123.57,9,247.3
682,control,193.41,10,114.9
683,control,72.71,11,130.5
684,control,76.98,12,105.8
685,control,243.44,13,265.1
686,control,67.22,14,245.6
687,control,108.06,1,67.0
688,control,26.72,2,186.6
689,control,53.28,3,197.2
690,control,199.74,4,165.9
691,control,48.96,5,72.1
692,control,60.31,6,117.5
693,control,167.35,7,86.8
694,control,106.96,8,135.9
695,control,7.94,9,89.7
696,control,217.35,10,179.0
697,control,169.58,11,68.2
698,control,57.87,12,164.1
699,control,227.79,13,252.8
700,control,194.33,14,89.6
701,control,121.44,1,127.3
702,control,158.65,2,107.0
703,control,33.99,3,141.8
704,control,150.67,4,349.8
705,control,233.63,5,157.4
706,control,17.75,6,192.9
707,control,145.61,7,236.6
708,control,92.39,8,82.7
709,control,63.02,9,277.3
710,control,207.78,10,102.4
711,control,155.07,11,145.1
712,control,205.52,12,171.6
713,control,152.41,13,248.8
714,control,149.88,14,107.5
715,control,112.96,1,217.2
716,control,0,2,90.2
717,control,165.71,3,285.1
718,control,27.21,4,184.4
719,control,75.41,5,208.4
720,control,127.15,6,225.4
721,control,141.24,7,209.2
722,control,250.13,8,142.7
723,control,196.18,9,224.6
724,control,281.7,10,146.2
725,control,65.59,11,140.3
726,control,147.77,12,211.9
727,control,25.43,13,303.5
728,control,170.19,14,65.8
729,control,148.56,1,120.5
730,control,229.38,2,161.4
731,control,213.53,3,61.7
732,control,0,4,106.5
733,control,138.48,5,278.4
734,control,0,6,120.5
735,control,275.43,7,181.8
736,control,37.22,8,211.2
737,control,204.51,9,113.4
738,control,137.0,10,126.1
739,control,45.25,11,200.1
740,control,87.2,12,307.4
741,control,107.92,13,135.2
742,control,165.28,14,218.4
743,control,137.03,1,116.6
744,control,106.97,2,175.8
745,control,119.12,3,101.1
746,control,49.41,4,187.4
747,control,151.81,5,259.5
748,control,12.06,6,161.8
749,control,268.89,7,79.8
750,control,21.02,8,137.6
751,control,165.65,9,312.6
752,control,0,10,159.7
753,control,57.98,11,215.9
754,control,0,12,241.5
755,control,76.26,13,168.8
756,control,75.68,14,284.9
757,control,145.86,1,164.5
758,control,63.15,2,184.5
759,control,203.05,3,192.6
760,control,142.51,4,101.9
761,control,83.38,5,171.6
762,control,195.08,6,180.5
763,control,202.15,7,223.7
764,control,81.14,8,165.6
765,control,92.21,9,35.9
766,control,15.58,10,196.1
767,control,66.84,11,290.6
768,control,54.06,12,161.2
769,control,49.58,13,99.2
770,control,209.99,14,230.0
771,control,318.41,1,165.9
772,control,72.71,2,225.4
773,control,106.95,3,221.8
774,control,0,4,203.5
775,control,94.49,5,134.9
776,control,120.46,6,268.8
777,control,148.05,7,163.2
778,control,216.79,8,161.9
779,control,62.05,9,58.6
780,control,142.24,10,167.8
781,control,225.65,11,119.3
782,control,62.67,12,195.8
783,control,190.78,13,164.5
784,control,93.93,14,202.4
785,control,280.29,1,234.2
786,control,82.69,2,185.8
787,control,34.6,3,174.0
788,control,102.48,4,65.9
789,control,34.64,5,155.0
790,control,15.49,6,195.1
791,control,57.98,7,241.1
792,control,249.32,8,209.3
793,control,74.06,9,151.4
794,control,36.53,10,59.5
795,control,133.69,11,98.5
796,control,95.07,12,113.7
797,control,156.73,13,152.6
798,control,180.19,14,87.0
799,control,0,1,267.8
800,control,61.13,2,191.1
801,control,269.08,3,329.7
802,control,93.31,4,126.7
803,control,168.12,5,204.6
804,control,0,6,260.4
805,control,61.83,7,135.4
806,control,147.27,8,156.4
807,control,87.94,9,136.9
808,control,153.71,10,262.2
809,control,50.22,11,271.2
810,control,192.33,12,201.3
811,control,17.49,13,178.0
812,control,140.04,14,114.0
813,control,108.21,1,165.4
814,control,123.32,2,243.6
815,control,147.06,3,196.3
816,control,19.43,4,77.2
817,control,57.87,5,168.7
818,control,17.46,6,228.3
819,control,60.61,7,237.5
820,control,32.38,8,255.6
821,control,77.34,9,208.0
822,control,150.39,10,234.3
823,control,106.89,11,182.5
824,control,0,12,89.9
825,control,164.8,13,167.2
826,control,73.58,14,297.9
827,control,185.97,1,189.4
828,control,0,2,272.5
829,control,126.24,3,122.6
830,control,0,4,208.6
831,control,139.07,5,294.5
832,control,79.81,6,207.7
833,control,115.62,7,163.9
834,control,214.29,8,152.6
835,control,15.27,9,221.5
836,control,31.42,10,237.8
837,control,83.8,11,48.7
838,control,74.93,12,121.3
839,control,92.62,13,214.2
840,control,252.34,14,96.8
841,control,11.76,1,146.0
842,control,1.71,2,132.5
843,control,103.06,3,210.9
844,control,39.61,4,207.1
845,control,0,5,181.4
846,control,31.16,6,237.3
847,control,54.11,7,93.4
848,control,162.57,8,134.7
849,control,153.27,9,233.8
850,control,37.31,10,310.5
851,control,137.23,11,131.3
852,control,70.76,12,162.4
853,control,126.22,13,188.4
854,control,86.44,14,138.8
855,control,1.86,1,158.7
856,control,167.9,2,171.8
857,control,149.29,3,43.7
858,control,53.47,4,229.3
859,control,178.83,5,200.7
860,control,142.57,6,65.3
861,control,102.79,7,176.2
862,control,37.89,8,214.9
863,control,232.34,9,184.7
864,control,151.75,10,149.5
865,control,96.08,11,224.4
866,control,202.17,12,317.4
867,control,20.72,13,246.3
868,control,151.29,14,97.0
869,control,0,1,193.2
870,control,66.35,2,141.1
871,control,0,3,148.6
872,control,234.0,4,196.7
873,control,100.13,5,182.7
874,control,177.05,6,157.8
875,control,170.14,7,134.1
876,control,43.28,8,202.1
877,control,66.41,9,265.1
878,control,263.65,10,179.6
879,control,257.07,11,142.3
880,control,119.93,12,251.8
881,control,32.21,13,167.5
882,control,121.78,14,284.0
883,control,92.89,1,122.6
884,control,192.41,2,109.5
885,control,134.74,3,255.6
886,control,90.06,4,253.5
887,control,289.71,5,265.0
888,control,102.55,6,116.4
889,control,90.4,7,133.3
890,control,223.77,8,179.6
891,control,0,9,10
892,control,62.6,10,205.6
893,control,81.35,11,174.3
894,control,195.32,12,187.1
895,control,160.42,13,271.9
896,control,27.73,14,233.6
897,control,222.54,1,220.9
898,control,79.58,2,284.5
899,control,0,3,99.6
900,control,74.88,4,133.0
901,control,77.09,5,110.6
902,control,142.65,6,146.0
903,control,194.85,7,122.3
904,control,23.21,8,155.8
905,control,111.41,9,159.1
906,control,17.71,10,136.7
907,control,188.82,11,117.4
908,control,194.23,12,174.0
909,control,172.26,13,213.6
910,control,121.08,14,173.2
911,control,209.62,1,137.7
912,control,12.68,2,418.3
913,control,0,3,128.1
914,control,0,4,212.7
915,control,226.0,5,188.7
916,control,30.52,6,83.7
917,control,90.01,7,131.6
918,control,133.98,8,272.6
919,control,111.86,9,239.8
920,control,103.62,10,204.1
921,control,149.47,11,197.9
922,control,73.62,12,146.0
923,control,159.2,13,208.2
924,control,25.35,14,107.7
925,control,0,1,155.1
926,control,50.64,2,240.2
927,control,153.39,3,88.7
928,control,7.93,4,155.4
929,control,31.22,5,138.3
930,control,0,6,240.7
931,control,104.39,7,275.0
932,control,161.29,8,104.6
933,control,51.07,9,240.8
934,control,204.97,10,108.2
935,control,140.23,11,213.5
936,control,116.29,12,124.6
937,control,3.23,13,162.9
938,control,166.51,14,209.0
939,control,117.96,1,161.4
940,control,75.26,2,195.9
941,control,64.92,3,116.7
942,control,9.88,4,125.9
943,control,106.25,5,231.1
944,control,33.4,6,191.9
945,control,74.33,7,136.7
946,control,68.48,8,200.5
947,control,105.63,9,222.3
948,control,123.55,10,142.0
949,control,0,11,214.7
950,control,97.46,12,72.3
951,control,18.69,13,175.9
952,control,15.15,14,140.8
953,control,46.06,1,41.3
954,control,129.56,2,248.3
955,control,123.7,3,103.6
956,control,129.75,4,244.8
957,control,176.98,5,154.2
958,control,21.14,6,174.5
959,control,112.89,7,114.7
960,control,48.11,8,148.8
961,control,48.05,9,185.0
962,control,150.89,10,257.9
963,control,81.7,11,146.4
964,control,104.95,12,203.5
965,control,99.65,13,181.2
966,control,195.72,14,256.7
967,control,116.15,1,186.1
968,control,191.46,2,123.2
969,control,108.12,3,118.5
970,control,135.36,4,312.5
971,control,260.9,5,280.4
972,control,88.58,6,219.8
973,control,26.52,7,190.5
974,control,161.96,8,255.9
975,control,48.07,9,231.0
976,control,203.92,10,102.2
977,control,15.02,11,221.4
978,control,40.86,12,128.1
979,control,99.75,13,295.3
980,control,136.82,14,10
981,control,185.33,1,213.5
982,control,230.88,2,158.0
983,control,62.67,3,37.3
984,control,186.01,4,186.4
985,control,238.29,5,212.7
986,control,205.26,6,152.0
987,control,92.24,7,221.5
988,control,254.79,8,117.0
989,control,63.77,9,231.5
990,control,10.96,10,237.7
991,control,0,11,154.0
992,control,88.75,12,174.1
993,control,123.76,13,134.0
994,control,130.6,14,154.8
995,control,0,1,120.6
996,control,0,2,167.4
997,control,110.62,3,105.0
998,control,0,4,154.7
999,control,80.67,5,222.1
1000,control,90.8,6,190.6
1001,control,252.58,7,109.0
1002,control,66.43,8,168.7
1003,control,186.06,9,235.6
1004,control,115.41,10,265.4
1005,control,158.34,11,225.5
1006,control,154.16,12,72.7
1007,control,109.54,13,398.7
1008,control,209.11,14,171.2
1009,control,113.14,1,170.9
1010,control,105.14,2,282.4
1011,control,93.19,3,223.8
1012,control,83.03,4,214.6
1013,control,127.98,5,239.0
1014,control,244.91,6,146.1
1015,control,69.97,7,280.8
1016,control,31.85,8,201.1
1017,control,37.59,9,209.8
1018,control,33.97,10,193.3
1019,control,66.69,11,299.3
1020,control,217.76,12,122.0
1021,control,56.32,13,212.1
1022,control,120.1,14,145.3
1023,control,0,1,74.8
1024,control,157.04,2,200.1
1025,control,46.71,3,103.3
1026,control,35.62,4,89.2
1027,control,78.2,5,103.4
1028,control,144.35,6,132.1
1029,control,151.97,7,171.0
1030,control,28.54,8,116.7
1031,control,70.42,9,206.7
1032,control,144.39,10,110.8
1033,control,0,11,192.9
1034,control,213.05,12,110.5
1035,control,31.65,13,61.2
1036,control,174.06,14,149.5
1037,control,109.21,1,234.9
1038,control,69.84,2,233.6
1039,control,148.67,3,198.4
1040,control,98.55,4,135.6
1041,control,35.99,5,144.7
1042,control,97.74,6,144.7
1043,control,198.84,7,140.9
1044,control,6.06,8,233.4
1045,control,68.81,9,122.4
1046,control,155.16,10,186.5
1047,control,185.02,11,263.6
1048,control,170.19,12,185.9
1049,control,78.48,13,125.8
1050,control,70.39,14,139.3
1051,control,170.13,1,107.2
1052,control,43.51,2,39.7
1053,control,119.71,3,287.4
1054,control,19.7,4,197.1
1055,control,148.2,5,228.8
1056,control,219.14,6,195.0
1057,control,25.71,7,243.8
1058,control,16.95,8,200.6
1059,control,78.96,9,135.5
1060,control,30.63,10,254.7
1061,control,87.61,11,183.0
1062,control,27.36,12,157.0
1063,control,112.03,13,141.9
1064,control,130.52,14,209.8
1065,control,48.55,1,121.8
1066,control,229.43,2,85.1
1067,control,39.64,3,287.3
1068,control,134.14,4,215.3
1069,control,151.01,5,201.6
1070,control,83.63,6,197.1
1071,control,0,7,225.4
1072,control,48.45,8,257.6
1073,control,184.05,9,164.0
1074,control,95.87,10,182.3
1075,control,175.57,11,130.4
1076,control,0,12,210.8
1077,control,62.09,13,261.5
1078,control,29.56,14,171.3
1079,control,55.29,1,266.9
1080,control,23.3,2,221.2
1081,control,40.21,3,277.8
1082,control,99.26,4,230.4
1083,control,146.72,5,119.5
1084,control,87.99,6,34.2
1085,control,55.81,7,176.2
1086,control,41.48,8,171.8
1087,control,61.87,9,330.1
1088,control,169.22,10,231.5
1089,control,30.3,11,182.1
1090,control,69.41,12,250.6
1091,control,87.31,13,10
1092,control,0,14,137.0
1093,control,140.23,1,192.2
1094,control,0,2,212.4
1095,control,18.34,3,170.2
1096,control,0,4,272.6
1097,control,34.16,5,98.7
1098,control,166.13,6,240.8
1099,control,94.5,7,33.4
1100,control,197.34,8,152.3
1101,control,45.7,9,313.1
1102,control,8.68,10,107.5
1103,control,74.89,11,179.7
1104,control,171.87,12,138.6
1105,control,109.05,13,171.3
1106,control,217.38,14,230.7
1107,control,73.22,1,149.6
1108,control,98.3,2,82.3
1109,control,193.23,3,186.6
1110,control,170.2,4,208.6
1111,control,143.88,5,153.6
1112,control,23.08,6,259.4
1113,control,227.37,7,228.4
1114,control,28.25,8,245.6
1115,control,90.07,9,119.9
1116,control,200.98,10,205.7
1117,control,125.11,11,186.1
1118,control,164.91,12,269.1
1119,control,0,13,93.7
1120,control,44.66,14,259.1
1121,control,0,1,193.9
1122,control,79.61,2,148.3
1123,control,59.8,3,205.5
1124,control,156.74,4,136.7
1125,control,0,5,70.3
1126,control,21.16,6,261.7
1127,control,54.59,7,157.8
1128,control,165.6,8,200.0
1129,control,0,9,209.0
1130,control,148.62,10,195.1
1131,control,34.49,11,102.3
1132,control,186.59,12,218.6
1133,control,174.16,13,136.1
1134,control,85.61,14,229.4
1135,control,50.08,1,229.2
1136,control,14.26,2,15.9
1137,control,33.5,3,223.3
1138,control,161.26,4,109.7
1139,control,180.77,5,266.2
1140,control,113.41,6,122.0
1141,control,149.81,7,126.5
1142,control,33.98,8,145.6
1143,control,92.52,9,165.0
1144,control,229.24,10,235.6
1145,control,147.55,11,112.1
1146,control,234.36,12,234.6
1147,control,149.22,13,139.9
1148,control,110.83,14,172.8
1149,control,70.96,1,212.1
1150,control,63.16,2,93.3
1151,control,140.84,3,112.0
1152,control,61.88,4,189.0
1153,control,133.69,5,150.2
1154,control,189.65,6,138.2
1155,control,164.11,7,205.9
1156,control,70.59,8,116.9
1157,control,197.17,9,200.9
1158,control,52.2,10,221.2
1159,control,0,11,212.6
1160,control,139.43,12,149.8
1161,control,136.88,13,73.7
1162,control,0,14,228.7
1163,control,135.56,1,223.2
1164,control,175.22,2,109.8
1165,control,10.01,3,126.5
1166,control,28.35,4,145.8
1167,control,185.75,5,80.4
1168,control,164.53,6,177.1
1169,control,95.41,7,203.0
1170,control,91.6,8,111.9
1171,control,107.65,9,149.1
1172,control,93.92,10,221.2
1173,control,60.76,11,92.5
1174,control,196.93,12,200.7
1175,control,160.81,13,191.2
1176,control,121.74,14,168.3
1177,control,209.91,1,188.2
1178,control,122.56,2,133.9
1179,control,0,3,240.2
1180,control,0,4,251.2
1181,control,228.96,5,197.1
1182,control,64.8,6,139.1
1183,control,92.46,7,188.4
1184,control,138.99,8,118.1
1185,control,155.76,9,157.4
1186,control,86.38,10,204.6
1187,control,107.31,11,114.2
1188,control,166.59,12,195.8
1189,control,167.98,13,130.7
1190,control,58.07,14,169.4
1191,control,56.8,1,235.7
1192,control,288.89,2,130.5
1193,control,19.59,3,99.9
1194,control,157.94,4,251.1
1195,control,46.82,5,126.8
1196,control,67.94,6,94.8
1197,control,144.87,7,177.9
1198,control,136.98,8,243.0
1199,control,169.98,9,132.4
1200,control,100.32,10,147.1
1201,control,33.17,11,125.5
1202,control,119.82,12,63.6
1203,control,140.19,13,227.2
1204,control,223.51,14,193.3
1205,control,122.18,1,184.0
1206,control,13.36,2,271.3
1207,control,15.17,3,210.9
1208,control,20.77,4,272.0
1209,control,0,5,210.8
1210,control,86.24,6,65.4
1211,control,225.72,7,93.1
1212,control,127.35,8,278.9
1213,control,56.52,9,109.7
1214,control,0,10,194.0
1215,control,187.86,11,165.7
1216,control,66.18,12,172.6
1217,control,179.48,13,214.2
1218,control,83.3,14,131.5
1219,control,16.55,1,198.9
1220,control,135.89,2,142.8
1221,control,43.22,3,259.0
1222,control,155.42,4,237.3
1223,control,59.55,5,133.6
1224,control,163.2,6,238.3
1225,control,162.45,7,113.7
1226,control,122.14,8,115.8
1227,control,0,9,199.0
1228,control,64.71,10,227.9
1229,control,100.07,11,154.9
1230,control,134.59,12,209.9
1231,control,94.17,13,173.5
1232,control,170.28,14,165.7
1233,control,97.3,1,97.5
1234,control,115.96,2,143.2
1235,control,211.03,3,227.4
1236,control,167.85,4,269.9
1237,control,120.5,5,243.8
1238,control,85.2,6,76.1
1239,control,98.49,7,199.2
1240,control,74.08,8,164.7
1241,control,49.1,9,140.1
1242,control,89.84,10,130.0
1243,control,70.43,11,163.5
1244,control,232.27,12,50.4
1245,control,0,13,82.8
1246,control,81.8,14,260.4
1247,control,132.91,1,314.6
1248,control,7.88,2,151.1
1249,control,102.83,3,94.6
1250,control,0,4,132.9
1251,control,59.26,5,167.8
1252,control,136.35,6,125.0
1253,control,166.68,7,72.8
1254,control,206.57,8,143.2
1255,control,10.1,9,189.3
1256,control,227.81,10,152.3
1257,control,176.76,11,96.0
1258,control,235.82,12,175.0
1259,control,73.38,13,258.7
1260,control,190.41,14,199.0
1261,control,140.28,1,105.9
1262,control,16.49,2,198.9
1263,control,144.54,3,192.7
1264,control,29.42,4,156.6
1265,control,318.22,5,194.2
1266,control,104.26,6,137.7
1267,control,250.4,7,183.3
1268,control,56.24,8,257.0
1269,control,169.98,9,191.0
1270,control,189.44,10,41.5
1271,control,103.42,11,191.3
1272,control,113.16,12,326.2
1273,control,104.58,13,295.9
1274,control,96.46,14,183.2
1275,control,0,1,59.8
1276,control,58.69,2,283.1
1277,control,154.99,3,150.3
1278,control,0,4,168.9
1279,control,71.91,5,195.8
1280,control,61.0,6,152.5
1281,control,180.31,7,198.4
1282,control,142.71,8,196.6
1283,control,58.89,9,121.3
1284,control,115.22,10,213.3
1285,control,174.25,11,115.0
1286,control,108.64,12,201.2
1287,control,193.12,13,238.1
1288,control,0,14,183.6
1289,control,60.91,1,249.2
1290,control,62.68,2,192.9
1291,control,81.33,3,150.0
1292,control,24.24,4,138.5
1293,control,183.68,5,107.4
1294,control,17.31,6,77.0
1295,control,27.55,7,343.9
1296,control,79.64,8,192.7
1297,control,177.84,9,201.4
1298,control,153.58,10,210.5
1299,control,88.3,11,139.3
1300,control,228.92,12,164.3
1301,control,192.02,13,190.5
1302,control,135.78,14,165.4
1303,control,112.47,1,204.0
1304,control,128.48,2,170.9
1305,control,276.06,3,409.5
1306,control,217.68,4,166.1
1307,control,48.13,5,186.5
1308,control,144.58,6,253.6
1309,control,51.46,7,209.0
1310,control,94.88,8,129.2
1311,control,0,9,218.9
1312,control,171.71,10,275.2
1313,control,50.27,11,132.3
1314,control,29.21,12,205.9
1315,control,101.83,13,95.5
1316,control,158.68,14,70.9
1317,control,85.8,1,230.9
1318,control,134.07,2,193.7
1319,control,77.12,3,121.6
1320,control,106.17,4,233.2
1321,control,114.76,5,201.7
1322,control,207.48,6,96.0
1323,control,6.05,7,145.8
1324,control,82.42,8,183.2
1325,control,148.83,9,123.3
1326,control,10.98,10,41.0
1327,control,0,11,194.7
1328,control,80.93,12,179.1
1329,control,69.08,13,212.4
1330,control,0,14,214.4
1331,control,0,1,165.2
1332,control,7.39,2,223.8
1333,control,145.8,3,187.0
1334,control,0,4,255.6
1335,control,211.6,5,133.2
1336,control,0,6,124.7
1337,control,9.2,7,200.0
1338,control,98.87,8,290.3
1339,control,44.73,9,261.3
1340,control,0,10,220.4
1341,control,117.36,11,230.2
1342,control,108.2,12,179.3
1343,control,188.6,13,199.6
1344,control,16.08,14,45.3
1345,control,0,1,147.7
1346,control,0,2,150.6
1347,control,172.1,3,237.4
1348,control,28.94,4,166.6
1349,control,167.59,5,253.7
1350,control,126.85,6,263.1
1351,control,134.21,7,145.6
1352,control,121.97,8,186.3
1353,control,137.64,9,149.9
1354,control,0,10,307.4
1355,control,180.11,11,123.6
1356,control,140.86,12,241.6
1357,control,148.21,13,59.7
1358,control,82.51,14,208.2
1359,control,140.12,1,247.7
1360,control,188.08,2,67.4
1361,control,135.89,3,73.2
1362,control,166.25,4,202.7
1363,control,154.9,5,180.1
1364,control,62.97,6,195.1
1365,control,127.17,7,207.2
1366,control,0,8,205.2
1367,control,48.84,9,278.6
1368,control,90.69,10,248.1
1369,control,88.3,11,273.3
1370,control,232.25,12,115.8
1371,control,18.18,13,195.5
1372,control,95.14,14,237.7
1373,control,255.66,1,100.8
1374,control,98.27,2,190.0
1375,control,153.24,3,216.5
1376,control,103.91,4,163.3
1377,control,145.7,5,137.5
1378,control,174.64,6,187.4
1379,control,126.24,7,172.6
1380,control,90.03,8,231.3
1381,control,178.34,9,296.3
1382,control,109.65,10,239.5
1383,control,159.82,11,90.6
1384,control,62.56,12,173.2
1385,control,0,13,180.5
1386,control,163.89,14,105.9
1387,control,104.55,1,178.2
1388,control,87.98,2,116.6
1389,control,67.05,3,80.2
1390,control,191.83,4,290.0
1391,control,79.25,5,176.5
1392,control,155.68,6,161.0
1393,control,117.81,7,175.3
1394,control,156.33,8,81.9
1395,control,0,9,106.9
1396,control,45.92,10,97.9
1397,control,99.68,11,275.9
1398,control,10.74,12,63.3
1399,control,48.16,13,234.4
1400,control,88.56,14,193.1
1401,control,0,1,256.7
1402,control,54.01,2,191.0
1403,control,49.94,3,232.9
1404,control,0,4,182.8
1405,control,0,5,263.6
1406,control,72.58,6,172.0
1407,control,152.46,7,146.8
1408,control,41.87,8,130.8
1409,control,132.63,9,201.2
1410,control,241.18,10,105.1
1411,control,30.96,11,104.1
1412,control,1.74,12,253.2
1413,control,0,13,208.0
1414,control,133.97,14,266.9
1415,control,114.96,1,53.9
1416,control,60.59,2,201.7
1417,control,0,3,135.8
1418,control,161.67,4,164.2
1419,control,83.77,5,151.0
1420,control,174.04,6,240.6
1421,control,4.54,7,123.8
1422,control,250.34,8,26.3
1423,control,138.06,9,39.1
1424,control,192.04,10,231.5
1425,control,77.58,11,122.6
1426,control,36.6,12,147.5
1427,control,77.95,13,90.9
1428,control,138.68,14,34.4
1429,control,0,1,134.2
1430,control,332.02,2,152.6
1431,control,74.0,3,269.8
1432,control,126.46,4,216.1
1433,control,172.5,5,284.1
1434,control,37.6,6,95.6
1435,control,150.67,7,95.0
1436,control,149.61,8,172.1
1437,control,186.72,9,226.0
1438,control,244.06,10,203.0
1439,control,47.85,11,144.2
1440,control,285.16,12,154.2
1441,control,117.58,13,199.8
1442,control,0,14,179.6
1443,control,92.44,1,201.7
1444,control,104.43,2,159.7
1445,control,139.96,3,87.1
1446,control,207.66,4,178.0
1447,control,152.28,5,197.1
1448,control,90.41,6,180.9
1449,control,16.03,7,180.3
1450,control,224.81,8,168.7
1451,control,141.84,9,264.8
1452,control,197.02,10,236.2
1453,control,122.74,11,101.4
1454,control,107.87,12,171.0
1455,control,187.5,13,195.1
1456,control,127.71,14,183.1
1457,control,73.69,1,145.0
1458,control,143.8,2,179.7
1459,control,104.7,3,166.9
1460,control,49.61,4,188.8
1461,control,151.68,5,194.1
1462,control,68.61,6,210.3
1463,control,0,7,97.1
1464,control,153.42,8,100.4
1465,control,36.06,9,175.3
1466,control,92.85,10,183.3
1467,control,15.78,11,231.0
1468,control,32.9,12,170.9
1469,control,178.55,13,161.1
1470,control,87.96,14,290.5
1471,control,180.12,1,240.3
1472,control,128.86,2,145.8
1473,control,54.48,3,216.7
1474,control,190.86,4,206.9
1475,control,95.71,5,117.8
1476,control,193.69,6,168.3
1477,control,0,7,193.8
1478,control,173.22,8,192.3
1479,control,87.65,9,233.3
1480,control,199.6,10,245.8
1481,control,91.75,11,263.9
1482,control,253.35,12,193.6
1483,control,37.2,13,204.7
1484,control,139.81,14,241.9
1485,control,56.39,1,193.9
1486,control,150.2,2,171.0
1487,control,195.06,3,171.2
1488,control,326.14,4,174.4
1489,control,114.94,5,130.9
1490,control,45.66,6,144.7
1491,control,94.09,7,170.4
1492,control,51.86,8,237.8
1493,control,251.57,9,157.8
1494,control,52.39,10,242.8
1495,control,136.03,11,258.8
1496,control,222.6,12,163.3
1497,control,182.25,13,105.6
1498,control,220.89,14,169.2
1499,control,241.17,1,199.6
1500,control,134.59,2,132.3
1501,control,0,3,100.0
1502,control,131.44,4,149.2
1503,control,210.58,5,125.3
1504,control,157.03,6,167.8
1505,control,138.57,7,151.7
1506,control,71.59,8,186.8
1507,control,0,9,161.2
1508,control,10.05,10,211.0
1509,control,157.95,11,102.6
1510,control,83.0,12,226.2
1511,control,70.53,13,151.3
1512,control,47.81,14,198.5
1513,control,182.62,1,82.8
1514,control,118.7,2,141.4
1515,control,127.89,3,290.5
1516,control,147.26,4,152.1
1517,control,137.67,5,178.8
1518,control,35.66,6,111.6
1519,control,89.76,7,106.5
1520,control,182.59,8,52.0
1521,control,179.18,9,127.4
1522,control,120.33,10,102.4
1523,control,118.72,11,187.8
1524,control,170.37,12,172.3
1525,control,332.93,13,180.3
1526,control,116.44,14,160.4
1527,control,5.42,1,253.8
1528,control,0,2,104.9
1529,control,0,3,135.8
1530,control,122.41,4,230.1
1531,control,235.39,5,249.3
1532,control,96.31,6,134.6
1533,control,47.84,7,244.5
1534,control,130.92,8,130.5
1535,control,58.91,9,39.1
1536,control,145.28,10,181.6
1537,control,90.4,11,205.9
1538,control,86.01,12,122.7
1539,control,124.0,13,210.3
1540,control,68.84,14,154.3
1541,control,100.15,1,202.6
1542,control,121.35,2,99.4
1543,control,111.91,3,190.6
1544,control,0,4,212.3
1545,control,0,5,215.6
1546,control,0,6,272.2
1547,control,0,7,253.2
1548,control,129.4,8,228.0
1549,control,0,9,140.5
1550,control,232.73,10,265.6
1551,control,71.77,11,168.7
1552,control,0,12,253.1
1553,control,6.36,13,131.7
1554,control,186.98,14,159.0
1555,control,180.12,1,191.7
1556,control,78.93,2,89.6
1557,control,112.89,3,133.1
1558,control,188.59,4,117.9
1559,control,243.83,5,139.1
1560,control,129.83,6,160.9
1561,control,90.96,7,234.2
1562,control,51.88,8,148.4
1563,control,160.32,9,285.2
1564,control,85.24,10,190.7
1565,control,58.56,11,108.2
1566,control,64.93,12,108.5
1567,control,162.98,13,221.1
1568,control,137.31,14,137.4
1569,control,191.34,1,129.7
1570,control,79.88,2,213.9
1571,control,5.7,3,138.6
1572,control,3.8,4,57.8
1573,control,21.62,5,254.2
1574,control,106.45,6,235.3
1575,control,273.07,7,125.5
1576,control,86.64,8,146.0
1577,control,182.27,9,202.5
1578,control,18.67,10,166.6
1579,control,13.76,11,134.5
1580,control,203.65,12,182.9
1581,control,170.88,13,300.8
1582,control,143.27,14,169.6
1583,control,0,1,224.6
1584,control,50.88,2,125.7
1585,control,13.88,3,168.3
1586,control,205.21,4,204.9
1587,control,1.67,5,187.5
1588,control,58.42,6,241.0
1589,control,98.15,7,211.2
1590,control,65.1,8,100.6
1591,control,101.58,9,270.4
1592,control,134.36,10,112.0
1593,control,48.59,11,118.0
1594,control,61.0,12,98.5
1595,control,104.87,13,213.9
1596,control,87.66,14,147.6
1597,control,30.57,1,109.8
1598,control,178.15,2,181.6
1599,control,107.7,3,187.8
1600,control,227.39,4,286.6
1601,control,109.87,5,62.5
1602,control,90.05,6,221.1
1603,control,198.37,7,100.8
1604,control,61.65,8,257.2
1605,control,44.69,9,236.5
1606,control,141.86,10,177.5
1607,control,112.8,11,108.4
1608,control,122.39,12,73.9
1609,control,45.77,13,181.3
1610,control,9.54,14,239.9
1611,control,35.02,1,164.2
1612,control,165.77,2,199.3
1613,control,87.83,3,148.7
1614,control,123.2,4,198.1
1615,control,192.43,5,108.9
1616,control,101.93,6,136.3
1617,control,106.88,7,378.5
1618,control,0,8,347.0
1619,control,219.18,9,242.2
1620,control,116.55,10,219.8
1621,control,228.0,11,118.2
1622,control,0,12,159.0
1623,control,56.26,13,107.0
1624,control,156.25,14,104.5
1625,control,142.48,1,187.0
1626,control,63.17,2,192.5
1627,control,7.2,3,112.0
1628,control,90.56,4,288.3
1629,control,280.22,5,118.1
1630,control,148.43,6,165.9
1631,control,161.73,7,152.4
1632,control,0,8,144.0
1633,control,0,9,65.7
1634,control,21.05,10,246.3
1635,control,109.22,11,227.4
1636,control,105.18,12,178.1
1637,control,66.07,13,275.7
1638,control,47.25,14,179.0
1639,control,358.12,1,256.3
1640,control,122.03,2,168.3
1641,control,139.88,3,177.1
1642,control,150.7,4,136.6
1643,control,11.55,5,151.6
1644,control,80.2,6,228.8
1645,control,171.88,7,89.5
1646,control,187.79,8,236.5
1647,control,103.27,9,130.5
1648,control,95.67,10,220.6
1649,control,50.05,11,187.8
1650,control,84.52,12,182.7
1651,control,64.24,13,185.0
1652,control,63.64,14,210.9
1653,control,99.49,1,244.3
1654,control,80.29,2,274.4
1655,control,140.27,3,279.1
1656,control,120.06,4,159.4
1657,control,40.66,5,166.6
1658,control,103.06,6,198.9
1659,control,243.59,7,290.3
1660,control,50.95,8,175.7
1661,control,157.0,9,47.5
1662,control,55.37,10,179.9
1663,control,0,11,184.1
1664,control,36.05,12,174.6
1665,control,0,13,217.1
1666,control,180.09,14,183.6
1667,control,75.41,1,66.5
1668,control,99.51,2,83.3
1669,control,188.65,3,204.0
1670,control,186.52,4,230.1
1671,control,128.28,5,292.4
1672,control,0,6,128.7
1673,control,43.16,7,160.3
1674,control,72.27,8,186.1
1675,control,59.55,9,156.4
1676,control,173.94,10,118.2
1677,control,110.23,11,142.9
1678,control,206.67,12,258.0
1679,control,94.9,13,257.2
1680,control,178.45,14,10
1681,control,0,1,157.1
1682,control,251.62,2,182.9
1683,control,170.99,3,204.8
1684,control,176.96,4,152.4
1685,control,142.28,5,144.4
1686,control,108.86,6,222.6
1687,control,46.5,7,168.5
1688,control,292.39,8,99.8
1689,control,105.02,9,217.2
1690,control,94.82,10,112.1
1691,control,172.81,11,130.7
1692,control,0,12,161.5
1693,control,29.37,13,108.7
1694,control,155.88,14,163.5
1695,control,46.9,1,39.1
1696,control,139.74,2,240.0
1697,control,148.67,3,283.3
1698,control,92.12,4,154.1
1699,control,74.83,5,196.6
1700,control,153.58,6,226.2
1701,control,0,7,153.8
1702,control,74.63,8,174.0
1703,control,219.59,9,294.0
1704,control,107.05,10,87.6
1705,control,69.66,11,203.6
1706,control,62.8,12,201.8
1707,control,30.24,13,238.6
1708,control,0,14,158.1
1709,control,67.24,1,195.7
1710,control,58.55,2,245.5
1711,control,143.14,3,139.0
1712,control,124.49,4,133.0
1713,control,0,5,254.6
1714,control,151.76,6,184.1
1715,control,101.9,7,102.2
1716,control,167.99,8,194.9
1717,control,126.48,9,276.0
1718,control,120.6,10,236.4
1719,control,95.79,11,228.4
1720,control,106.62,12,207.0
1721,control,108.51,13,182.0
1722,control,209.17,14,195.9
1723,control,0,1,236.7
1724,control,42.21,2,181.6
1725,control,190.46,3,183.9
1726,control,156.21,4,215.0
1727,control,225.18,5,247.8
1728,control,89.88,6,129.1
1729,control,138.19,7,179.1
1730,control,156.01,8,229.0
1731,control,0,9,115.1
1732,control,243.37,10,114.9
1733,control,119.93,11,126.8
1734,control,152.78,12,199.8
1735,control,116.99,13,150.4
1736,control,52.66,14,134.8
1737,control,28.53,1,177.3
1738,control,161.4,2,206.2
1739,control,87.29,3,205.4
1740,control,153.86,4,252.6
1741,control,56.87,5,210.4
1742,control,138.57,6,274.4
1743,control,88.11,7,259.5
1744,control,173.97,8,198.4
1745,control,115.38,9,204.9
1746,control,95.14,10,162.4
1747,control,80.37,11,201.9
1748,control,135.42,12,199.4
1749,control,158.72,13,367.8
1750,control,159.57,14,169.1
1751,control,16.9,1,143.8
1752,control,155.05,2,190.8
1753,control,60.71,3,112.5
1754,control,76.57,4,124.1
1755,control,53.3,5,215.2
1756,control,66.15,6,244.7
1757,control,0,7,241.7
1758,control,123.26,8,156.1
1759,control,189.83,9,352.8
1760,control,85.6,10,203.5
1761,control,51.28,11,184.2
1762,control,61.02,12,205.4
1763,control,103.4,13,71.6
1764,control,143.53,14,175.1
1765,control,38.31,1,159.3
1766,control,134.75,2,154.8
1767,control,144.58,3,278.3
1768,control,219.1,4,14.7
1769,control,282.02,5,121.7
1770,control,196.01,6,200.4
1771,control,11.07,7,231.5
1772,control,252.53,8,177.4
1773,control,139.02,9,154.3
1774,control,170.32,10,250.7
1775,control,99.21,11,245.9
1776,control,174.61,12,265.1
1777,control,167.87,13,204.1
1778,control,94.24,14,240.8
1779,control,156.31,1,199.3
1780,control,175.41,2,132.8
1781,control,64.73,3,190.1
1782,control,103.95,4,54.0
1783,control,24.31,5,174.1
1784,control,12.76,6,223.8
1785,control,0,7,256.2
1786,control,47.15,8,202.9
1787,control,0,9,228.0
1788,control,198.8,10,162.6
1789,control,203.56,11,130.4
1790,control,152.85,12,136.6
1791,control,0,13,225.7
1792,control,80.1,14,170.2
1793,control,42.8,1,204.9
1794,control,210.2,2,167.5
1795,control,79.55,3,265.4
1796,control,115.64,4,119.6
1797,control,93.29,5,108.5
1798,control,141.41,6,216.2
1799,control,170.19,7,207.7
1800,control,120.27,8,245.9
1801,control,162.35,9,85.9
1802,control,108.79,10,212.9
1803,control,195.3,11,232.4
1804,control,122.32,12,130.9
1805,control,271.68,13,168.6
1806,control,198.41,14,153.8
1807,control,80.84,1,206.7
1808,control,63.11,2,122.3
1809,control,211.77,3,139.6
1810,control,13.0,4,175.0
1811,control,0,5,31.0
1812,control,169.73,6,339.8
1813,control,75.31,7,130.3
1814,control,0,8,162.7
1815,control,198.2,9,188.3
1816,control,179.38,10,160.2
1817,control,70.44,11,162.6
1818,control,245.58,12,201.2
1819,control,132.66,13,229.4
1820,control,119.72,14,66.5
1821,control,201.44,1,111.0
1822,control,37.07,2,212.1
1823,control,29.7,3,202.3
1824,control,92.03,4,248.3
1825,control,13.82,5,278.9
1826,control,322.5,6,157.2
1827,control,92.69,7,209.9
1828,control,266.52,8,177.7
1829,control,85.48,9,214.7
1830,control,165.45,10,268.4
1831,control,115.24,11,215.7
1832,control,335.5,12,204.3
1833,control,163.21,13,56.0
1834,control,3.14,14,252.7
1835,control,186.79,1,290.2
1836,control,111.46,2,185.2
1837,control,194.21,3,200.9
1838,control,202.31,4,94.6
1839,control,120.4,5,180.4
1840,control,184.81,6,126.7
1841,control,0,7,226.3
1842,control,0,8,228.2
1843,control,181.86,9,179.7
1844,control,207.09,10,270.5
1845,control,112.86,11,195.4
1846,control,27.34,12,170.1
1847,control,120.89,13,245.1
1848,control,0,14,193.4
1849,control,93.68,1,236.0
1850,control,168.06,2,299.5
1851,control,10.43,3,305.9
1852,control,199.05,4,221.6
1853,control,34.72,5,271.1
1854,control,81.26,6,155.3
1855,control,0,7,198.1
1856,control,57.31,8,227.5
1857,control,171.65,9,138.8
1858,control,50.5,10,230.5
1859,control,100.64,11,97.6
1860,control,9.47,12,184.1
1861,control,64.16,13,192.5
1862,control,97.25,14,122.3
1863,control,173.66,1,121.7
1864,control,140.16,2,140.4
1865,control,150.62,3,223.2
1866,control,138.02,4,215.8
1867,control,165.6,5,180.2
1868,control,0,6,188.9
1869,control,228.5,7,166.5
1870,control,82.88,8,123.6
1871,control,14.9,9,119.6
1872,control,240.89,10,177.0
1873,control,198.28,11,233.5
1874,control,143.64,12,195.6
1875,control,0,13,101.2
1876,control,144.19,14,150.7
1877,control,49.15,1,128.7
1878,control,87.0,2,269.0
1879,control,141.23,3,218.4
1880,control,221.76,4,268.8
1881,control,234.66,5,260.2
1882,control,154.63,6,378.1
1883,control,98.25,7,122.7
1884,control,220.74,8,122.1
1885,control,113.33,9,206.8
1886,control,72.71,10,226.7
1887,control,77.99,11,77.4
1888,control,111.44,12,121.2
1889,control,118.51,13,117.1
1890,control,150.83,14,190.4
1891,control,14.74,1,177.2
1892,control,73.95,2,208.4
1893,control,0,3,251.0
1894,control,0,4,134.0
1895,control,147.54,5,180.6
1896,control,177.68,6,183.2
1897,control,59.3,7,104.2
1898,control,142.96,8,127.3
1899,control,40.09,9,161.9
1900,control,0,10,202.8
1901,control,31.99,11,120.7
1902,control,85.69,12,163.8
1903,control,120.95,13,155.0
1904,control,161.97,14,112.0
1905,control,13.77,1,258.3
1906,control,46.46,2,211.2
1907,control,91.74,3,243.3
1908,control,13.89,4,170.1
1909,control,18.97,5,118.3
1910,control,97.77,6,145.9
1911,control,30.91,7,96.9
1912,control,90.7,8,207.0
1913,control,82.38,9,205.3
1914,control,161.67,10,201.4
1915,control,10.23,11,184.2
1916,control,89.44,12,151.3
1917,control,171.47,13,224.8
1918,control,201.36,14,180.1
1919,control,268.2,1,238.0
1920,control,225.0,2,254.1
1921,control,0,3,246.3
1922,control,62.94,4,148.4
1923,control,218.55,5,230.4
1924,control,140.1,6,165.8
1925,control,183.18,7,173.2
1926,control,89.46,8,95.3
1927,control,210.16,9,149.0
1928,control,0,10,194.2
1929,control,141.85,11,148.2
1930,control,252.6,12,143.2
1931,control,193.44,13,236.4
1932,control,170.08,14,184.6
1933,control,44.18,1,143.2
1934,control,100.39,2,76.8
1935,control,156.53,3,243.6
1936,control,48.26,4,229.2
1937,control,195.97,5,190.8
1938,control,178.95,6,111.2
1939,control,26.39,7,36.6
1940,control,66.56,8,238.7
1941,control,82.44,9,175.3
1942,control,119.55,10,252.0
1943,control,164.8,11,159.4
1944,control,189.43,12,112.2
1945,control,114.17,13,168.9
1946,control,32.03,14,163.7
1947,control,135.53,1,150.9
1948,control,116.26,2,205.1
1949,control,26.05,3,193.2
1950,control,209.77,4,198.5
1951,control,0,5,71.8
1952,control,87.88,6,50.0
1953,control,156.14,7,169.5
1954,control,96.61,8,200.0
1955,control,120.94,9,222.6
1956,control,44.11,10,339.6
1957,control,113.95,11,129.5
1958,control,147.96,12,165.4
1959,control,0,13,172.8
1960,control,23.05,14,192.6
1961,control,198.32,1,61.2
1962,control,125.84,2,112.3
1963,control,118.39,3,179.4
1964,control,80.71,4,173.7
1965,control,140.4,5,261.4
1966,control,0,6,153.1
1967,control,58.17,7,171.7
1968,control,48.88,8,84.3
1969,control,85.45,9,241.0
1970,control,80.17,10,197.8
1971,control,18.45,11,111.9
1972,control,23.08,12,197.6
1973,control,181.14,13,264.0
1974,control,106.97,14,172.5
1975,control,41.22,1,84.1
1976,control,94.34,2,333.7
1977,control,221.33,3,190.7
1978,control,0,4,177.2
1979,control,120.31,5,192.9
1980,control,0,6,175.6
1981,control,234.98,7,148.0
1982,control,9.15,8,154.1
1983,control,288.99,9,156.8
1984,control,322.69,10,149.2
1985,control,31.4,11,173.2
1986,control,19.47,12,30.5
1987,control,95.81,13,204.5
1988,control,68.38,14,115.7
1989,control,69.81,1,212.1
1990,control,69.89,2,150.1
1991,control,72.59,3,106.0
1992,control,103.72,4,142.5
1993,control,56.38,5,234.9
1994,control,89.74,6,209.4
1995,control,151.17,7,77.4
1996,control,152.41,8,165.9
1997,control,148.73,9,157.7
1998,control,198.4,10,188.7
1999,control,63.88,11,158.9
2000,control,25.09,12,156.7
2001,control,76.16,13,159.9
2002,control,116.23,14,278.5
2003,control,0,1,196.9
2004,control,55.99,2,202.7
2005,control,48.15,3,221.8
2006,control,129.76,4,177.7
2007,control,199.64,5,172.1
2008,control,0,6,100.8
2009,control,162.88,7,204.1
2010,control,67.15,8,274.6
2011,control,67.72,9,123.0
2012,control,214.34,10,191.2
2013,control,177.38,11,307.2
2014,control,84.13,12,148.7
2015,control,91.02,13,230.1
2016,control,0,14,237.4
2017,control,0,1,272.5
2018,control,264.9,2,117.1
2019,control,74.83,3,128.6
2020,control,198.59,4,290.4
2021,control,0,5,262.9
2022,control,0,6,227.4
2023,control,59.7,7,137.4
2024,control,127.08,8,135.0
2025,control,75.3,9,105.3
2026,control,107.99,10,151.9
2027,control,0,11,140.9
2028,control,144.45,12,173.7
2029,control,125.04,13,64.4
2030,control,56.44,14,136.1
2031,control,100.79,1,227.5
2032,control,55.75,2,197.1
2033,control,282.64,3,145.0
2034,control,60.42,4,190.7
2035,control,0,5,226.9
2036,control,0,6,86.6
2037,control,274.53,7,230.0
2038,control,91.12,8,192.3
2039,control,116.31,9,250.2
2040,control,87.71,10,35.5
2041,control,0,11,217.2
2042,control,56.71,12,212.4
2043,control,54.21,13,122.5
2044,control,119.8,14,102.8
2045,control,138.41,1,138.3
2046,control,216.61,2,79.6
2047,control,178.05,3,174.8
2048,control,149.72,4,305.9
2049,control,313.02,5,191.3
2050,control,45.09,6,224.7
2051,control,31.79,7,177.7
2052,control,72.38,8,149.6
2053,control,104.13,9,236.3
2054,control,167.61,10,247.3
2055,control,272.6,11,32.0
2056,control,137.27,12,189.7
2057,control,0,13,294.3
2058,control,232.33,14,166.1
2059,control,132.22,1,168.4
2060,control,44.06,2,127.3
2061,control,217.7,3,135.1
2062,control,99.98,4,187.4
2063,control,184.8,5,271.7
2064,control,185.68,6,177.1
2065,control,20.45,7,244.1
2066,control,160.06,8,180.2
2067,control,151.76,9,189.7
2068,control,25.56,10,214.1
2069,control,72.49,11,181.0
2070,control,42.11,12,226.4
2071,control,248.81,13,185.8
2072,control,76.66,14,218.0
2073,control,251.88,1,214.9
2074,control,27.51,2,111.5
2075,control,143.88,3,225.8
2076,control,105.55,4,337.0
2077,control,108.81,5,127.5
2078,control,69.81,6,115.3
2079,control,0,7,185.3
2080,control,24.26,8,161.2
2081,control,95.07,9,176.7
2082,control,91.76,10,271.6
2083,control,170.05,11,211.0
2084,control,51.78,12,232.4
2085,control,60.17,13,324.8
2086,control,135.82,14,203.4
2087,control,52.23,1,118.6
2088,control,0,2,326.1
2089,control,193.88,3,134.9
2090,control,54.37,4,239.2
2091,control,310.75,5,140.9
2092,control,0,6,96.4
2093,control,177.67,7,179.4
2094,control,213.77,8,181.2
2095,control,190.15,9,147.0
2096,control,225.13,10,217.3
2097,control,38.58,11,234.1
2098,control,87.97,12,155.4
2099,control,182.09,13,210.5
2100,control,152.18,14,308.3
2101,control,37.1,1,204.4
2102,control,119.36,2,249.1
2103,control,160.22,3,169.7
2104,control,101.88,4,84.0
2105,control,172.22,5,205.6
2106,control,240.77,6,113.5
2107,control,238.01,7,208.6
2108,control,106.7,8,175.5
2109,control,162.75,9,166.1
2110,control,5.16,10,58.2
2111,control,121.75,11,93.9
2112,control,121.78,12,168.1
2113,control,1.5,13,169.4
2114,control,0,14,219.5
2115,control,234.25,1,47.7
2116,control,204.21,2,34.4
2117,control,79.18,3,134.3
2118,control,163.49,4,192.4
2119,control,97.73,5,111.0
2120,control,120.1,6,166.9
2121,control,136.91,7,182.0
2122,control,209.68,8,113.7
2123,control,0,9,197.0
2124,control,80.31,10,148.6
2125,control,187.99,11,149.3
2126,control,19.18,12,119.4
2127,control,3.02,13,93.3
2128,control,113.55,14,216.5
2129,control,49.22,1,202.4
2130,control,101.28,2,264.1
2131,control,147.94,3,252.5
2132,control,48.21,4,161.9
2133,control,175.59,5,187.1
2134,control,98.51,6,196.4
2135,control,148.02,7,297.1
2136,control,146.35,8,94.0
2137,control,243.69,9,289.0
2138,control,65.93,10,217.9
2139,control,0,11,201.9
2140,control,117.61,12,237.4
2141,control,60.58,13,219.0
2142,control,7.28,14,71.4
2143,control,157.71,1,175.0
2144,control,126.57,2,180.3
2145,control,45.88,3,207.5
2146,control,98.37,4,127.2
2147,control,142.0,5,250.6
2148,control,120.27,6,101.4
2149,control,80.43,7,185.4
2150,control,53.51,8,258.8
2151,control,183.1,9,200.3
2152,control,42.47,10,205.7
2153,control,183.8,11,174.6
2154,control,64.61,12,247.0
2155,control,72.02,13,123.3
2156,control,0,14,139.3
2157,control,67.96,1,40.0
2158,control,0,2,103.4
2159,control,178.49,3,214.0
2160,control,23.99,4,97.4
2161,control,220.96,5,135.4
2162,control,140.9,6,148.3
2163,control,42.67,7,56.3
2164,control,171.58,8,212.0
2165,control,21.31,9,234.9
2166,control,174.3,10,91.9
2167,control,165.7,11,96.9
2168,control,239.35,12,117.5
2169,control,127.99,13,158.2
2170,control,129.11,14,154.8
2171,control,121.5,1,168.9
2172,control,135.55,2,243.4
2173,control,32.66,3,140.4
2174,control,82.68,4,129.0
2175,control,87.17,5,120.3
2176,control,0,6,290.8
2177,control,60.92,7,207.8
2178,control,124.39,8,180.3
2179,control,180.72,9,217.8
2180,control,18.68,10,149.1
2181,control,128.19,11,134.0
2182,control,46.19,12,301.4
2183,control,8.87,13,160.6
2184,control,114.35,14,198.4
2185,control,130.99,1,215.4
2186,control,94.57,2,164.5
2187,control,185.03,3,232.0
2188,control,130.55,4,150.3
2189,control,259.87,5,299.8
2190,control,117.22,6,231.5
2191,control,119.51,7,133.5
2192,control,187.48,8,51.6
2193,control,8.04,9,225.3
2194,control,37.78,10,132.2
2195,control,30.44,11,96.8
2196,control,162.12,12,143.2
2197,control,110.21,13,168.2
2198,control,176.2,14,161.2
2199,control,93.23,1,252.8
2200,control,122.92,2,277.1
2201,control,71.99,3,225.2
2202,control,67.3,4,177.6
2203,control,91.31,5,124.6
2204,control,0,6,341.0
2205,control,153.67,7,176.0
2206,control,247.63,8,279.7
2207,control,227.44,9,148.5
2208,control,103.37,10,172.4
2209,control,0,11,179.4
2210,control,197.56,12,298.8
2211,control,100.06,13,171.8
2212,control,66.81,14,159.7
2213,control,94.33,1,192.2
2214,control,0,2,169.1
2215,control,140.08,3,224.0
2216,control,0,4,324.1
2217,control,74.39,5,160.7
2218,control,126.88,6,122.9
2219,control,49.57,7,140.5
2220,control,2.52,8,102.8
2221,control,119.18,9,237.6
2222,control,124.58,10,159.0
2223,control,82.83,11,132.1
2224,control,145.12,12,224.8
2225,control,121.55,13,190.9
2226,control,101.75,14,209.7
2227,control,64.38,1,218.3
2228,control,196.23,2,154.8
2229,control,147.59,3,168.9
2230,control,198.11,4,127.5
2231,control,194.98,5,228.3
2232,control,131.58,6,58.8
2233,control,64.86,7,173.6
2234,control,127.52,8,343.0
2235,control,153.93,9,198.1
2236,control,77.72,10,141.7
2237,control,69.88,11,139.2
2238,control,90.98,12,200.6
2239,control,195.79,13,196.0
2240,control,186.89,14,131.8
2241,control,129.96,1,146.8
2242,control,0,2,219.9
2243,control,0,3,218.2
2244,control,68.2,4,205.8
2245,control,11.48,5,203.7
2246,control,191.5,6,63.1
2247,control,128.23,7,202.0
2248,control,102.81,8,385.7
2249,control,58.19,9,157.8
2250,control,59.41,10,110.3
2251,control,106.83,11,385.9
2252,control,72.38,12,209.3
2253,control,110.8,13,110.4
2254,control,160.02,14,116.4
2255,control,210.3,1,128.3
2256,control,0,2,166.4
2257,control,20.51,3,125.0
2258,control,0,4,171.1
2259,control,84.76,5,158.4
2260,control,174.75,6,218.9
2261,control,62.16,7,185.2
2262,control,0,8,97.5
2263,control,47.38,9,116.0
2264,control,185.51,10,189.2
2265,control,124.87,11,17.7
2266,control,158.35,12,173.7
2267,control,143.55,13,219.5
2268,control,142.88,14,262.5
2269,control,181.79,1,223.9
2270,control,4.63,2,100.6
2271,control,68.37,3,206.3
2272,control,199.97,4,208.3
2273,control,135.33,5,250.6
2274,control,89.0,6,111.8
2275,control,17.7,7,134.2
2276,control,212.4,8,188.4
2277,control,139.56,9,123.5
2278,control,0,10,155.8
2279,control,205.1,11,229.1
2280,control,225.9,12,208.5
2281,control,187.43,13,134.1
2282,control,0,14,241.8
2283,control,136.61,1,212.2
2284,control,184.8,2,129.3
2285,control,34.21,3,242.3
2286,control,0,4,232.6
2287,control,94.77,5,112.8
2288,control,185.02,6,236.5
2289,control,31.08,7,249.7
2290,control,60.98,8,211.6
2291,control,98.28,9,195.5
2292,control,150.71,10,256.4
2293,control,0,11,174.8
2294,control,91.31,12,163.9
2295,control,72.09,13,173.3
2296,control,167.29,14,93.1
2297,control,148.94,1,138.9
2298,control,128.31,2,196.8
2299,control,55.27,3,212.4
2300,control,136.48,4,150.2
2301,control,131.89,5,216.0
2302,control,33.9,6,232.2
2303,control,100.91,7,190.2
2304,control,0,8,251.6
2305,control,80.03,9,180.5
2306,control,48.15,10,260.1
2307,control,289.58,11,144.6
2308,control,100.48,12,157.7
2309,control,0,13,128.0
2310,control,50.48,14,139.5
2311,control,59.26,1,157.0
2312,control,38.03,2,238.7
2313,control,234.13,3,131.5
2314,control,126.56,4,112.4
2315,control,187.69,5,196.0
2316,control,95.27,6,229.4
2317,control,88.89,7,78.8
2318,control,67.93,8,122.0
2319,control,89.44,9,145.7
2320,control,154.02,10,156.1
2321,control,22.67,11,134.4
2322,control,0,12,262.4
2323,control,0,13,291.5
2324,control,71.29,14,205.4
2325,control,14.26,1,82.7
2326,control,70.34,2,304.5
2327,control,216.38,3,111.3
2328,control,13.5,4,216.2
2329,control,103.6,5,207.4
2330,control,0,6,189.0
2331,control,139.42,7,316.1
2332,control,0,8,152.9
2333,control,0,9,279.5
2334,control,79.61,10,299.6
2335,control,0,11,142.7
2336,control,117.95,12,219.7
2337,control,207.4,13,223.1
2338,control,133.7,14,198.6
2339,control,175.73,1,190.8
2340,control,148.72,2,210.9
2341,control,81.95,3,185.1
2342,control,117.32,4,279.6
2343,control,162.59,5,260.6
2344,control,142.82,6,221.2
2345,control,49.4,7,118.5
2346,control,50.3,8,207.2
2347,control,90.71,9,46.9
2348,control,12.26,10,129.9
2349,control,63.81,11,225.0
2350,control,38.7,12,240.1
2351,control,116.1,13,175.0
2352,control,202.96,14,168.9
2353,control,181.54,1,264.7
2354,control,73.33,2,176.9
2355,control,36.63,3,169.1
2356,control,60.88,4,217.7
2357,control,78.82,5,132.4
2358,control,29.38,6,180.1
2359,control,138.04,7,184.7
2360,control,202.2,8,178.9
2361,control,0,9,191.3
2362,control,32.59,10,302.1
2363,control,0,11,213.3
2364,control,124.7,12,16.4
2365,control,12.13,13,199.8
2366,control,23.71,14,210.7
2367,control,167.72,1,196.7
2368,control,194.01,2,91.9
2369,control,151.91,3,311.6
2370,control,207.12,4,157.9
2371,control,280.04,5,141.6
2372,control,27.92,6,263.4
2373,control,162.29,7,162.4
2374,control,125.23,8,179.9
2375,control,61.69,9,96.4
2376,control,79.94,10,106.2
2377,control,141.72,11,103.1
2378,control,126.59,12,188.3
2379,control,114.84,13,284.4
2380,control,6.93,14,230.8
2381,control,224.1,1,138.7
2382,control,72.81,2,313.6
2383,control,175.16,3,188.8
2384,control,132.57,4,269.3
2385,control,71.48,5,188.3
2386,control,0,6,218.7
2387,control,79.12,7,115.5
2388,control,97.4,8,198.5
2389,control,67.59,9,217.3
2390,control,32.1,10,201.2
2391,control,173.33,11,121.3
2392,control,36.13,12,150.1
2393,control,71.33,13,164.1
2394,control,114.99,14,160.1
2395,control,121.19,1,102.4
2396,control,0,2,127.2
2397,control,34.65,3,156.0
2398,control,0,4,212.1
2399,control,190.68,5,171.0
2400,control,61.14,6,122.3
2401,control,68.96,7,186.6
2402,control,31.94,8,266.6
2403,control,263.48,9,235.3
2404,control,35.94,10,141.6
2405,control,157.92,11,112.9
2406,control,179.64,12,259.6
2407,control,3.28,13,141.0
2408,control,147.08,14,172.4
2409,control,0,1,165.7
2410,control,195.21,2,156.1
2411,control,54.06,3,174.7
2412,control,199.92,4,97.8
2413,control,70.36,5,127.6
2414,control,26.22,6,299.1
2415,control,52.25,7,112.5
2416,control,203.85,8,296.0
2417,control,127.06,9,162.7
2418,control,146.3,10,166.0
2419,control,141.72,11,242.3
2420,control,39.25,12,284.8
2421,control,75.19,13,196.5
2422,control,92.79,14,230.6
2423,control,126.0,1,58.3
2424,control,228.22,2,232.6
2425,control,206.18,3,105.9
2426,control,77.53,4,188.0
2427,control,0,5,260.1
2428,control,122.02,6,97.5
2429,control,170.53,7,153.5
2430,control,239.86,8,180.8
2431,control,18.43,9,116.7
2432,control,124.15,10,210.1
2433,control,136.36,11,143.6
2434,control,232.56,12,144.2
2435,control,158.93,13,159.2
2436,control,48.9,14,218.1
2437,control,26.93,1,125.4
2438,control,125.54,2,185.3
2439,control,29.64,3,138.8
2440,control,129.3,4,249.3
2441,control,161.63,5,96.1
2442,control,264.6,6,166.0
2443,control,117.98,7,211.6
2444,control,135.32,8,233.3
2445,control,59.81,9,214.0
2446,control,119.08,10,251.4
2447,control,95.27,11,278.6
2448,control,0,12,220.6
2449,control,184.8,13,241.3
2450,control,46.6,14,104.3
2451,control,202.8,1,107.9
2452,control,59.39,2,181.9
2453,control,106.61,3,126.1
2454,control,82.03,4,200.6
2455,control,200.45,5,179.9
2456,control,37.98,6,130.4
2457,control,0,7,126.9
2458,control,63.38,8,187.3
2459,control,0,9,193.7
2460,control,96.66,10,204.1
2461,control,142.16,11,145.1
2462,control,154.62,12,263.3
2463,control,88.99,13,88.4
2464,control,63.83,14,201.8
2465,control,64.43,1,258.2
2466,control,0,2,57.6
2467,control,174.26,3,181.8
2468,control,74.17,4,225.9
2469,control,197.7,5,134.5
2470,control,91.11,6,222.0
2471,control,66.52,7,199.1
2472,control,85.94,8,103.5
2473,control,41.62,9,95.1
2474,control,92.44,10,131.3
2475,control,119.96,11,259.0
2476,control,113.42,12,266.9
2477,control,54.85,13,208.7
2478,control,134.63,14,176.3
2479,control,47.06,1,171.1
2480,control,154.97,2,210.6
2481,control,56.86,3,181.1
2482,control,55.33,4,250.8
2483,control,78.57,5,119.3
2484,control,142.46,6,196.8
2485,control,186.74,7,193.7
2486,control,62.19,8,236.9
2487,control,167.58,9,266.0
2488,control,92.04,10,206.3
2489,control,267.9,11,48.0
2490,control,176.25,12,236.1
2491,control,213.49,13,111.0
2492,control,52.28,14,186.0
2493,control,217.89,1,191.5
2494,control,160.76,2,214.5
2495,control,156.76,3,183.2
2496,control,179.73,4,180.3
2497,control,96.09,5,180.2
2498,control,103.52,6,150.6
2499,control,273.4,7,122.1
2500,control,58.18,8,100.8
2501,control,72.14,9,102.5
2502,control,174.8,10,91.4
2503,control,24.54,11,94.1
2504,control,132.63,12,195.6
2505,control,18.96,13,82.2
2506,control,129.48,14,190.7
2507,control,147.18,1,207.5
2508,control,145.13,2,132.5
2509,control,205.16,3,275.2
2510,control,174.36,4,128.2
2511,control,173.67,5,191.2
2512,control,102.91,6,212.3
2513,control,86.92,7,182.0
2514,control,190.72,8,211.6
2515,control,78.89,9,124.2
2516,control,128.01,10,133.8
2517,control,0,11,58.4
2518,control,45.98,12,287.3
2519,control,120.85,13,224.2
2520,control,61.25,14,105.9
2521,control,151.02,1,152.8
2522,control,167.72,2,161.1
2523,control,0,3,169.7
2524,control,114.42,4,166.9
2525,control,96.01,5,247.0
2526,control,17.95,6,188.5
2527,control,33.36,7,336.2
2528,control,230.11,8,148.2
2529,control,101.24,9,193.6
2530,control,0,10,170.2
2531,control,0,11,97.2
2532,control,0,12,227.3
2533,control,140.68,13,76.8
2534,control,123.39,14,165.7
2535,control,38.58,1,105.7
2536,control,66.55,2,284.9
2537,control,117.02,3,235.9
2538,control,83.03,4,91.6
2539,control,170.39,5,281.6
2540,control,55.56,6,195.1
2541,control,156.11,7,96.6
2542,control,126.05,8,117.3
2543,control,159.27,9,204.6
2544,control,87.77,10,304.6
2545,control,133.68,11,214.5
2546,control,99.87,12,235.4
2547,control,55.8,13,217.7
2548,control,211.19,14,154.8
2549,control,133.7,1,199.7
2550,control,112.6,2,232.6
2551,control,172.31,3,147.7
2552,control,135.77,4,132.9
2553,control,0,5,181.7
2554,control,90.34,6,190.0
2555,control,312.61,7,225.5
2556,control,37.08,8,186.0
2557,control,118.97,9,163.8
2558,control,0,10,156.9
2559,control,73.83,11,190.1
2560,control,90.86,12,59.7
2561,control,169.78,13,153.5
2562,control,55.86,14,182.7
2563,control,159.44,1,202.5
2564,control,69.21,2,242.2
2565,control,203.52,3,164.8
2566,control,279.96,4,210.7
2567,control,107.23,5,151.3
2568,control,132.34,6,248.6
2569,control,132.64,7,244.2
2570,control,133.68,8,250.6
2571,control,132.69,9,194.4
2572,control,103.58,10,266.4
2573,control,66.83,11,204.2
2574,control,80.3,12,191.9
2575,control,217.85,13,228.2
2576,control,94.95,14,248.1
2577,control,126.67,1,91.7
2578,control,117.82,2,159.0
2579,control,110.21,3,243.1
2580,control,79.99,4,155.8
2581,control,151.37,5,255.1
2582,control,16.1,6,343.1
2583,control,120.83,7,173.3
2584,control,76.24,8,124.5
2585,control,76.07,9,190.8
2586,control,23.66,10,230.4
2587,control,183.97,11,272.1
2588,control,0,12,106.7
2589,control,0,13,158.4
2590,control,110.42,14,182.2
2591,control,57.52,1,181.5
2592,control,70.13,2,256.6
2593,control,173.58,3,230.7
2594,control,125.99,4,206.8
2595,control,97.05,5,35.6
2596,control,24.09,6,129.9
2597,control,53.62,7,213.1
2598,control,0,8,215.3
2599,control,19.89,9,205.6
2600,control,102.66,10,239.8
2601,control,17.77,11,106.5
2602,control,161.28,12,133.2
2603,control,177.82,13,138.6
2604,control,296.24,14,363.0
2605,control,192.69,1,86.1
2606,control,154.42,2,191.1
2607,control,198.28,3,177.7
2608,control,51.19,4,200.9
2609,control,63.55,5,169.1
2610,control,65.94,6,194.7
2611,control,174.17,7,140.1
2612,control,75.87,8,220.3
2613,control,64.65,9,174.0
2614,control,234.66,10,170.9
2615,control,97.44,11,239.1
2616,control,19.19,12,246.8
2617,control,139.81,13,255.3
2618,control,50.4,14,179.9
2619,control,138.01,1,99.4
2620,control,172.85,2,158.7
2621,control,172.42,3,223.3
2622,control,79.37,4,167.6
2623,control,138.91,5,203.8
2624,control,51.6,6,159.5
2625,control,158.22,7,210.6
2626,control,135.93,8,98.2
2627,control,240.16,9,176.5
2628,control,21.88,10,112.3
2629,control,174.06,11,100.5
2630,control,80.58,12,186.2
2631,control,121.93,13,217.2
2632,control,77.5,14,76.6
2633,control,36.37,1,231.8
2634,control,176.27,2,155.5
2635,control,37.86,3,145.3
2636,control,271.16,4,182.1
2637,control,103.37,5,184.5
2638,control,149.39,6,143.2
2639,control,159.66,7,185.1
2640,control,0,8,217.5
2641,control,152.96,9,262.8
2642,control,184.04,10,131.6
2643,control,201.22,11,252.5
2644,control,0,12,110.0
2645,control,184.36,13,91.2
2646,control,215.97,14,172.0
2647,control,210.85,1,157.5
2648,control,0,2,239.2
2649,control,97.51,3,201.3
2650,control,85.72,4,232.3
2651,control,112.24,5,121.6
2652,control,86.34,6,187.1
2653,control,98.57,7,155.4
2654,control,48.26,8,271.6
2655,control,122.75,9,197.5
2656,control,93.84,10,278.1
2657,control,25.45,11,228.1
2658,control,169.9,12,239.6
2659,control,125.18,13,155.7
2660,control,220.18,14,151.6
2661,control,182.55,1,117.8
2662,control,112.53,2,213.8
2663,control,0,3,54.0
2664,control,87.41,4,89.0
2665,control,21.33,5,120.5
2666,control,0,6,199.9
2667,control,170.97,7,135.2
2668,control,156.8,8,211.8
2669,control,93.6,9,168.5
2670,control,224.15,10,161.7
2671,control,0,11,235.4
2672,control,239.37,12,132.1
2673,control,201.27,13,128.9
2674,control,41.56,14,244.1
2675,control,30.27,1,205.8
2676,control,114.7,2,265.2
2677,control,57.75,3,284.8
2678,control,62.73,4,197.9
2679,control,0,5,152.3
2680,control,88.58,6,241.1
2681,control,67.08,7,138.0
2682,control,204.4,8,209.3
2683,control,33.03,9,216.4
2684,control,6.55,10,250.8
2685,control,100.97,11,177.1
2686,control,113.71,12,128.0
2687,control,119.36,13,167.8
2688,control,12.25,14,110.2
2689,control,132.36,1,190.8
2690,control,106.26,2,210.9
2691,control,43.61,3,167.2
2692,control,85.25,4,108.2
2693,control,84.34,5,146.3
2694,control,278.57,6,136.5
2695,control,129.79,7,236.2
2696,control,171.19,8,134.2
2697,control,75.7,9,167.4
2698,control,66.63,10,191.7
2699,control,244.05,11,87.2
2700,control,315.57,12,233.2
2701,control,54.67,13,146.2
2702,control,122.31,14,124.9
2703,control,33.78,1,291.5
2704,control,0,2,187.7
2705,control,39.65,3,195.0
2706,control,0,4,266.9
2707,control,191.26,5,157.0
2708,control,115.02,6,126.5
2709,control,51.02,7,318.9
2710,control,0,8,91.3
2711,control,128.63,9,212.5
2712,control,154.58,10,203.4
2713,control,137.61,11,222.3
2714,control,0,12,184.0
2715,control,174.3,13,132.2
2716,control,152.45,14,142.2
2717,control,143.82,1,113.5
2718,control,212.38,2,176.2
2719,control,146.08,3,170.3
2720,control,0,4,177.4
2721,control,47.31,5,154.0
2722,control,174.68,6,110.5
2723,control,104.52,7,200.7
2724,control,76.72,8,171.8
2725,control,152.64,9,244.9
2726,control,50.82,10,111.0
2727,control,95.28,11,145.6
2728,control,38.75,12,112.9
2729,control,80.41,13,251.6
2730,control,23.52,14,149.0
2731,control,59.81,1,231.9
2732,control,0.01,2,214.0
2733,control,14.73,3,170.9
2734,control,92.58,4,193.2
2735,control,190.23,5,163.1
2736,control,61.86,6,216.2
2737,control,84.01,7,218.0
2738,control,205.38,8,212.8
2739,control,120.67,9,223.1
2740,control,105.38,10,206.1
2741,control,163.21,11,219.1
2742,control,86.83,12,215.0
2743,control,0,13,98.8
2744,control,175.36,14,136.8
2745,control,102.76,1,159.0
2746,control,80.59,2,303.5
2747,control,158.65,3,124.1
2748,control,96.68,4,239.1
2749,control,116.46,5,88.0
2750,control,51.49,6,181.3
2751,control,107.77,7,156.1
2752,control,46.21,8,171.2
2753,control,128.57,9,181.3
2754,control,0,10,288.4
2755,control,165.08,11,164.9
2756,control,38.51,12,164.8
2757,control,178.35,13,123.3
2758,control,10.56,14,184.1
2759,control,73.94,1,125.3
2760,control,110.78,2,158.8
2761,control,94.02,3,169.7
2762,control,134.75,4,175.3
2763,control,53.62,5,110.2
2764,control,278.61,6,189.0
2765,control,120.42,7,259.6
2766,control,54.33,8,349.1
2767,control,18.23,9,116.1
2768,control,57.58,10,182.1
2769,control,126.25,11,91.8
2770,control,70.93,12,187.7
2771,control,145.61,13,269.3
2772,control,73.91,14,127.6
2773,control,206.04,1,119.8
2774,control,39.39,2,177.7
2775,control,0,3,288.2
2776,control,0,4,214.6
2777,control,124.04,5,149.1
2778,control,218.22,6,233.7
2779,control,98.35,7,283.1
2780,control,156.21,8,166.6
2781,control,60.77,9,169.4
2782,control,0,10,122.7
2783,control,135.62,11,177.3
2784,control,54.29,12,242.9
2785,control,7.0,13,183.0
2786,control,102.89,14,119.0
2787,control,179.51,1,159.5
2788,control,31.66,2,262.8
2789,control,166.62,3,230.0
2790,control,0,4,203.4
2791,control,28.19,5,174.3
2792,control,135.25,6,180.6
2793,control,184.23,7,252.7
2794,control,119.13,8,143.9
2795,control,12.85,9,143.9
2796,control,8.12,10,269.1
2797,control,0,11,100.9
2798,control,0,12,111.5
2799,control,101.41,13,95.5
2800,control,94.82,14,197.3
2801,control,64.13,1,190.8
2802,control,41.1,2,213.0
2803,control,168.63,3,98.9
2804,control,104.95,4,191.3
2805,control,67.72,5,189.4
2806,control,147.5,6,61.5
2807,control,20.82,7,192.2
2808,control,48.64,8,131.4
2809,control,24.39,9,144.5
2810,control,59.55,10,255.5
2811,control,94.29,11,226.5
2812,control,128.89,12,183.4
2813,control,303.06,13,211.0
2814,control,74.64,14,129.9
2815,control,36.51,1,209.2
2816,control,138.08,2,175.4
2817,control,137.98,3,219.3
2818,control,41.29,4,156.4
2819,control,91.02,5,41.8
2820,control,73.63,6,167.5
2821,control,0,7,136.5
2822,control,142.21,8,226.4
2823,control,59.94,9,278.0
2824,control,93.52,10,247.0
2825,control,173.45,11,116.0
2826,control,166.29,12,305.1
2827,control,86.17,13,226.8
2828,control,11.34,14,16.6
2829,control,89.71,1,259.3
2830,control,152.85,2,130.7
2831,control,0,3,150.7
2832,control,0,4,218.1
2833,control,204.85,5,63.8
2834,control,10.84,6,95.7
2835,control,291.91,7,176.1
2836,control,277.72,8,100.7
2837,control,115.13,9,315.9
2838,control,360.58,10,129.4
2839,control,70.28,11,141.4
2840,control,239.48,12,190.7
2841,control,53.0,13,227.7
2842,control,195.13,14,50.0
2843,control,115.13,1,222.5
2844,control,8.88,2,99.8
2845,control,127.57,3,289.6
2846,control,104.02,4,197.7
2847,control,121.1,5,236.8
2848,control,168.51,6,184.7
2849,control,38.6,7,324.1
2850,control,24.7,8,102.2
2851,control,25.43,9,134.7
2852,control,111.22,10,172.2
2853,control,0,11,172.2
2854,control,1.72,12,176.0
2855,control,39.91,13,118.0
2856,control,50.36,14,169.7
2857,control,97.69,1,235.0
2858,control,110.07,2,81.2
2859,control,186.8,3,205.7
2860,control,103.28,4,287.5
2861,control,25.21,5,169.3
2862,control,225.49,6,90.7
2863,control,194.61,7,146.0
2864,control,155.64,8,205.3
2865,control,0,9,230.7
2866,control,15.05,10,229.4
2867,control,164.26,11,98.6
2868,control,164.93,12,160.9
2869,control,141.31,13,201.4
2870,control,13.04,14,189.7
2871,control,75.08,1,116.0
2872,control,80.87,2,96.5
2873,control,43.65,3,190.0
2874,control,20.53,4,102.1
2875,control,236.98,5,45.4
2876,control,28.21,6,189.6
2877,control,176.9,7,165.4
2878,control,206.87,8,193.9
2879,control,66.23,9,178.2
2880,control,238.83,10,198.9
2881,control,181.16,11,184.8
2882,control,178.85,12,244.3
2883,control,5.96,13,159.7
2884,control,50.93,14,248.8
2885,control,26.94,1,178.8
2886,control,126.11,2,216.2
2887,control,113.05,3,88.4
2888,control,97.24,4,210.6
2889,control,325.87,5,160.2
2890,control,241.21,6,123.8
2891,control,103.04,7,223.6
2892,control,252.0,8,161.2
2893,control,222.45,9,214.4
2894,control,182.25,10,172.8
2895,control,5.74,11,270.5
2896,control,110.71,12,94.7
2897,control,49.43,13,220.8
2898,control,177.25,14,170.4
2899,control,148.93,1,312.1
2900,control,120.53,2,203.1
2901,control,155.72,3,270.8
2902,control,86.81,4,122.9
2903,control,139.11,5,163.0
2904,control,81.03,6,53.1
2905,control,105.59,7,224.8
2906,control,114.45,8,146.4
2907,control,190.8,9,82.2
2908,control,98.7,10,293.9
2909,control,72.96,11,115.0
2910,control,40.15,12,226.7
2911,control,109.07,13,176.6
2912,control,176.39,14,167.7
2913,control,105.73,1,107.2
2914,control,0,2,193.2
2915,control,215.94,3,299.5
2916,control,104.07,4,168.1
2917,control,38.11,5,105.7
2918,control,147.16,6,87.1
2919,control,92.14,7,182.1
2920,control,190.21,8,111.7
2921,control,0,9,220.5
2922,control,0,10,95.4
2923,control,151.0,11,84.9
2924,control,75.91,12,189.5
2925,control,178.5,13,184.7
2926,control,240.85,14,209.1
2927,control,0,1,146.3
2928,control,72.93,2,145.0
2929,control,60.64,3,302.3
2930,control,27.58,4,100.5
2931,control,171.24,5,228.9
2932,control,154.07,6,254.6
2933,control,173.01,7,56.7
2934,control,122.98,8,194.7
2935,control,47.32,9,125.9
2936,control,188.12,10,177.6
2937,control,270.58,11,141.6
2938,control,46.68,12,161.4
2939,control,88.37,13,191.0
2940,control,67.65,14,262.4
2941,control,189.18,1,62.1
2942,control,180.33,2,190.9
2943,control,56.88,3,315.3
2944,control,84.34,4,188.7
2945,control,113.04,5,81.3
2946,control,200.61,6,309.9
2947,control,181.01,7,193.2
2948,control,149.24,8,248.1
2949,control,139.54,9,194.1
2950,control,0.96,10,236.1
2951,control,47.19,11,149.5
2952,control,86.09,12,202.6
2953,control,130.81,13,228.2
2954,control,0,14,228.5
2955,control,4.27,1,263.9
2956,control,94.12,2,204.7
2957,control,115.1,3,222.5
2958,control,133.2,4,120.9
2959,control,0,5,86.9
2960,control,50.06,6,193.3
2961,control,62.13,7,172.2
2962,control,160.47,8,119.8
2963,control,185.6,9,226.6
2964,control,50.84,10,195.9
2965,control,52.69,11,174.8
2966,control,183.73,12,207.1
2967,control,73.02,13,101.7
2968,control,79.35,14,214.9
2969,control,130.27,1,236.9
2970,control,149.67,2,258.4
2971,control,24.11,3,191.0
2972,control,92.54,4,158.3
2973,control,66.42,5,227.4
2974,control,204.8,6,200.4
2975,control,215.4,7,219.6
2976,control,65.18,8,187.5
2977,control,198.62,9,225.1
2978,control,34.87,10,200.7
2979,control,227.32,11,94.4
2980,control,178.56,12,172.2
2981,control,5.55,13,117.6
2982,control,43.43,14,298.3
2983,control,193.73,1,64.7
2984,control,84.48,2,227.1
2985,control,0,3,214.0
2986,control,181.97,4,138.9
2987,control,114.13,5,223.5
2988,control,150.31,6,176.5
2989,control,125.78,7,116.2
2990,control,137.83,8,185.4
2991,control,89.8,9,250.1
2992,control,171.42,10,173.4
2993,control,143.58,11,264.8
2994,control,174.5,12,171.5
2995,control,0,13,139.1
2996,control,209.0,14,150.5
2997,control,4.79,1,179.8
2998,control,86.34,2,151.6
2999,control,26.34,3,144.4
3000,control,116.37,4,215.4
3001,control,55.44,5,180.2
3002,control,103.12,6,294.7
3003,control,63.52,7,133.6
3004,control,46.84,8,258.9
3005,control,113.99,9,59.7
3006,control,151.56,10,207.1
3007,control,161.15,11,180.3
3008,control,152.19,12,197.2
3009,control,222.57,13,220.7
3010,control,269.95,14,129.8
3011,control,216.8,1,183.5
3012,control,49.35,2,186.9
3013,control,23.01,3,271.9
3014,control,95.6,4,58.2
3015,control,165.31,5,169.0
3016,control,119.76,6,123.3
3017,control,114.42,7,265.6
3018,control,122.86,8,158.9
3019,control,54.99,9,208.5
3020,control,106.25,10,128.1
3021,control,0,11,302.8
3022,control,139.95,12,127.6
3023,control,65.42,13,241.9
3024,control,165.58,14,296.5
3025,control,64.34,1,222.5
3026,control,170.56,2,172.8
3027,control,101.16,3,255.1
3028,control,68.1,4,179.5
3029,control,153.09,5,160.1
3030,control,176.44,6,144.0
3031,control,152.65,7,84.2
3032,control,53.69,8,243.1
3033,control,111.58,9,270.2
3034,control,221.53,10,189.5
3035,control,159.9,11,143.0
3036,control,0,12,163.2
3037,control,87.95,13,128.6
3038,control,121.37,14,158.7
3039,control,225.39,1,199.2
3040,control,8.02,2,190.0
3041,control,122.77,3,316.5
3042,control,122.86,4,142.1
3043,control,87.5,5,166.3
3044,control,81.14,6,317.0
3045,control,130.31,7,142.2
3046,control,33.21,8,181.5
3047,control,191.95,9,283.3
3048,control,68.85,10,177.4
3049,control,0,11,151.8
3050,control,88.87,12,246.0
3051,control,130.55,13,72.0
3052,control,39.46,14,158.9
3053,control,67.16,1,115.8
3054,control,230.59,2,125.7
3055,control,9.39,3,182.1
3056,control,133.47,4,192.4
3057,control,0,5,292.4
3058,control,44.67,6,115.9
3059,control,147.12,7,119.3
3060,control,71.27,8,285.8
3061,control,243.17,9,188.4
3062,control,116.74,10,209.3
3063,control,3.4,11,246.8
3064,control,89.56,12,195.1
3065,control,68.78,13,273.4
3066,control,0,14,170.2
3067,control,14.75,1,192.6
3068,control,102.21,2,185.6
3069,control,62.01,3,231.6
3070,control,19.24,4,123.2
3071,control,0,5,223.8
3072,control,90.41,6,65.2
3073,control,96.85,7,238.9
3074,control,92.67,8,201.2
3075,control,108.92,9,106.4
3076,control,81.41,10,214.4
3077,control,226.95,11,115.8
3078,control,222.58,12,192.5
3079,control,28.04,13,123.6
3080,control,53.0,14,137.9
3081,control,208.45,1,108.6
3082,control,152.49,2,197.1
3083,control,99.96,3,151.1
3084,control,31.78,4,283.9
3085,control,0,5,92.9
3086,control,0,6,133.1
3087,control,85.95,7,179.1
3088,control,136.52,8,309.5
3089,control,199.21,9,175.1
3090,control,55.68,10,72.4
3091,control,173.51,11,280.0
3092,control,0,12,165.3
3093,control,159.76,13,77.2
3094,control,269.64,14,232.7
3095,control,0,1,77.0
3096,control,53.83,2,168.4
3097,control,99.78,3,163.8
3098,control,152.48,4,236.7
3099,control,247.05,5,154.8
3100,control,42.48,6,112.0
3101,control,149.5,7,234.3
3102,control,57.06,8,208.1
3103,control,0,9,104.3
3104,control,36.51,10,164.8
3105,control,67.72,11,250.1
3106,control,249.25,12,229.5
3107,control,14.85,13,179.7
3108,control,113.3,14,185.5
3109,control,107.87,1,254.5
3110,control,40.59,2,273.2
3111,control,29.77,3,150.4
3112,control,0,4,228.7
3113,control,229.92,5,221.2
3114,control,64.09,6,51.7
3115,control,75.36,7,178.0
3116,control,42.73,8,250.2
3117,control,46.38,9,113.8
3118,control,70.18,10,248.1
3119,control,343.88,11,193.0
3120,control,133.2,12,90.6
3121,control,169.83,13,84.3
3122,control,112.28,14,230.4
3123,control,59.2,1,153.8
3124,control,219.51,2,67.2
3125,control,41.46,3,154.9
3126,control,93.32,4,93.3
3127,control,90.84,5,263.6
3128,control,168.89,6,152.6
3129,control,160.94,7,147.5
3130,control,145.8,8,123.3
3131,control,66.1,9,136.9
3132,control,165.19,10,159.2
3133,control,163.09,11,148.0
3134,control,48.89,12,88.9
3135,control,0,13,147.1
3136,control,43.49,14,215.4
3137,control,131.64,1,165.8
3138,control,110.37,2,160.9
3139,control,29.75,3,156.1
3140,control,209.25,4,224.2
3141,control,202.81,5,161.8
3142,control,156.31,6,159.0
3143,control,41.6,7,252.8
3144,control,125.04,8,288.8
3145,control,72.76,9,76.8
3146,control,88.75,10,131.2
3147,control,159.52,11,205.4
3148,control,100.74,12,200.2
3149,control,155.54,13,188.0
3150,control,13.7,14,236.5
3151,control,78.03,1,229.1
3152,control,59.04,2,66.3
3153,control,33.35,3,88.6
3154,control,118.12,4,121.9
3155,control,164.91,5,149.8
3156,control,0,6,267.3
3157,control,62.9,7,154.7
3158,control,196.69,8,256.7
3159,control,162.01,9,152.8
3160,control,107.22,10,236.9
3161,control,68.35,11,144.1
3162,control,0,12,199.7
3163,control,89.57,13,173.5
3164,control,67.16,14,332.2
3165,control,182.36,1,116.3
3166,control,147.73,2,227.2
3167,control,168.84,3,175.9
3168,control,1.85,4,157.1
3169,control,160.32,5,229.3
3170,control,84.99,6,105.8
3171,control,0,7,193.0
3172,control,167.7,8,98.4
3173,control,188.39,9,151.0
3174,control,18.1,10,201.4
3175,control,41.88,11,58.4
3176,control,150.31,12,120.7
3177,control,89.05,13,126.9
3178,control,46.74,14,162.0
3179,control,120.39,1,221.4
3180,control,43.84,2,141.2
3181,control,84.39,3,169.7
3182,control,23.19,4,92.1
3183,control,158.9,5,240.6
3184,control,122.59,6,160.1
3185,control,70.44,7,63.2
3186,control,57.64,8,214.4
3187,control,138.12,9,98.3
3188,control,349.25,10,162.7
3189,control,100.47,11,86.1
3190,control,120.53,12,209.7
3191,control,65.64,13,115.6
3192,control,90.41,14,228.3
3193,control,151.79,1,206.2
3194,control,64.08,2,151.3
3195,control,119.74,3,255.6
3196,control,48.35,4,130.1
3197,control,109.6,5,216.5
3198,control,115.1,6,222.0
3199,control,59.3,7,220.0
3200,control,0,8,220.1
3201,control,28.85,9,140.7
3202,control,162.83,10,114.1
3203,control,0,11,133.3
3204,control,139.85,12,165.3
3205,control,109.92,13,324.4
3206,control,103.49,14,110.6
3207,control,215.15,1,183.4
3208,control,84.93,2,214.4
3209,control,94.45,3,111.7
3210,control,68.57,4,158.2
3211,control,179.69,5,244.7
3212,control,0,6,259.9
3213,control,145.96,7,123.5
3214,control,100.15,8,166.5
3215,control,75.25,9,243.5
3216,control,50.59,10,184.0
3217,control,180.12,11,203.7
3218,control,137.79,12,218.5
3219,control,0,13,38.6
3220,control,94.61,14,208.2
3221,control,125.78,1,286.3
3222,control,164.26,2,227.1
3223,control,100.9,3,202.3
3224,control,0,4,109.4
3225,control,231.96,5,192.0
3226,control,29.48,6,229.2
3227,control,192.56,7,254.0
3228,control,0,8,231.2
3229,control,138.82,9,231.1
3230,control,96.13,10,164.0
3231,control,57.16,11,108.5
3232,control,114.46,12,261.7
3233,control,181.03,13,195.6
3234,control,170.58,14,157.6
3235,control,48.31,1,189.9
3236,control,0,2,210.8
3237,control,57.68,3,196.1
3238,control,166.87,4,168.6
3239,control,139.93,5,212.9
3240,control,98.98,6,275.5
3241,control,0,7,164.1
3242,control,116.46,8,90.9
3243,control,63.48,9,247.0
3244,control,113.68,10,126.3
3245,control,51.51,11,192.6
3246,control,235.32,12,343.9
3247,control,210.38,13,204.8
3248,control,223.9,14,223.5
3249,control,78.72,1,163.8
3250,control,31.92,2,81.3
3251,control,0,3,143.1
3252,control,68.57,4,221.1
3253,control,178.47,5,173.1
3254,control,140.18,6,196.0
3255,control,95.64,7,218.6
3256,control,55.29,8,215.9
3257,control,64.94,9,201.3
3258,control,0,10,64.8
3259,control,44.2,11,197.1
3260,control,0,12,43.5
3261,control,178.15,13,308.6
3262,control,103.54,14,215.7
3263,control,179.77,1,79.1
3264,control,87.13,2,186.6
3265,control,138.51,3,161.5
3266,control,0,4,101.2
3267,control,34.71,5,141.5
3268,control,177.89,6,215.3
3269,control,87.1,7,119.3
3270,control,122.13,8,162.3
3271,control,0,9,287.4
3272,control,92.62,10,173.8
3273,control,3.61,11,218.0
3274,control,185.77,12,279.0
3275,control,114.81,13,247.2
3276,control,72.18,14,258.9
3277,control,126.76,1,220.2
3278,control,109.06,2,170.8
3279,control,148.15,3,125.6
3280,control,141.1,4,159.4
3281,control,91.33,5,225.1
3282,control,103.28,6,152.6
3283,control,199.07,7,145.7
3284,control,111.19,8,171.0
3285,control,114.54,9,259.1
3286,control,85.75,10,123.5
3287,control,2.98,11,227.6
3288,control,203.0,12,146.8
3289,control,217.2,13,65.9
3290,control,87.35,14,182.6
3291,control,44.62,1,176.0
3292,control,152.63,2,84.5
3293,control,37.7,3,159.7
3294,control,135.05,4,184.9
3295,control,71.16,5,175.1
3296,control,1.69,6,240.1
3297,control,122.28,7,167.9
3298,control,192.07,8,210.5
3299,control,263.83,9,146.2
3300,control,6.07,10,125.6
3301,control,145.23,11,221.4
3302,control,201.16,12,253.6
3303,control,153.49,13,88.2
3304,control,33.21,14,207.1
3305,control,160.48,1,205.7
3306,control,79.01,2,207.9
3307,control,101.32,3,119.0
3308,control,125.15,4,173.3
3309,control,0,5,184.2
3310,control,118.03,6,110.0
3311,control,99.15,7,193.5
3312,control,68.51,8,212.3
3313,control,76.6,9,198.3
3314,control,16.09,10,171.9
3315,control,80.06,11,27.6
3316,control,40.51,12,246.0
3317,control,166.29,13,153.1
3318,control,187.54,14,89.1
3319,control,33.84,1,205.7
3320,control,0,2,204.0
3321,control,64.31,3,195.6
3322,control,159.13,4,78.6
3323,control,130.1,5,146.3
3324,control,106.82,6,228.8
3325,control,135.68,7,84.6
3326,control,0,8,297.6
3327,control,63.95,9,193.8
3328,control,0,10,157.8
3329,control,0,11,172.8
3330,control,5.0,12,94.0
3331,control,118.26,13,215.2
3332,control,203.94,14,204.5
3333,control,0,1,133.0
3334,control,105.88,2,65.7
3335,control,4.19,3,177.5
3336,control,114.23,4,117.2
3337,control,56.41,5,91.6
3338,control,0,6,145.7
3339,control,171.96,7,187.7
3340,control,14.46,8,91.8
3341,control,156.0,9,117.4
3342,control,96.17,10,229.2
3343,control,119.84,11,175.7
3344,control,0,12,98.3
3345,control,0,13,173.3
3346,control,135.96,14,214.0
3347,control,198.04,1,345.9
3348,control,150.68,2,215.4
3349,control,55.74,3,128.0
3350,control,128.54,4,115.7
3351,control,68.04,5,253.2
3352,control,143.41,6,251.3
3353,control,69.03,7,233.0
3354,control,6.01,8,151.4
3355,control,0,9,186.3
3356,control,120.24,10,191.1
3357,control,173.8,11,156.8
3358,control,149.96,12,125.9
3359,control,179.39,13,245.1
3360,control,77.73,14,68.7
3361,control,86.41,1,289.4
3362,control,101.88,2,350.1
3363,control,108.26,3,121.2
3364,control,76.26,4,241.2
3365,control,69.83,5,233.0
3366,control,0,6,191.6
3367,control,122.62,7,202.0
3368,control,163.71,8,170.5
3369,control,160.56,9,220.6
3370,control,141.64,10,157.8
3371,control,212.98,11,177.5
3372,control,18.36,12,141.0
3373,control,180.83,13,193.2
3374,control,53.1,14,155.9
3375,control,233.89,1,131.4
3376,control,0,2,234.4
3377,control,166.07,3,316.9
3378,control,106.54,4,91.5
3379,control,50.85,5,167.9
3380,control,182.51,6,163.1
3381,control,97.33,7,236.5
3382,control,17.55,8,325.2
3383,control,178.49,9,250.9
3384,control,162.12,10,174.3
3385,control,122.23,11,159.2
3386,control,203.41,12,211.4
3387,control,89.61,13,167.5
3388,control,58.97,14,238.1
3389,control,21.15,1,107.8
3390,control,123.07,2,123.6
3391,control,0,3,227.2
3392,control,114.83,4,186.9
3393,control,34.98,5,199.1
3394,control,78.24,6,197.7
3395,control,194.44,7,174.2
3396,control,165.94,8,216.8
3397,control,0,9,99.0
3398,control,100.0,10,215.2
3399,control,134.07,11,220.8
3400,control,8.46,12,201.5
3401,control,139.97,13,133.3
3402,control,164.78,14,125.8
3403,control,22.24,1,74.3
3404,control,55.97,2,227.4
3405,control,223.33,3,165.8
3406,control,171.74,4,190.8
3407,control,123.14,5,226.2
3408,control,11.64,6,66.0
3409,control,48.0,7,147.5
3410,control,117.69,8,115.6
3411,control,135.78,9,111.9
3412,control,104.16,10,186.8
3413,control,40.3,11,185.3
3414,control,104.47,12,34.8
3415,control,0,13,205.5
3416,control,15.68,14,157.0
3417,control,0,1,138.0
3418,control,67.0,2,175.4
3419,control,48.61,3,172.7
3420,control,36.0,4,137.8
3421,control,88.51,5,285.3
3422,control,156.97,6,102.6
3423,control,0,7,127.8
3424,control,102.15,8,143.3
3425,control,138.03,9,284.0
3426,control,102.84,10,191.4
3427,control,148.29,11,285.0
3428,control,45.47,12,111.2
3429,control,18.31,13,185.8
3430,control,253.16,14,174.4
3431,control,0,1,221.8
3432,control,31.72,2,235.2
3433,control,162.8,3,311.7
3434,control,21.38,4,160.4
3435,control,145.81,5,260.4
3436,control,87.28,6,252.9
3437,control,100.79,7,111.9
3438,control,218.51,8,160.9
3439,control,60.82,9,290.0
3440,control,52.75,10,236.1
3441,control,33.05,11,146.6
3442,control,243.74,12,124.7
3443,control,16.91,13,118.0
3444,control,52.39,14,122.4
3445,control,58.58,1,105.7
3446,control,201.37,2,195.2
3447,control,52.33,3,206.9
3448,control,67.66,4,67.9
3449,control,110.53,5,148.3
3450,control,86.49,6,168.8
3451,control,106.47,7,231.4
3452,control,168.34,8,227.0
3453,control,47.3,9,148.7
3454,control,47.91,10,152.9
3455,control,0,11,307.7
3456,control,129.83,12,177.3
3457,control,24.52,13,224.8
3458,control,157.01,14,163.4
3459,control,137.13,1,178.9
3460,control,180.42,2,137.6
3461,control,32.04,3,248.6
3462,control,64.27,4,241.0
3463,control,289.66,5,123.5
3464,control,0,6,189.9
3465,control,114.53,7,146.2
3466,control,50.24,8,120.3
3467,control,53.92,9,113.3
3468,control,295.44,10,247.5
3469,control,113.38,11,87.4
3470,control,170.58,12,282.9
3471,control,131.41,13,228.6
3472,control,152.72,14,196.4
3473,control,16.21,1,169.5
3474,control,140.89,2,164.3
3475,control,148.92,3,82.6
3476,control,201.4,4,171.5
3477,control,42.82,5,256.2
3478,control,138.8,6,132.6
3479,control,97.07,7,146.5
3480,control,21.57,8,63.9
3481,control,42.92,9,118.9
3482,control,257.87,10,172.2
3483,control,133.31,11,197.2
3484,control,0,12,114.4
3485,control,158.84,13,221.7
3486,control,52.94,14,173.3
3487,control,77.62,1,266.3
3488,control,0,2,242.3
3489,control,203.84,3,194.0
3490,control,0,4,235.5
3491,control,80.87,5,224.3
3492,control,97.44,6,167.8
3493,control,109.97,7,295.6
3494,control,150.57,8,204.5
3495,control,65.97,9,142.1
3496,control,195.21,10,209.1
3497,control,199.04,11,212.6
3498,control,138.96,12,191.3
3499,control,140.68,13,183.1
3500,control,182.57,14,77.7
3501,control,201.2,1,274.3
3502,control,77.61,2,165.8
3503,control,173.54,3,234.1
3504,control,43.0,4,154.7
3505,control,103.28,5,96.8
3506,control,160.94,6,221.0
3507,control,0,7,199.1
3508,control,136.69,8,282.7
3509,control,145.98,9,224.6
3510,control,142.3,10,178.3
3511,control,127.03,11,285.8
3512,control,28.95,12,219.9
3513,control,204.29,13,185.9
3514,control,0,14,110.6
3515,control,57.05,1,98.6
3516,control,102.59,2,258.3
3517,control,81.03,3,216.0
3518,control,167.47,4,151.2
3519,control,158.54,5,187.6
3520,control,0,6,240.9
3521,control,146.29,7,54.8
3522,control,97.13,8,106.2
3523,control,146.58,9,186.6
3524,control,231.78,10,118.5
3525,control,90.45,11,143.3
3526,control,235.03,12,95.3
3527,control,185.67,13,114.3
3528,control,90.16,14,157.5
3529,control,76.02,1,207.3
3530,control,65.12,2,64.5
3531,control,211.19,3,257.0
3532,control,153.55,4,307.5
3533,control,0,5,194.9
3534,control,36.62,6,137.2
3535,control,67.63,7,175.1
3536,control,178.48,8,256.4
3537,control,0,9,135.3
3538,control,0,10,90.3
3539,control,204.19,11,184.0
3540,control,0,12,242.6
3541,control,192.38,13,179.7
3542,control,0,14,214.8
3543,control,107.08,1,172.7
3544,control,115.19,2,197.1
3545,control,143.1,3,66.2
3546,control,0,4,157.7
3547,control,22.06,5,148.1
3548,control,219.83,6,80.8
3549,control,0,7,207.4
3550,control,165.03,8,136.5
3551,control,61.47,9,124.5
3552,control,67.64,10,241.3
3553,control,157.2,11,327.4
3554,control,265.75,12,118.1
3555,control,137.53,13,299.5
3556,control,110.14,14,151.6
3557,control,0,1,196.5
3558,control,32.74,2,228.9
3559,control,147.83,3,198.2
3560,control,161.89,4,225.5
3561,control,124.58,5,175.6
3562,control,116.04,6,127.7
3563,control,38.0,7,280.2
3564,control,115.14,8,234.1
3565,control,146.72,9,157.0
3566,control,0,10,121.1
3567,control,157.05,11,122.7
3568,control,78.64,12,162.5
3569,control,61.74,13,86.8
3570,control,208.16,14,229.6
3571,control,51.12,1,156.4
3572,control,11.62,2,154.3
3573,control,0,3,183.9
3574,control,96.47,4,183.6
3575,control,141.5,5,140.8
3576,control,132.5,6,229.1
3577,control,87.78,7,143.8
3578,control,0,8,182.6
3579,control,186.44,9,123.4
3580,control,127.71,10,292.5
3581,control,192.27,11,160.7
3582,control,74.6,12,43.2
3583,control,215.83,13,66.7
3584,control,0,14,183.4
3585,control,177.7,1,113.2
3586,control,82.15,2,92.8
3587,control,10.31,3,260.4
3588,control,0,4,274.6
3589,control,119.88,5,25.4
3590,control,1.59,6,186.1
3591,control,155.97,7,110.3
3592,control,53.74,8,216.6
3593,control,48.81,9,114.4
3594,control,0,10,197.6
3595,control,94.24,11,158.8
3596,control,223.57,12,156.7
3597,control,80.6,13,214.5
3598,control,79.32,14,146.5
3599,control,175.6,1,253.5
3600,control,0,2,153.5
3601,control,145.73,3,70.7
3602,control,71.8,4,171.8
3603,control,157.14,5,224.5
3604,control,194.21,6,109.9
3605,control,143.38,7,82.2
3606,control,169.86,8,180.8
3607,control,70.51,9,166.1
3608,control,7.07,10,215.3
3609,control,151.49,11,109.9
3610,control,44.4,12,126.7
3611,control,16.63,13,99.2
3612,control,108.28,14,170.7
3613,control,67.52,1,120.4
3614,control,100.45,2,138.8
3615,control,95.54,3,98.8
3616,control,135.08,4,86.5
3617,control,220.12,5,376.8
3618,control,161.73,6,224.4
3619,control,0,7,203.5
3620,control,141.26,8,148.7
3621,control,63.67,9,164.6
3622,control,186.07,10,169.7
3623,control,97.33,11,141.0
3624,control,137.83,12,171.0
3625,control,144.19,13,206.1
3626,control,134.33,14,182.8
3627,control,97.81,1,170.5
3628,control,193.89,2,153.6
3629,control,148.68,3,152.0
3630,control,133.55,4,199.2
3631,control,121.23,5,120.4
3632,control,200.24,6,98.7
3633,control,222.49,7,172.4
3634,control,127.12,8,210.3
3635,control,181.25,9,174.1
3636,control,106.37,10,227.6
3637,control,74.24,11,281.1
3638,control,89.83,12,149.7
3639,control,78.07,13,243.9
3640,control,223.9,14,120.9
3641,control,98.75,1,308.9
3642,control,94.45,2,63.2
3643,control,150.83,3,148.7
3644,control,23.47,4,256.5
3645,control,158.19,5,192.2
3646,control,25.33,6,285.0
3647,control,77.28,7,211.7
3648,control,0,8,289.6
3649,control,222.99,9,111.4
3650,control,166.46,10,179.1
3651,control,102.99,11,237.8
3652,control,191.01,12,190.2
3653,control,79.3,13,125.4
3654,control,243.67,14,217.4
3655,control,69.96,1,171.3
3656,control,48.77,2,239.9
3657,control,179.9,3,285.1
3658,control,146.02,4,132.2
3659,control,55.87,5,288.0
3660,control,149.82,6,131.0
3661,control,33.51,7,159.9
3662,control,192.29,8,167.1
3663,control,124.82,9,123.7
3664,control,109.97,10,250.4
3665,control,253.59,11,228.6
3666,control,31.23,12,150.2
3667,control,136.64,13,139.1
3668,control,54.25,14,80.5
3669,control,52.93,1,155.6
3670,control,0,2,229.0
3671,control,43.44,3,170.6
3672,control,108.26,4,140.2
3673,control,56.41,5,120.1
3674,control,137.9,6,239.6
3675,control,56.59,7,296.0
3676,control,0,8,125.3
3677,control,56.85,9,190.7
3678,control,180.03,10,168.6
3679,control,112.21,11,129.4
3680,control,152.6,12,248.3
3681,control,89.98,13,146.5
3682,control,91.82,14,90.6
3683,control,81.59,1,54.3
3684,control,135.97,2,87.8
3685,control,165.76,3,256.1
3686,control,64.98,4,172.6
3687,control,144.19,5,176.0
3688,control,82.7,6,211.9
3689,control,81.19,7,161.6
3690,control,132.38,8,231.8
3691,control,99.38,9,176.4
3692,control,0,10,198.8
3693,control,79.97,11,176.1
3694,control,171.61,12,211.7
3695,control,135.32,13,143.8
3696,control,148.48,14,197.4
3697,control,86.7,1,240.7
3698,control,114.39,2,280.6
3699,control,33.0,3,359.1
3700,control,28.77,4,103.0
3701,control,108.99,5,229.0
3702,control,101.81,6,10
3703,control,66.52,7,102.7
3704,control,111.73,8,174.8
3705,control,0,9,221.8
3706,control,78.44,10,225.3
3707,control,69.9,11,274.7
3708,control,39.89,12,82.0
3709,control,10.35,13,72.3
3710,control,118.77,14,125.1
3711,control,123.85,1,180.9
3712,control,53.22,2,107.9
3713,control,86.11,3,260.5
3714,control,205.7,4,136.7
3715,control,209.73,5,252.9
3716,control,72.43,6,296.1
3717,control,124.78,7,263.4
3718,control,0,8,114.6
3719,control,137.45,9,240.2
3720,control,25.68,10,204.1
3721,control,0,11,158.5
3722,control,0,12,160.1
3723,control,105.72,13,173.7
3724,control,55.58,14,186.8
3725,control,59.05,1,140.8
3726,control,54.97,2,124.7
3727,control,159.24,3,203.4
3728,control,0,4,260.5
3729,control,110.91,5,63.6
3730,control,80.0,6,176.6
3731,control,136.61,7,163.6
3732,control,40.75,8,183.3
3733,control,45.79,9,127.5
3734,control,0,10,148.7
3735,control,158.88,11,191.8
3736,control,175.11,12,97.1
3737,control,34.92,13,179.8
3738,control,72.66,14,227.6
3739,control,151.05,1,127.5
3740,control,81.03,2,162.3
3741,control,119.88,3,304.4
3742,control,122.58,4,227.2
3743,control,160.87,5,208.9
3744,control,228.28,6,132.7
3745,control,111.56,7,212.5
3746,control,84.35,8,144.5
3747,control,322.22,9,87.5
3748,control,0,10,257.6
3749,control,128.84,11,204.3
3750,control,100.38,12,233.7
3751,control,111.36,13,249.0
3752,control,106.41,14,246.1
3753,control,162.37,1,123.3
3754,control,181.93,2,202.7
3755,control,98.5,3,196.7
3756,control,110.38,4,332.2
3757,control,127.75,5,279.9
3758,control,192.74,6,130.5
3759,control,115.26,7,173.9
3760,control,151.68,8,204.9
3761,control,32.81,9,197.6
3762,control,118.85,10,215.4
3763,control,165.18,11,135.5
3764,control,23.64,12,162.6
3765,control,168.34,13,203.8
3766,control,76.09,14,144.3
3767,control,0,1,92.1
3768,control,64.15,2,211.1
3769,control,155.72,3,74.2
3770,control,91.41,4,142.9
3771,control,39.24,5,139.0
3772,control,89.76,6,237.7
3773,control,16.68,7,259.8
3774,control,109.23,8,261.1
3775,control,138.08,9,162.5
3776,control,24.1,10,253.1
3777,control,153.86,11,190.8
3778,control,146.43,12,121.0
3779,control,65.15,13,284.5
3780,control,58.02,14,151.6
3781,control,263.65,1,37.7
3782,control,0,2,104.8
3783,control,132.01,3,241.6
3784,control,32.06,4,128.4
3785,control,89.49,5,114.8
3786,control,109.56,6,120.5
3787,control,111.99,7,203.7
3788,control,104.65,8,86.4
3789,control,0,9,189.8
3790,control,169.61,10,288.9
3791,control,160.7,11,157.0
3792,control,63.8,12,124.8
3793,control,0,13,191.3
3794,control,118.68,14,104.6
3795,control,134.52,1,337.9
3796,control,107.49,2,153.9
3797,control,211.0,3,278.6
3798,control,43.99,4,232.4
3799,control,110.65,5,192.5
3800,control,0,6,220.8
3801,control,29.6,7,143.9
3802,control,116.96,8,168.2
3803,control,88.24,9,214.0
3804,control,39.9,10,194.0
3805,control,55.49,11,180.9
3806,control,8.8,12,241.3
3807,control,95.56,13,264.6
3808,control,165.58,14,152.0
3809,control,92.13,1,238.5
3810,control,293.92,2,158.8
3811,control,10.56,3,217.9
3812,control,187.82,4,222.5
3813,control,121.61,5,242.8
3814,control,35.77,6,220.5
3815,control,95.36,7,246.0
3816,control,37.63,8,206.9
3817,control,172.73,9,149.5
3818,control,162.87,10,245.1
3819,control,66.92,11,92.4
3820,control,186.82,12,233.3
3821,control,177.77,13,71.7
3822,control,117.47,14,186.6
3823,control,107.13,1,185.8
3824,control,32.99,2,200.3
3825,control,186.19,3,152.3
3826,control,157.07,4,185.5
3827,control,0,5,167.0
3828,control,112.2,6,174.0
3829,control,8.47,7,136.0
3830,control,0,8,213.0
3831,control,130.68,9,109.8
3832,control,0,10,138.0
3833,control,79.03,11,175.1
3834,control,72.94,12,95.9
3835,control,61.58,13,209.3
3836,control,183.75,14,66.8
3837,control,230.88,1,220.9
3838,control,72.54,2,152.5
3839,control,182.25,3,184.8
3840,control,37.23,4,178.6
3841,control,171.34,5,91.6
3842,control,210.02,6,190.8
3843,control,52.99,7,210.8
3844,control,127.97,8,263.8
3845,control,91.1,9,210.8
3846,control,92.65,10,162.5
3847,control,140.05,11,260.5
3848,control,44.16,12,217.4
3849,control,233.46,13,258.8
3850,control,82.88,14,251.6
3851,control,91.53,1,256.5
3852,control,94.05,2,80.4
3853,control,210.32,3,244.8
3854,control,212.89,4,120.4
3855,control,123.27,5,208.3
3856,control,143.98,6,159.0
3857,control,191.16,7,131.2
3858,control,73.14,8,149.2
3859,control,124.0,9,140.1
3860,control,61.75,10,226.8
3861,control,76.92,11,105.7
3862,control,185.17,12,151.3
3863,control,142.88,13,127.3
3864,control,132.92,14,220.0
3865,control,19.88,1,10
3866,control,131.68,2,218.3
3867,control,37.08,3,183.6
3868,control,114.96,4,214.0
3869,control,149.65,5,290.4
3870,control,15.9,6,87.4
3871,control,138.7,7,94.1
3872,control,149.02,8,164.2
3873,control,0,9,140.6
3874,control,179.71,10,252.7
3875,control,130.96,11,171.5
3876,control,174.33,12,246.0
3877,control,63.38,13,234.4
3878,control,210.54,14,171.8
3879,control,126.67,1,103.1
3880,control,128.58,2,220.6
3881,control,21.76,3,159.5
3882,control,237.76,4,192.5
3883,control,125.59,5,99.5
3884,control,11.16,6,151.0
3885,control,149.49,7,321.3
3886,control,161.95,8,173.6
3887,control,60.41,9,243.8
3888,control,80.35,10,182.6
3889,control,101.52,11,144.7
3890,control,0,12,128.9
3891,control,119.26,13,174.8
3892,control,19.11,14,216.2
3893,control,10.22,1,106.3
3894,control,82.54,2,137.8
3895,control,47.39,3,101.0
3896,control,60.6,4,126.0
3897,control,0,5,170.5
3898,control,253.88,6,227.4
3899,control,0,7,101.3
3900,control,6.5,8,92.7
3901,control,174.61,9,155.7
3902,control,320.05,10,51.0
3903,control,98.02,11,186.8
3904,control,70.75,12,243.3
3905,control,1.47,13,252.3
3906,control,100.48,14,170.9
3907,control,132.96,1,267.3
3908,control,113.67,2,139.7
3909,control,273.68,3,268.8
3910,control,85.41,4,233.5
3911,control,166.19,5,148.2
3912,control,98.31,6,228.9
3913,control,373.18,7,129.7
3914,control,30.58,8,164.2
3915,control,0,9,120.6
3916,control,0,10,212.6
3917,control,195.39,11,181.4
3918,control,27.89,12,283.5
3919,control,172.7,13,127.0
3920,control,123.0,14,166.0
3921,control,105.71,1,217.8
3922,control,92.91,2,201.7
3923,control,0,3,133.6
3924,control,173.98,4,110.2
3925,control,156.31,5,165.1
3926,control,158.29,6,166.3
3927,control,136.78,7,123.6
3928,control,113.45,8,135.4
3929,control,246.29,9,235.9
3930,control,89.5,10,225.3
3931,control,105.54,11,213.1
3932,control,45.35,12,164.8
3933,control,11.0,13,173.0
3934,control,221.07,14,243.3
3935,control,69.57,1,164.7
3936,control,159.62,2,179.9
3937,control,92.5,3,258.6
3938,control,100.4,4,58.7
3939,control,0,5,47.7
3940,control,29.36,6,140.6
3941,control,142.62,7,206.2
3942,control,55.54,8,102.2
3943,control,0,9,181.7
3944,control,2.74,10,258.2
3945,control,181.92,11,93.0
3946,control,177.8,12,133.6
3947,control,32.38,13,282.6
3948,control,68.59,14,250.7
3949,control,83.24,1,280.0
3950,control,63.79,2,319.2
3951,control,258.68,3,165.2
3952,control,14.3,4,138.9
3953,control,0,5,121.9
3954,control,264.22,6,178.4
3955,control,79.86,7,230.5
3956,control,37.94,8,220.5
3957,control,86.17,9,125.4
3958,control,74.39,10,228.5
3959,control,157.25,11,254.4
3960,control,225.19,12,287.2
3961,control,86.03,13,249.1
3962,control,0,14,302.5
3963,control,0,1,196.6
3964,control,61.13,2,156.4
3965,control,217.91,3,199.2
3966,control,181.48,4,199.9
3967,control,113.07,5,189.5
3968,control,90.23,6,123.3
3969,control,0,7,143.5
3970,control,0,8,130.8
3971,control,169.93,9,177.3
3972,control,22.37,10,227.9
3973,control,0,11,104.3
3974,control,4.04,12,82.7
3975,control,45.04,13,137.0
3976,control,198.78,14,203.1
3977,control,0,1,125.3
3978,control,250.64,2,229.9
3979,control,75.84,3,86.2
3980,control,2.79,4,206.6
3981,control,39.3,5,74.2
3982,control,219.33,6,147.0
3983,control,136.73,7,98.6
3984,control,149.53,8,212.7
3985,control,91.44,9,191.4
3986,control,107.04,10,228.4
3987,control,94.78,11,174.9
3988,control,122.03,12,222.3
3989,control,0,13,120.7
3990,control,143.86,14,142.7
3991,control,23.56,1,168.6
3992,control,33.73,2,133.4
3993,control,244.53,3,71.0
3994,control,51.38,4,10
3995,control,73.28,5,124.9
3996,control,148.49,6,278.3
3997,control,182.22,7,196.9
3998,control,87.27,8,185.3
3999,control,0,9,85.4
4000,control,0,10,203.6
4001,control,0,11,92.3
4002,control,328.41,12,156.9
4003,control,81.34,13,191.4
4004,control,145.11,14,165.9
4005,control,37.92,1,180.8
4006,control,9.57,2,160.9
4007,control,142.94,3,247.7
4008,control,14.54,4,154.9
4009,control,140.93,5,204.0
4010,control,105.5,6,296.9
4011,control,164.54,7,89.4
4012,control,119.35,8,178.9
4013,control,63.01,9,89.8
4014,control,326.74,10,172.1
4015,control,19.35,11,203.4
4016,control,151.14,12,298.3
4017,control,5.71,13,211.7
4018,control,73.25,14,153.2
4019,control,66.96,1,92.2
4020,control,167.49,2,89.6
4021,control,68.61,3,131.3
4022,control,76.14,4,199.0
4023,control,134.49,5,179.6
4024,control,16.37,6,219.9
4025,control,85.39,7,93.0
4026,control,133.25,8,170.0
4027,control,131.74,9,250.7
4028,control,142.33,10,198.8
4029,control,14.23,11,144.4
4030,control,126.92,12,234.5
4031,control,166.09,13,155.5
4032,control,34.1,14,134.7
4033,control,179.52,1,238.5
4034,control,112.25,2,197.7
4035,control,27.39,3,94.8
4036,control,57.39,4,65.0
4037,control,0,5,217.3
4038,control,23.85,6,361.6
4039,control,91.61,7,167.2
4040,control,119.61,8,139.9
4041,control,219.25,9,175.6
4042,control,150.94,10,113.4
4043,control,107.82,11,265.9
4044,control,1.68,12,147.0
4045,control,85.77,13,140.0
4046,control,91.81,14,208.1
4047,control,74.41,1,191.7
4048,control,232.92,2,162.8
4049,control,115.92,3,180.0
4050,control,237.19,4,164.7
4051,control,140.38,5,78.0
4052,control,38.71,6,299.2
4053,control,179.68,7,313.9
4054,control,209.68,8,101.3
4055,control,0,9,246.4
4056,control,93.12,10,209.2
4057,control,64.29,11,148.4
4058,control,22.33,12,174.9
4059,control,0,13,112.3
4060,control,40.73,14,125.2
4061,control,236.79,1,140.0
4062,control,149.12,2,235.7
4063,control,125.03,3,222.2
4064,control,162.1,4,174.4
4065,control,111.15,5,105.7
4066,control,126.81,6,165.6
4067,control,141.33,7,189.4
4068,control,21.37,8,196.4
4069,control,122.1,9,116.8
4070,control,58.1,10,150.2
4071,control,151.39,11,83.5
4072,control,16.96,12,201.0
4073,control,115.35,13,323.8
4074,control,3.38,14,217.0
4075,control,136.4,1,221.0
4076,control,85.7,2,236.9
4077,control,209.06,3,135.7
4078,control,184.85,4,278.6
4079,control,29.29,5,265.9
4080,control,172.53,6,10
4081,control,54.64,7,223.1
4082,control,15.0,8,236.7
4083,control,165.59,9,156.3
4084,control,146.23,10,266.2
4085,control,19.42,11,106.0
4086,control,127.06,12,138.9
4087,control,102.61,13,232.7
4088,control,109.18,14,183.4
4089,control,112.84,1,105.0
4090,control,144.79,2,124.0
4091,control,99.85,3,147.5
4092,control,192.61,4,210.3
4093,control,145.93,5,176.6
4094,control,83.38,6,218.0
4095,control,9.9,7,215.3
4096,control,130.58,8,138.6
4097,control,67.29,9,280.0
4098,control,143.19,10,122.8
4099,control,126.73,11,135.5
4100,control,211.15,12,90.8
4101,control,0,13,99.3
4102,control,162.99,14,203.1
4103,control,138.44,1,167.8
4104,control,105.2,2,115.2
4105,control,43.08,3,158.0
4106,control,13.33,4,219.8
4107,control,75.32,5,169.2
4108,control,207.77,6,301.0
4109,control,138.82,7,158.9
4110,control,0,8,169.6
4111,control,26.2,9,155.4
4112,control,129.19,10,146.4
4113,control,114.62,11,212.8
4114,control,153.11,12,205.3
4115,control,0,13,249.3
4116,control,129.81,14,165.9
4117,control,200.88,1,224.2
4118,control,23.64,2,261.8
4119,control,120.45,3,191.9
4120,control,119.22,4,190.4
4121,control,261.07,5,94.0
4122,control,36.73,6,163.9
4123,control,23.48,7,200.4
4124,control,86.74,8,141.2
4125,control,63.17,9,236.0
4126,control,219.96,10,222.5
4127,control,0,11,234.6
4128,control,240.27,12,184.4
4129,control,92.65,13,218.3
4130,control,125.31,14,125.1
4131,control,111.31,1,162.2
4132,control,126.0,2,182.9
4133,control,0,3,251.9
4134,control,179.17,4,337.9
4135,control,14.65,5,239.9
4136,control,281.91,6,229.9
4137,control,30.98,7,88.7
4138,control,193.36,8,150.9
4139,control,186.49,9,241.8
4140,control,80.84,10,177.1
4141,control,297.88,11,103.6
4142,control,58.75,12,108.5
4143,control,0,13,164.4
4144,control,109.62,14,164.0
4145,control,109.47,1,259.1
4146,control,45.2,2,104.9
4147,control,104.23,3,97.0
4148,control,23.0,4,128.7
4149,control,14.92,5,122.6
4150,control,11.9,6,190.8
4151,control,0,7,188.3
4152,control,154.03,8,274.5
4153,control,159.87,9,266.9
4154,control,255.66,10,219.2
4155,control,175.42,11,268.5
4156,control,46.74,12,98.9
4157,control,47.18,13,126.4
4158,control,172.46,14,129.3
4159,control,0,1,174.1
4160,control,136.91,2,240.3
4161,control,113.99,3,120.8
4162,control,35.2,4,102.6
4163,control,156.75,5,235.3
4164,control,78.95,6,215.8
4165,control,211.27,7,182.7
4166,control,21.98,8,210.4
4167,control,152.2,9,250.4
4168,control,31.2,10,261.2
4169,control,130.86,11,169.2
4170,control,224.02,12,169.9
4171,control,223.69,13,182.9
4172,control,238.82,14,152.9
4173,control,0,1,191.9
4174,control,88.17,2,130.4
4175,control,203.76,3,222.7
4176,control,87.31,4,206.7
4177,control,46.19,5,233.6
4178,control,158.13,6,191.7
4179,control,101.22,7,247.6
4180,control,175.99,8,136.7
4181,control,0,9,217.7
4182,control,118.81,10,140.3
4183,control,155.55,11,230.6
4184,control,54.46,12,133.3
4185,control,118.09,13,138.5
4186,control,104.17,14,185.6
4187,control,44.72,1,99.8
4188,control,147.92,2,149.4
4189,control,150.17,3,190.5
4190,control,69.63,4,284.6
4191,control,164.7,5,216.1
4192,control,218.03,6,227.7
4193,control,123.73,7,177.0
4194,control,263.48,8,219.8
4195,control,247.45,9,186.9
4196,control,152.75,10,203.0
4197,control,162.83,11,104.9
4198,control,162.03,12,138.2
4199,control,69.4,13,126.0
4200,control,23.5,14,272.9
4201,control,27.93,1,143.2
4202,control,95.79,2,196.3
4203,control,244.17,3,115.6
4204,control,270.67,4,165.7
4205,control,138.93,5,127.7
4206,control,123.96,6,112.9
4207,control,0,7,178.0
4208,control,83.78,8,148.7
4209,control,100.59,9,303.3
4210,control,0,10,219.2
4211,control,0,11,292.8
4212,control,247.89,12,174.8
4213,control,31.92,13,221.3
4214,control,61.05,14,202.4
4215,control,0,1,134.2
4216,control,150.4,2,227.9
4217,control,40.65,3,78.5
4218,control,0,4,184.0
4219,control,187.82,5,210.8
4220,control,276.13,6,142.5
4221,control,151.93,7,255.1
4222,control,149.85,8,192.5
4223,control,0,9,372.3
4224,control,132.12,10,341.8
4225,control,145.58,11,252.9
4226,control,127.26,12,181.4
4227,control,107.32,13,168.2
4228,control,91.81,14,209.8
4229,control,16.0,1,186.9
4230,control,169.09,2,170.8
4231,control,156.91,3,192.5
4232,control,157.72,4,243.1
4233,control,147.02,5,174.4
4234,control,88.18,6,133.8
4235,control,35.28,7,141.8
4236,control,132.13,8,169.8
4237,control,0,9,139.5
4238,control,104.4,10,154.8
4239,control,78.09,11,58.4
4240,control,152.67,12,229.9
4241,control,97.78,13,168.1
4242,control,31.99,14,177.3
4243,control,160.26,1,134.0
4244,control,0,2,39.5
4245,control,43.91,3,163.9
4246,control,9.14,4,75.5
4247,control,77.4,5,167.5
4248,control,73.36,6,176.7
4249,control,75.43,7,195.3
4250,control,65.34,8,131.0
4251,control,190.71,9,268.5
4252,control,59.33,10,112.6
4253,control,0.72,11,115.0
4254,control,233.56,12,160.8
4255,control,169.4,13,133.7
4256,control,0,14,164.4
4257,control,28.59,1,222.8
4258,control,61.94,2,150.8
4259,control,51.62,3,138.8
4260,control,265.47,4,177.2
4261,control,203.65,5,197.0
4262,control,123.67,6,185.9
4263,control,124.66,7,195.3
4264,control,91.42,8,172.4
4265,control,7.58,9,236.9
4266,control,180.87,10,215.6
4267,control,123.98,11,179.3
4268,control,141.49,12,134.9
4269,control,0,13,93.6
4270,control,137.58,14,171.0
4271,control,66.22,1,187.3
4272,control,0,2,179.7
4273,control,42.53,3,251.2
4274,control,90.44,4,167.7
4275,control,81.56,5,71.7
4276,control,181.45,6,152.1
4277,control,92.92,7,200.5
4278,control,172.15,8,195.8
4279,control,74.14,9,98.4
4280,control,103.74,10,196.3
4281,control,133.95,11,231.7
4282,control,79.68,12,101.0
4283,control,42.52,13,172.2
4284,control,173.18,14,168.7
4285,control,0,1,186.6
4286,control,0,2,224.1
4287,control,116.02,3,186.0
4288,control,67.44,4,168.8
4289,control,161.13,5,10
4290,control,0,6,228.6
4291,control,0,7,198.6
4292,control,115.51,8,114.5
4293,control,52.33,9,255.4
4294,control,161.03,10,247.2
4295,control,119.3,11,228.3
4296,control,151.33,12,200.0
4297,control,187.9,13,114.3
4298,control,185.86,14,187.0
4299,control,181.87,1,304.5
4300,control,52.23,2,201.5
4301,control,172.39,3,106.7
4302,control,0,4,191.2
4303,control,53.42,5,91.1
4304,control,84.95,6,215.8
4305,control,118.68,7,76.2
4306,control,188.32,8,131.1
4307,control,116.54,9,144.4
4308,control,145.45,10,88.3
4309,control,0,11,176.6
4310,control,122.68,12,102.4
4311,control,0,13,222.4
4312,control,60.07,14,252.1
4313,control,0,1,204.8
4314,control,153.67,2,115.5
4315,control,0,3,137.6
4316,control,46.67,4,237.5
4317,control,6.29,5,154.3
4318,control,38.36,6,159.5
4319,control,227.67,7,199.5
4320,control,202.56,8,228.8
4321,control,169.45,9,152.8
4322,control,85.74,10,264.2
4323,control,7.33,11,187.3
4324,control,54.77,12,204.2
4325,control,187.83,13,291.0
4326,control,99.28,14,192.1
4327,control,41.85,1,126.6
4328,control,0,2,230.2
4329,control,79.4,3,299.7
4330,control,172.05,4,159.7
4331,control,212.11,5,328.3
4332,control,0,6,116.6
4333,control,42.37,7,188.6
4334,control,61.49,8,196.4
4335,control,82.63,9,160.9
4336,control,78.33,10,199.9
4337,control,170.75,11,131.7
4338,control,116.8,12,233.6
4339,control,146.0,13,126.6
4340,control,176.6,14,159.3
4341,control,112.77,1,149.1
4342,control,58.63,2,38.8
4343,control,123.63,3,215.2
4344,control,126.93,4,248.1
4345,control,144.94,5,71.2
4346,control,263.83,6,147.1
4347,control,14.61,7,248.5
4348,control,180.36,8,69.8
4349,control,202.89,9,179.0
4350,control,81.85,10,144.5
4351,control,27.2,11,264.1
4352,control,10.8,12,147.5
4353,control,110.49,13,126.3
4354,control,0,14,281.5
4355,control,0,1,260.7
4356,control,170.75,2,116.1
4357,control,88.54,3,232.8
4358,control,134.06,4,161.6
4359,control,0,5,231.0
4360,control,140.32,6,178.7
4361,control,230.23,7,161.1
4362,control,71.35,8,132.7
4363,control,25.51,9,93.4
4364,control,170.48,10,183.2
4365,control,28.67,11,155.2
4366,control,49.45,12,120.9
4367,control,117.38,13,150.6
4368,control,0,14,244.8
4369,control,0,1,167.5
4370,control,100.68,2,280.1
4371,control,102.48,3,105.5
4372,control,11.63,4,220.5
4373,control,138.99,5,139.7
4374,control,231.82,6,257.9
4375,control,103.65,7,195.3
4376,control,127.98,8,188.1
4377,control,117.1,9,233.7
4378,control,0,10,303.2
4379,control,125.31,11,181.3
4380,control,121.76,12,172.4
4381,control,46.0,13,180.5
4382,control,187.26,14,243.0
4383,control,67.02,1,26.8
4384,control,33.64,2,159.6
4385,control,49.05,3,60.4
4386,control,141.3,4,124.4
4387,control,143.55,5,231.2
4388,control,5.2,6,200.0
4389,control,121.8,7,101.5
4390,control,118.68,8,335.4
4391,control,84.84,9,196.6
4392,control,53.54,10,354.1
4393,control,46.21,11,93.2
4394,control,0,12,141.8
4395,control,138.3,13,68.9
4396,control,112.33,14,230.1
4397,control,92.1,1,227.6
4398,control,0,2,223.4
4399,control,178.74,3,130.6
4400,control,194.99,4,133.1
4401,control,63.43,5,159.8
4402,control,128.29,6,264.4
4403,control,141.18,7,142.4
4404,control,177.1,8,155.6
4405,control,8.78,9,268.0
4406,control,278.1,10,165.2
4407,control,164.96,11,145.8
4408,control,96.42,12,136.0
4409,control,77.66,13,39.2
4410,control,123.37,14,127.1
4411,control,264.84,1,164.0
4412,control,0,2,139.4
4413,control,67.82,3,185.8
4414,control,23.41,4,243.9
4415,control,119.67,5,195.8
4416,control,36.5,6,263.0
4417,control,31.42,7,118.8
4418,control,87.53,8,140.5
4419,control,38.27,9,291.3
4420,control,124.44,10,144.9
4421,control,0,11,206.2
4422,control,157.55,12,214.8
4423,control,165.35,13,135.4
4424,control,48.65,14,91.7
4425,control,33.82,1,108.8
4426,control,103.4,2,148.0
4427,control,149.45,3,173.0
4428,control,84.78,4,183.8
4429,control,172.3,5,179.8
4430,control,0,6,139.2
4431,control,153.11,7,157.9
4432,control,55.37,8,212.4
4433,control,211.56,9,143.4
4434,control,17.99,10,239.3
4435,control,32.94,11,115.9
4436,control,234.94,12,212.5
4437,control,108.68,13,129.5
4438,control,174.78,14,288.4
4439,control,111.99,1,302.5
4440,control,144.84,2,278.0
4441,control,0,3,293.6
4442,control,91.39,4,172.5
4443,control,150.73,5,329.1
4444,control,94.13,6,198.6
4445,control,91.54,7,168.1
4446,control,0,8,85.3
4447,control,78.51,9,277.6
4448,control,193.24,10,87.1
4449,control,41.06,11,203.5
4450,control,8.69,12,191.2
4451,control,22.86,13,219.4
4452,control,124.1,14,170.5
4453,control,32.78,1,215.4
4454,control,166.99,2,97.1
4455,control,133.02,3,207.5
4456,control,161.26,4,168.6
4457,control,305.81,5,74.2
4458,control,124.94,6,221.3
4459,control,0,7,181.5
4460,control,4.47,8,114.9
4461,control,193.16,9,234.3
4462,control,62.85,10,177.3
4463,control,68.34,11,181.8
4464,control,133.06,12,218.2
4465,control,107.0,13,246.3
4466,control,179.88,14,206.3
4467,control,196.77,1,99.1
4468,control,136.46,2,177.2
4469,control,187.42,3,224.4
4470,control,215.44,4,217.2
4471,control,190.9,5,147.4
4472,control,151.16,6,246.4
4473,control,208.96,7,188.6
4474,control,189.45,8,164.0
4475,control,83.02,9,231.4
4476,control,194.31,10,227.9
4477,control,303.58,11,280.5
4478,control,128.88,12,261.5
4479,control,121.74,13,157.2
4480,control,154.05,14,217.7
4481,control,262.3,1,160.6
4482,control,0,2,56.8
4483,control,129.73,3,158.2
4484,control,155.95,4,218.2
4485,control,164.31,5,232.5
4486,control,124.99,6,179.6
4487,control,0,7,146.3
4488,control,184.14,8,204.0
4489,control,124.37,9,178.6
4490,control,110.15,10,155.5
4491,control,75.65,11,184.5
4492,control,111.53,12,200.5
4493,control,315.97,13,142.2
4494,control,217.04,14,121.1
4495,control,0,1,262.4
4496,control,17.51,2,182.9
4497,control,255.77,3,144.7
4498,control,53.61,4,179.8
4499,control,122.64,5,202.8
4500,control,122.02,6,149.6
4501,control,27.99,7,196.1
4502,control,183.16,8,111.3
4503,control,78.54,9,249.3
4504,control,136.71,10,269.8
4505,control,114.09,11,271.7
4506,control,80.95,12,77.5
4507,control,269.84,13,191.3
4508,control,174.66,14,105.6
4509,control,84.45,1,223.8
4510,control,80.73,2,163.2
4511,control,110.4,3,219.6
4512,control,160.49,4,179.6
4513,control,57.02,5,176.1
4514,control,0,6,223.4
4515,control,206.81,7,158.0
4516,control,198.42,8,102.1
4517,control,115.68,9,66.8
4518,control,50.71,10,254.6
4519,control,53.44,11,185.2
4520,control,39.19,12,262.2
4521,control,128.57,13,121.3
4522,control,35.31,14,42.0
4523,control,0,1,138.4
4524,control,232.98,2,155.0
4525,control,119.47,3,122.7
4526,control,0,4,132.3
4527,control,90.51,5,235.6
4528,control,271.37,6,175.5
4529,control,105.06,7,241.6
4530,control,24.84,8,120.3
4531,control,18.03,9,120.3
4532,control,238.64,10,240.3
4533,control,37.35,11,83.5
4534,control,0,12,122.5
4535,control,209.87,13,101.1
4536,control,91.71,14,65.6
4537,control,99.55,1,148.6
4538,control,0,2,198.8
4539,control,114.73,3,161.3
4540,control,81.96,4,113.2
4541,control,109.29,5,156.0
4542,control,101.17,6,209.2
4543,control,164.26,7,240.3
4544,control,36.1,8,137.8
4545,control,138.95,9,157.9
4546,control,152.39,10,176.9
4547,control,0,11,204.1
4548,control,0,12,272.0
4549,control,26.97,13,203.7
4550,control,45.59,14,168.4
4551,control,73.69,1,242.6
4552,control,189.6,2,258.3
4553,control,24.77,3,110.1
4554,control,62.29,4,98.1
4555,control,173.32,5,226.6
4556,control,141.03,6,145.1
4557,control,156.06,7,250.9
4558,control,0,8,179.4
4559,control,25.89,9,208.2
4560,control,150.58,10,62.6
4561,control,2.33,11,251.3
4562,control,120.39,12,192.1
4563,control,0.26,13,251.0
4564,control,217.16,14,227.1
4565,control,66.92,1,144.9
4566,control,147.8,2,313.5
4567,control,28.79,3,168.5
4568,control,201.13,4,176.2
4569,control,195.38,5,171.7
4570,control,158.24,6,226.2
4571,control,0,7,149.4
4572,control,143.51,8,247.5
4573,control,32.82,9,133.5
4574,control,151.09,10,149.7
4575,control,50.69,11,239.8
4576,control,89.18,12,239.9
4577,control,106.85,13,141.9
4578,control,87.78,14,128.1
4579,control,0,1,162.6
4580,control,64.85,2,203.1
4581,control,6.38,3,303.7
4582,control,176.96,4,198.0
4583,control,37.78,5,231.8
4584,control,22.56,6,310.9
4585,control,211.61,7,197.4
4586,control,160.83,8,151.7
4587,control,84.85,9,158.7
4588,control,60.79,10,247.4
4589,control,0,11,158.3
4590,control,109.45,12,268.9
4591,control,174.47,13,181.3
4592,control,154.31,14,153.1
4593,control,279.07,1,199.9
4594,control,70.77,2,238.9
4595,control,161.16,3,145.2
4596,control,193.57,4,294.2
4597,control,156.97,5,131.7
4598,control,72.83,6,217.7
4599,control,0,7,95.6
4600,control,0,8,152.4
4601,control,58.79,9,205.9
4602,control,121.92,10,184.0
4603,control,0.36,11,103.9
4604,control,171.9,12,178.4
4605,control,68.19,13,174.2
4606,control,175.85,14,310.6
4607,control,153.31,1,223.5
4608,control,196.06,2,241.6
4609,control,71.62,3,185.0
4610,control,0,4,195.9
4611,control,98.94,5,260.8
4612,control,42.35,6,208.4
4613,control,85.59,7,243.8
4614,control,186.9,8,111.0
4615,control,67.19,9,210.0
4616,control,175.95,10,182.9
4617,control,146.63,11,159.2
4618,control,156.08,12,180.8
4619,control,174.52,13,133.3
4620,control,71.8,14,94.3
4621,control,10.69,1,104.7
4622,control,142.84,2,180.3
4623,control,132.34,3,195.5
4624,control,46.85,4,181.1
4625,control,107.0,5,185.3
4626,control,178.13,6,180.3
4627,control,158.6,7,221.8
4628,control,62.82,8,117.9
4629,control,94.05,9,189.2
4630,control,24.91,10,223.2
4631,control,125.91,11,102.8
4632,control,0,12,212.4
4633,control,228.63,13,262.1
4634,control,159.11,14,230.3
4635,control,147.0,1,102.8
4636,control,120.77,2,51.6
4637,control,134.17,3,181.2
4638,control,109.07,4,192.7
4639,control,255.02,5,118.2
4640,control,37.03,6,46.0
4641,control,145.37,7,253.2
4642,control,79.83,8,159.3
4643,control,160.52,9,230.2
4644,control,144.76,10,99.9
4645,control,80.44,11,175.7
4646,control,124.5,12,189.6
4647,control,95.98,13,235.9
4648,control,145.23,14,188.7
4649,control,84.37,1,226.8
4650,control,132.98,2,180.1
4651,control,63.3,3,220.1
4652,control,128.22,4,267.1
4653,control,195.33,5,292.7
4654,control,116.91,6,186.2
4655,control,176.55,7,152.8
4656,control,54.88,8,183.5
4657,control,91.11,9,98.8
4658,control,152.57,10,160.9
4659,control,103.28,11,162.0
4660,control,118.97,12,207.2
4661,control,202.16,13,204.4
4662,control,67.75,14,191.3
4663,control,102.04,1,309.9
4664,control,44.61,2,188.5
4665,control,0,3,236.7
4666,control,85.41,4,287.7
4667,control,32.41,5,144.1
4668,control,156.07,6,153.7
4669,control,325.46,7,16.1
4670,control,239.79,8,168.6
4671,control,35.56,9,316.5
4672,control,8.32,10,254.5
4673,control,0,11,242.2
4674,control,139.21,12,105.8
4675,control,90.7,13,176.0
4676,control,121.57,14,163.6
4677,control,52.98,1,187.7
4678,control,233.95,2,121.6
4679,control,78.19,3,244.6
4680,control,0.27,4,206.1
4681,control,0,5,332.4
4682,control,86.57,6,240.0
4683,control,112.67,7,230.0
4684,control,98.36,8,194.0
4685,control,116.98,9,198.1
4686,control,77.44,10,276.8
4687,control,205.94,11,255.3
4688,control,59.22,12,130.9
4689,control,210.96,13,140.3
4690,control,0,14,309.9
4691,control,250.88,1,141.4
4692,control,151.32,2,208.1
4693,control,6.76,3,125.4
4694,control,146.45,4,207.3
4695,control,96.82,5,151.4
4696,control,38.54,6,200.3
4697,control,185.47,7,287.2
4698,control,167.05,8,135.8
4699,control,124.54,9,71.5
4700,control,40.07,10,268.2
4701,control,45.64,11,87.6
4702,control,137.24,12,179.8
4703,control,116.23,13,202.0
4704,control,11.01,14,254.4
4705,control,175.25,1,283.1
4706,control,0,2,224.6
4707,control,99.3,3,142.1
4708,control,157.61,4,194.3
4709,control,94.79,5,253.5
4710,control,10.75,6,270.4
4711,control,145.55,7,128.9
4712,control,167.49,8,158.6
4713,control,292.32,9,130.9
4714,control,62.59,10,186.2
4715,control,133.39,11,168.9
4716,control,185.34,12,173.3
4717,control,137.9,13,102.9
4718,control,89.66,14,248.2
4719,control,198.3,1,204.5
4720,control,252.58,2,222.0
4721,control,130.3,3,221.1
4722,control,56.89,4,202.6
4723,control,73.53,5,198.1
4724,control,0,6,129.2
4725,control,201.33,7,212.9
4726,control,309.31,8,165.1
4727,control,0,9,34.4
4728,control,123.04,10,260.2
4729,control,107.55,11,180.9
4730,control,51.01,12,217.9
4731,control,100.2,13,180.0
4732,control,82.31,14,126.5
4733,control,56.85,1,150.8
4734,control,0,2,104.6
4735,control,209.46,3,196.8
4736,control,159.12,4,184.4
4737,control,164.13,5,251.4
4738,control,59.76,6,116.4
4739,control,0,7,173.1
4740,control,76.92,8,183.2
4741,control,75.57,9,333.4
4742,control,54.8,10,154.0
4743,control,0,11,135.3
4744,control,54.8,12,96.0
4745,control,114.07,13,195.4
4746,control,47.4,14,116.8
4747,control,50.68,1,216.9
4748,control,149.07,2,177.8
4749,control,143.98,3,191.5
4750,control,237.3,4,236.8
4751,control,77.19,5,109.6
4752,control,122.03,6,217.2
4753,control,104.01,7,231.8
4754,control,0,8,166.6
4755,control,258.67,9,179.6
4756,control,130.47,10,235.6
4757,control,0,11,138.7
4758,control,182.65,12,256.3
4759,control,69.37,13,160.9
4760,control,159.81,14,281.7
4761,control,258.11,1,207.2
4762,control,130.84,2,150.2
4763,control,106.03,3,149.5
4764,control,23.81,4,145.8
4765,control,32.34,5,171.4
4766,control,61.92,6,289.1
4767,control,101.63,7,148.7
4768,control,10.32,8,208.2
4769,control,226.79,9,262.7
4770,control,206.73,10,120.5
4771,control,141.25,11,253.4
4772,control,12.65,12,268.0
4773,control,117.19,13,79.7
4774,control,38.97,14,212.4
4775,control,80.5,1,219.6
4776,control,124.37,2,202.8
4777,control,37.01,3,293.3
4778,control,27.14,4,137.6
4779,control,16.72,5,271.6
4780,control,142.35,6,283.6
4781,control,248.71,7,125.8
4782,control,42.52,8,237.0
4783,control,49.42,9,183.1
4784,control,22.68,10,300.9
4785,control,146.47,11,54.4
4786,control,0,12,113.8
4787,control,137.54,13,112.9
4788,control,95.18,14,275.0
4789,control,201.97,1,207.4
4790,control,89.06,2,236.0
4791,control,108.18,3,235.6
4792,control,26.16,4,182.1
4793,control,109.9,5,130.7
4794,control,50.31,6,141.4
4795,control,12.81,7,161.1
4796,control,2.85,8,235.6
4797,control,47.7,9,223.0
4798,control,172.24,10,211.3
4799,control,197.11,11,105.6
4800,control,35.75,12,69.3
4801,control,172.29,13,104.1
4802,control,106.09,14,76.5
4803,control,17.46,1,149.7
4804,control,59.93,2,102.1
4805,control,7.99,3,222.2
4806,control,0,4,264.1
4807,control,145.55,5,131.7
4808,control,44.98,6,218.8
4809,control,78.22,7,250.7
4810,control,70.5,8,207.7
4811,control,166.22,9,191.6
4812,control,123.44,10,174.6
4813,control,41.12,11,166.0
4814,control,71.94,12,224.0
4815,control,143.54,13,137.2
4816,control,110.5,14,248.4
4817,control,70.99,1,80.2
4818,control,230.96,2,108.6
4819,control,234.14,3,171.3
4820,control,107.08,4,139.1
4821,control,89.93,5,212.6
4822,control,17.78,6,177.7
4823,control,113.53,7,100.8
4824,control,88.74,8,190.6
4825,control,171.39,9,114.0
4826,control,77.26,10,255.2
4827,control,131.72,11,225.6
4828,control,122.64,12,287.5
4829,control,108.64,13,158.1
4830,control,70.75,14,176.2
4831,control,67.34,1,136.0
4832,control,186.71,2,136.3
4833,control,144.31,3,220.2
4834,control,0,4,212.1
4835,control,111.54,5,126.4
4836,control,105.08,6,101.2
4837,control,130.11,7,93.2
4838,control,130.08,8,144.1
4839,control,128.91,9,163.9
4840,control,147.65,10,165.6
4841,control,106.27,11,82.4
4842,control,155.4,12,146.8
4843,control,3.31,13,188.0
4844,control,244.71,14,85.9
4845,control,0,1,188.5
4846,control,56.32,2,185.3
4847,control,0,3,276.7
4848,control,72.21,4,19.5
4849,control,95.27,5,154.3
4850,control,88.46,6,239.6
4851,control,93.3,7,81.5
4852,control,121.66,8,194.8
4853,control,84.12,9,211.9
4854,control,93.93,10,85.0
4855,control,98.54,11,200.1
4856,control,85.12,12,237.8
4857,control,192.47,13,208.6
4858,control,184.59,14,181.9
4859,control,138.8,1,180.4
4860,control,211.54,2,244.6
4861,control,159.12,3,297.1
4862,control,112.11,4,147.9
4863,control,75.36,5,164.7
4864,control,79.23,6,213.7
4865,control,64.38,7,193.6
4866,control,40.17,8,82.7
4867,control,0,9,191.2
4868,control,0,10,139.2
4869,control,134.45,11,223.0
4870,control,132.14,12,209.5
4871,control,124.19,13,239.1
4872,control,0,14,104.5
4873,control,0,1,248.2
4874,control,0,2,248.6
4875,control,36.03,3,207.8
4876,control,138.79,4,66.2
4877,control,239.07,5,62.1
4878,control,91.98,6,163.7
4879,control,118.08,7,131.4
4880,control,269.08,8,104.6
4881,control,160.57,9,242.7
4882,control,79.55,10,237.5
4883,control,82.72,11,138.8
4884,control,111.61,12,246.4
4885,control,0,13,181.9
4886,control,37.14,14,197.1
4887,control,176.23,1,147.3
4888,control,106.11,2,171.5
4889,control,44.0,3,145.1
4890,control,189.14,4,223.0
4891,control,0,5,91.5
4892,control,0,6,184.1
4893,control,15.9,7,192.3
4894,control,238.48,8,189.3
4895,control,74.17,9,305.9
4896,control,203.86,10,165.7
4897,control,125.34,11,203.5
4898,control,0,12,200.4
4899,control,239.11,13,153.4
4900,control,219.25,14,214.3
4901,control,107.45,1,163.3
4902,control,27.82,2,170.3
4903,control,140.47,3,202.8
4904,control,184.63,4,178.3
4905,control,137.1,5,234.4
4906,control,17.96,6,314.1
4907,control,52.59,7,199.1
4908,control,174.41,8,304.9
4909,control,157.83,9,117.7
4910,control,138.71,10,135.7
4911,control,55.68,11,184.7
4912,control,108.23,12,159.0
4913,control,84.86,13,243.2
4914,control,222.71,14,239.2
4915,control,0,1,86.1
4916,control,214.95,2,203.6
4917,control,146.58,3,321.2
4918,control,136.11,4,201.2
4919,control,130.42,5,268.0
4920,control,0,6,265.3
4921,control,0,7,151.6
4922,control,0,8,130.3
4923,control,120.37,9,259.2
4924,control,71.78,10,182.9
4925,control,125.47,11,115.3
4926,control,226.59,12,140.1
4927,control,102.43,13,262.8
4928,control,148.64,14,111.3
4929,control,97.99,1,204.3
4930,control,151.9,2,183.1
4931,control,23.63,3,97.5
4932,control,0,4,142.8
4933,control,171.97,5,118.1
4934,control,205.77,6,235.3
4935,control,96.39,7,227.7
4936,control,17.26,8,241.6
4937,control,119.87,9,51.9
4938,control,53.77,10,214.4
4939,control,220.75,11,149.6
4940,control,0,12,129.0
4941,control,41.46,13,318.1
4942,control,321.19,14,124.9
4943,control,33.8,1,225.4
4944,control,73.87,2,236.2
4945,control,169.65,3,231.8
4946,control,16.65,4,184.0
4947,control,208.79,5,155.1
4948,control,180.76,6,185.8
4949,control,164.59,7,157.5
4950,control,55.65,8,32.7
4951,control,73.79,9,240.7
4952,control,51.41,10,125.0
4953,control,208.19,11,165.5
4954,control,15.14,12,67.7
4955,control,103.89,13,239.5
4956,control,162.54,14,181.9
4957,control,176.77,1,168.2
4958,control,143.73,2,128.3
4959,control,28.15,3,234.4
4960,control,0,4,243.7
4961,control,76.66,5,177.8
4962,control,37.43,6,156.8
4963,control,0,7,258.7
4964,control,54.15,8,68.6
4965,control,0,9,58.7
4966,control,69.46,10,114.5
4967,control,216.06,11,251.6
4968,control,0,12,231.6
4969,control,0,13,270.6
4970,control,34.85,14,116.6
4971,control,73.18,1,73.9
4972,control,46.16,2,206.3
4973,control,77.66,3,117.5
4974,control,169.3,4,107.7
4975,control,95.31,5,218.5
4976,control,103.37,6,166.6
4977,control,165.61,7,185.9
4978,control,246.33,8,27.2
4979,control,66.86,9,81.5
4980,control,0,10,182.9
4981,control,204.64,11,198.2
4982,control,0,12,256.8
4983,control,95.59,13,267.6
4984,control,49.4,14,133.2
4985,control,92.29,1,172.7
4986,control,173.2,2,230.1
4987,control,171.04,3,126.2
4988,control,24.98,4,223.8
4989,control,170.04,5,139.9
4990,control,0,6,154.0
4991,control,140.27,7,184.0
4992,control,178.99,8,163.0
4993,control,121.07,9,305.2
4994,control,175.59,10,211.1
4995,control,137.51,11,231.3
4996,control,0,12,144.9
4997,control,92.03,13,227.9
4998,control,80.22,14,153.0
4999,control,0,1,68.3
5000,control,109.4,2,190.5
5001,treatment,259.27,3,173.2
5002,treatment,103.92,4,151.2
5003,treatment,42.36,5,203.9
5004,treatment,61.63,6,152.0
5005,treatment,25.75,7,136.4
5006,treatment,353.75,8,186.5
5007,treatment,46.31,9,177.7
5008,treatment,13.65,10,207.6
5009,treatment,210.0,11,149.3
5010,treatment,42.17,12,165.2
5011,treatment,54.66,13,272.5
5012,treatment,14.06,14,209.7
5013,treatment,134.4,1,155.2
5014,treatment,176.95,2,186.2
5015,treatment,189.13,3,197.3
5016,treatment,134.23,4,180.8
5017,treatment,197.25,5,155.3
5018,treatment,179.08,6,99.5
5019,treatment,124.38,7,180.0
5020,treatment,88.99,8,233.1
5021,treatment,302.88,9,88.9
5022,treatment,173.08,10,105.5
5023,treatment,102.88,11,232.6
5024,treatment,0,12,93.1
5025,treatment,47.41,13,211.5
5026,treatment,47.01,14,259.0
5027,treatment,23.51,1,169.3
5028,treatment,95.55,2,189.6
5029,treatment,129.26,3,235.4
5030,treatment,93.98,4,195.3
5031,treatment,72.38,5,94.2
5032,treatment,101.46,6,161.3
5033,treatment,58.48,7,125.7
5034,treatment,35.56,8,147.9
5035,treatment,108.83,9,220.8
5036,treatment,159.8,10,206.1
5037,treatment,152.01,11,26.0
5038,treatment,179.3,12,73.8
5039,treatment,50.66,13,144.6
5040,treatment,70.99,14,268.9
5041,treatment,52.76,1,232.6
5042,treatment,35.75,2,126.7
5043,treatment,147.52,3,215.0
5044,treatment,109.27,4,181.8
5045,treatment,127.85,5,176.1
5046,treatment,189.87,6,143.9
5047,treatment,20.78,7,176.4
5048,treatment,116.56,8,120.5
5049,treatment,101.49,9,170.7
5050,treatment,146.27,10,179.0
5051,treatment,82.72,11,281.7
5052,treatment,184.71,12,140.3
5053,treatment,156.18,13,236.8
5054,treatment,125.62,14,10
5055,treatment,84.44,1,107.3
5056,treatment,83.25,2,170.2
5057,treatment,175.98,3,227.7
5058,treatment,0,4,115.5
5059,treatment,231.11,5,156.1
5060,treatment,184.16,6,161.6
5061,treatment,258.71,7,100.1
5062,treatment,137.07,8,264.1
5063,treatment,141.36,9,258.3
5064,treatment,11.05,10,196.1
5065,treatment,0,11,213.1
5066,treatment,126.25,12,175.6
5067,treatment,181.22,13,257.3
5068,treatment,39.86,14,75.4
5069,treatment,31.59,1,227.1
5070,treatment,72.28,2,146.5
5071,treatment,163.16,3,115.9
5072,treatment,122.7,4,189.7
5073,treatment,103.13,5,187.2
5074,treatment,159.23,6,271.6
5075,treatment,49.96,7,181.1
5076,treatment,0,8,163.4
5077,treatment,133.2,9,172.2
5078,treatment,0,10,268.6
5079,treatment,48.58,11,162.0
5080,treatment,5.33,12,145.8
5081,treatment,58.51,13,286.1
5082,treatment,68.7,14,164.3
5083,treatment,31.06,1,191.5
5084,treatment,0,2,256.4
5085,treatment,129.29,3,166.7
5086,treatment,69.71,4,197.7
5087,treatment,63.76,5,157.9
5088,treatment,140.72,6,157.5
5089,treatment,129.8,7,225.5
5090,treatment,93.25,8,149.9
5091,treatment,88.36,9,282.6
5092,treatment,206.3,10,218.3
5093,treatment,172.59,11,219.5
5094,treatment,215.31,12,147.4
5095,treatment,0,13,200.2
5096,treatment,140.91,14,120.0
5097,treatment,101.15,1,30.8
5098,treatment,93.69,2,191.6
5099,treatment,89.38,3,156.8
5100,treatment,116.77,4,172.5
5101,treatment,157.47,5,173.4
5102,treatment,117.32,6,225.9
5103,treatment,213.36,7,126.4
5104,treatment,160.47,8,158.1
5105,treatment,38.44,9,108.2
5106,treatment,175.32,10,197.2
5107,treatment,3.33,11,173.3
5108,treatment,147.97,12,276.2
5109,treatment,173.99,13,26.8
5110,treatment,6.21,14,232.1
5111,treatment,0,1,233.5
5112,treatment,146.98,2,283.9
5113,treatment,68.83,3,214.0
5114,treatment,12.99,4,124.5
5115,treatment,165.08,5,105.8
5116,treatment,66.63,6,160.4
5117,treatment,91.93,7,227.9
5118,treatment,263.42,8,138.5
5119,treatment,170.83,9,86.5
5120,treatment,148.44,10,306.4
5121,treatment,118.34,11,113.9
5122,treatment,191.67,12,206.8
5123,treatment,32.46,13,220.0
5124,treatment,130.38,14,183.5
5125,treatment,209.57,1,245.2
5126,treatment,243.12,2,223.8
5127,treatment,108.84,3,138.8
5128,treatment,0,4,167.5
5129,treatment,106.68,5,133.9
5130,treatment,93.94,6,187.7
5131,treatment,170.77,7,100.4
5132,treatment,243.36,8,97.9
5133,treatment,136.46,9,218.7
5134,treatment,41.27,10,145.5
5135,treatment,7.69,11,82.9
5136,treatment,154.72,12,218.2
5137,treatment,114.86,13,134.3
5138,treatment,166.02,14,227.3
5139,treatment,59.53,1,175.5
5140,treatment,87.18,2,208.9
5141,treatment,183.95,3,102.9
5142,treatment,130.87,4,160.2
5143,treatment,190.86,5,190.5
5144,treatment,22.5,6,171.4
5145,treatment,47.93,7,131.2
5146,treatment,74.24,8,194.2
5147,treatment,201.84,9,195.2
5148,treatment,34.43,10,259.6
5149,treatment,34.77,11,151.9
5150,treatment,88.6,12,227.2
5151,treatment,194.68,13,196.2
5152,treatment,144.5,14,154.5
5153,treatment,164.36,1,248.0
5154,treatment,0,2,180.7
5155,treatment,155.06,3,160.6
5156,treatment,116.82,4,179.5
5157,treatment,0,5,292.2
5158,treatment,187.03,6,85.3
5159,treatment,47.51,7,175.3
5160,treatment,119.89,8,197.5
5161,treatment,173.33,9,109.3
5162,treatment,113.18,10,144.0
5163,treatment,259.26,11,204.2
5164,treatment,0,12,190.1
5165,treatment,140.43,13,136.4
5166,treatment,167.05,14,258.3
5167,treatment,29.95,1,62.7
5168,treatment,19.84,2,284.0
5169,treatment,178.22,3,163.3
5170,treatment,14.88,4,194.9
5171,treatment,129.62,5,117.8
5172,treatment,164.3,6,198.5
5173,treatment,125.61,7,221.5
5174,treatment,25.68,8,277.8
5175,treatment,214.29,9,204.3
5176,treatment,24.58,10,268.3
5177,treatment,202.33,11,217.6
5178,treatment,140.41,12,199.8
5179,treatment,82.89,13,214.2
5180,treatment,67.05,14,206.2
5181,treatment,48.61,1,105.6
5182,treatment,89.46,2,235.0
5183,treatment,113.5,3,255.6
5184,treatment,124.06,4,164.8
5185,treatment,140.97,5,132.3
5186,treatment,0,6,232.1
5187,treatment,48.1,7,295.1
5188,treatment,44.78,8,149.4
5189,treatment,0,9,139.5
5190,treatment,180.77,10,203.4
5191,treatment,133.03,11,243.2
5192,treatment,84.85,12,212.0
5193,treatment,93.71,13,149.3
5194,treatment,137.21,14,191.8
5195,treatment,159.18,1,171.6
5196,treatment,196.66,2,168.2
5197,treatment,206.06,3,237.8
5198,treatment,87.27,4,235.0
5199,treatment,120.33,5,124.2
5200,treatment,182.81,6,116.8
5201,treatment,167.82,7,329.5
5202,treatment,135.46,8,121.3
5203,treatment,165.19,9,91.8
5204,treatment,123.26,10,204.4
5205,treatment,75.53,11,192.3
5206,treatment,0,12,157.3
5207,treatment,86.04,13,62.7
5208,treatment,145.23,14,217.7
5209,treatment,55.78,1,55.1
5210,treatment,105.59,2,266.1
5211,treatment,100.97,3,192.0
5212,treatment,103.47,4,196.5
5213,treatment,247.32,5,73.6
5214,treatment,127.89,6,304.7
5215,treatment,20.89,7,192.1
5216,treatment,7.25,8,41.1
5217,treatment,155.88,9,167.2
5218,treatment,192.3,10,117.3
5219,treatment,212.67,11,160.8
5220,treatment,0,12,266.6
5221,treatment,198.95,13,206.2
5222,treatment,98.21,14,179.3
5223,treatment,0,1,220.6
5224,treatment,107.17,2,231.6
5225,treatment,146.04,3,120.8
5226,treatment,217.93,4,143.8
5227,treatment,0,5,177.2
5228,treatment,176.7,6,212.0
5229,treatment,22.26,7,200.5
5230,treatment,45.74,8,210.7
5231,treatment,169.45,9,232.8
5232,treatment,271.56,10,100.5
5233,treatment,182.21,11,229.6
5234,treatment,285.38,12,199.8
5235,treatment,105.88,13,177.0
5236,treatment,104.51,14,192.8
5237,treatment,0,1,257.5
5238,treatment,106.85,2,153.5
5239,treatment,140.36,3,194.2
5240,treatment,111.55,4,158.1
5241,treatment,203.87,5,223.9
5242,treatment,114.86,6,301.8
5243,treatment,97.45,7,259.4
5244,treatment,0,8,286.0
5245,treatment,149.84,9,142.4
5246,treatment,3.46,10,89.3
5247,treatment,40.37,11,80.1
5248,treatment,68.65,12,200.3
5249,treatment,38.96,13,237.5
5250,treatment,190.86,14,165.3
5251,treatment,160.16,1,114.4
5252,treatment,134.16,2,94.9
5253,treatment,42.37,3,38.0
5254,treatment,22.39,4,183.0
5255,treatment,204.72,5,126.3
5256,treatment,34.17,6,135.8
5257,treatment,199.33,7,180.1
5258,treatment,98.47,8,184.6
5259,treatment,144.82,9,254.0
5260,treatment,0,10,142.0
5261,treatment,55.32,11,147.9
5262,treatment,142.36,12,230.1
5263,treatment,74.64,13,195.3
5264,treatment,224.22,14,180.6
5265,treatment,260.25,1,126.3
5266,treatment,41.98,2,217.1
5267,treatment,166.19,3,131.1
5268,treatment,0,4,162.1
5269,treatment,108.3,5,116.1
5270,treatment,126.67,6,116.2
5271,treatment,66.88,7,74.8
5272,treatment,34.39,8,119.5
5273,treatment,117.84,9,174.9
5274,treatment,98.8,10,153.0
5275,treatment,84.87,11,256.4
5276,treatment,58.63,12,169.9
5277,treatment,152.03,13,139.7
5278,treatment,9.45,14,227.3
5279,treatment,135.79,1,125.2
5280,treatment,141.75,2,150.5
5281,treatment,25.06,3,176.2
5282,treatment,142.33,4,83.0
5283,treatment,125.28,5,201.6
5284,treatment,128.78,6,158.4
5285,treatment,104.57,7,138.5
5286,treatment,104.57,8,168.9
5287,treatment,82.01,9,221.1
5288,treatment,86.51,10,170.4
5289,treatment,158.19,11,142.5
5290,treatment,47.22,12,175.8
5291,treatment,131.4,13,237.5
5292,treatment,121.02,14,108.9
5293,treatment,230.0,1,174.4
5294,treatment,121.27,2,273.6
5295,treatment,71.73,3,138.0
5296,treatment,111.91,4,201.4
5297,treatment,84.74,5,244.2
5298,treatment,114.3,6,199.4
5299,treatment,48.02,7,190.1
5300,treatment,258.9,8,203.4
5301,treatment,158.74,9,165.3
5302,treatment,241.77,10,222.1
5303,treatment,91.2,11,74.3
5304,treatment,25.62,12,174.4
5305,treatment,135.24,13,225.1
5306,treatment,199.18,14,141.9
5307,treatment,210.83,1,169.8
5308,treatment,199.51,2,229.9
5309,treatment,151.73,3,170.3
5310,treatment,142.81,4,216.2
5311,treatment,116.26,5,221.9
5312,treatment,56.31,6,74.6
5313,treatment,166.17,7,159.8
5314,treatment,135.7,8,120.3
5315,treatment,120.86,9,219.8
5316,treatment,103.8,10,221.9
5317,treatment,115.49,11,213.2
5318,treatment,146.83,12,161.2
5319,treatment,6.87,13,214.8
5320,treatment,114.12,14,159.6
5321,treatment,28.28,1,172.2
5322,treatment,0,2,58.7
5323,treatment,126.97,3,154.1
5324,treatment,79.87,4,235.3
5325,treatment,64.08,5,235.7
5326,treatment,199.78,6,209.7
5327,treatment,34.77,7,90.7
5328,treatment,9.36,8,245.2
5329,treatment,214.44,9,203.8
5330,treatment,207.72,10,120.7
5331,treatment,36.34,11,177.8
5332,treatment,150.8,12,223.8
5333,treatment,270.42,13,135.9
5334,treatment,34.45,14,118.8
5335,treatment,37.8,1,187.5
5336,treatment,61.04,2,116.5
5337,treatment,0,3,197.7
5338,treatment,0,4,107.7
5339,treatment,24.97,5,198.2
5340,treatment,101.27,6,186.4
5341,treatment,102.67,7,308.2
5342,treatment,114.96,8,293.5
5343,treatment,141.3,9,232.6
5344,treatment,62.5,10,179.2
5345,treatment,103.64,11,203.5
5346,treatment,115.21,12,219.9
5347,treatment,115.35,13,163.5
5348,treatment,108.28,14,234.7
5349,treatment,142.02,1,163.8
5350,treatment,158.65,2,320.0
5351,treatment,120.3,3,223.3
5352,treatment,74.66,4,149.2
5353,treatment,137.36,5,233.2
5354,treatment,253.82,6,180.1
5355,treatment,145.99,7,197.7
5356,treatment,144.07,8,244.1
5357,treatment,211.14,9,132.1
5358,treatment,170.08,10,217.4
5359,treatment,241.77,11,145.4
5360,treatment,142.3,12,136.8
5361,treatment,142.79,13,296.4
5362,treatment,43.78,14,80.9
5363,treatment,168.51,1,236.1
5364,treatment,240.03,2,225.9
5365,treatment,119.63,3,250.3
5366,treatment,96.05,4,167.8
5367,treatment,211.53,5,250.5
5368,treatment,49.6,6,92.2
5369,treatment,121.21,7,259.4
5370,treatment,52.17,8,150.6
5371,treatment,0,9,153.1
5372,treatment,107.01,10,67.2
5373,treatment,126.96,11,169.9
5374,treatment,103.08,12,283.7
5375,treatment,74.51,13,80.8
5376,treatment,187.77,14,17.1
5377,treatment,122.21,1,263.8
5378,treatment,29.05,2,137.7
5379,treatment,257.65,3,249.2
5380,treatment,219.6,4,120.8
5381,treatment,137.53,5,265.1
5382,treatment,203.49,6,161.0
5383,treatment,41.74,7,179.1
5384,treatment,189.97,8,104.5
5385,treatment,234.06,9,134.1
5386,treatment,267.21,10,151.4
5387,treatment,157.94,11,134.2
5388,treatment,103.6,12,139.6
5389,treatment,0,13,127.0
5390,treatment,106.64,14,233.1
5391,treatment,40.75,1,137.5
5392,treatment,77.93,2,248.8
5393,treatment,81.66,3,205.0
5394,treatment,92.66,4,29.6
5395,treatment,0,5,165.3
5396,treatment,0,6,128.1
5397,treatment,78.54,7,241.4
5398,treatment,88.55,8,220.1
5399,treatment,150.51,9,222.5
5400,treatment,0,10,188.9
5401,treatment,216.9,11,116.4
5402,treatment,140.21,12,290.4
5403,treatment,19.6,13,168.6
5404,treatment,20.7,14,212.9
5405,treatment,122.74,1,114.2
5406,treatment,95.37,2,192.3
5407,treatment,16.62,3,129.5
5408,treatment,144.19,4,132.0
5409,treatment,0,5,218.1
5410,treatment,4.84,6,83.1
5411,treatment,47.64,7,235.1
5412,treatment,3.84,8,186.4
5413,treatment,213.65,9,130.2
5414,treatment,77.39,10,159.3
5415,treatment,0,11,137.6
5416,treatment,196.56,12,158.3
5417,treatment,167.64,13,275.2
5418,treatment,0.89,14,286.0
5419,treatment,133.12,1,151.9
5420,treatment,206.49,2,263.5
5421,treatment,77.71,3,176.3
5422,treatment,59.98,4,160.5
5423,treatment,234.63,5,214.4
5424,treatment,0,6,130.1
5425,treatment,184.05,7,254.1
5426,treatment,16.67,8,201.9
5427,treatment,175.74,9,175.5
5428,treatment,1.35,10,221.1
5429,treatment,133.07,11,203.6
5430,treatment,142.96,12,151.2
5431,treatment,18.45,13,114.6
5432,treatment,128.36,14,224.2
5433,treatment,64.67,1,240.3
5434,treatment,188.12,2,149.5
5435,treatment,138.29,3,179.8
5436,treatment,155.73,4,143.0
5437,treatment,108.3,5,213.3
5438,treatment,183.05,6,230.0
5439,treatment,136.44,7,209.0
5440,treatment,91.72,8,172.7
5441,treatment,158.06,9,171.3
5442,treatment,94.18,10,70.0
5443,treatment,120.65,11,219.7
5444,treatment,33.16,12,75.0
5445,treatment,163.29,13,110.4
5446,treatment,109.8,14,304.8
5447,treatment,225.86,1,131.0
5448,treatment,46.2,2,122.5
5449,treatment,143.68,3,155.6
5450,treatment,62.61,4,167.8
5451,treatment,74.23,5,141.8
5452,treatment,190.15,6,139.3
5453,treatment,11.03,7,237.7
5454,treatment,140.69,8,125.1
5455,treatment,181.51,9,182.0
5456,treatment,119.92,10,285.3
5457,treatment,22.26,11,293.7
5458,treatment,166.74,12,162.0
5459,treatment,183.17,13,199.1
5460,treatment,141.46,14,312.3
5461,treatment,53.45,1,268.5
5462,treatment,96.29,2,185.5
5463,treatment,121.35,3,198.0
5464,treatment,259.26,4,174.2
5465,treatment,191.59,5,196.6
5466,treatment,180.98,6,156.6
5467,treatment,145.96,7,203.0
5468,treatment,5.12,8,168.4
5469,treatment,135.33,9,201.4
5470,treatment,135.95,10,187.7
5471,treatment,187.43,11,93.8
5472,treatment,80.59,12,187.7
5473,treatment,292.41,13,190.9
5474,treatment,65.91,14,188.7
5475,treatment,36.22,1,233.1
5476,treatment,0,2,224.7
5477,treatment,38.49,3,239.5
5478,treatment,216.37,4,97.0
5479,treatment,24.64,5,189.7
5480,treatment,190.79,6,235.2
5481,treatment,67.58,7,242.6
5482,treatment,169.27,8,279.0
5483,treatment,90.56,9,69.4
5484,treatment,8.01,10,95.3
5485,treatment,83.5,11,170.2
5486,treatment,74.74,12,180.2
5487,treatment,0,13,220.7
5488,treatment,4.9,14,132.1
5489,treatment,103.37,1,140.2
5490,treatment,121.02,2,270.1
5491,treatment,65.3,3,192.6
5492,treatment,52.76,4,218.1
5493,treatment,225.73,5,151.1
5494,treatment,0,6,189.9
5495,treatment,193.2,7,87.6
5496,treatment,80.97,8,125.4
5497,treatment,190.25,9,155.7
5498,treatment,44.28,10,216.2
5499,treatment,164.27,11,118.9
5500,treatment,198.9,12,233.4
5501,treatment,142.3,13,98.5
5502,treatment,331.38,14,261.6
5503,treatment,75.71,1,73.7
5504,treatment,0,2,84.2
5505,treatment,52.08,3,183.8
5506,treatment,218.22,4,157.4
5507,treatment,174.0,5,161.7
5508,treatment,110.1,6,258.7
5509,treatment,143.15,7,260.2
5510,treatment,106.97,8,171.5
5511,treatment,153.02,9,97.2
5512,treatment,177.27,10,275.6
5513,treatment,228.17,11,187.7
5514,treatment,0,12,176.7
5515,treatment,0,13,79.7
5516,treatment,87.76,14,139.8
5517,treatment,4.18,1,146.9
5518,treatment,49.64,2,176.4
5519,treatment,0,3,121.0
5520,treatment,141.94,4,189.3
5521,treatment,222.76,5,124.8
5522,treatment,154.57,6,178.5
5523,treatment,76.48,7,241.8
5524,treatment,236.2,8,189.5
5525,treatment,153.76,9,173.1
5526,treatment,20.79,10,181.8
5527,treatment,206.75,11,194.1
5528,treatment,202.11,12,207.8
5529,treatment,0,13,171.8
5530,treatment,130.2,14,234.2
5531,treatment,150.53,1,227.7
5532,treatment,99.68,2,197.7
5533,treatment,96.03,3,143.5
5534,treatment,159.14,4,268.4
5535,treatment,23.03,5,217.1
5536,treatment,103.29,6,261.6
5537,treatment,330.5,7,172.4
5538,treatment,0,8,214.7
5539,treatment,136.26,9,228.7
5540,treatment,51.62,10,130.0
5541,treatment,200.29,11,194.3
5542,treatment,149.19,12,111.2
5543,treatment,51.76,13,129.9
5544,treatment,44.52,14,234.2
5545,treatment,152.21,1,85.9
5546,treatment,93.35,2,96.6
5547,treatment,167.43,3,65.2
5548,treatment,68.64,4,155.6
5549,treatment,249.94,5,312.0
5550,treatment,0,6,194.9
5551,treatment,20.33,7,208.6
5552,treatment,100.15,8,172.1
5553,treatment,66.66,9,229.5
5554,treatment,95.4,10,162.2
5555,treatment,165.58,11,264.1
5556,treatment,45.88,12,182.4
5557,treatment,157.42,13,67.8
5558,treatment,165.75,14,138.0
5559,treatment,11.26,1,155.4
5560,treatment,136.95,2,193.6
5561,treatment,5.86,3,203.9
5562,treatment,64.68,4,175.6
5563,treatment,112.76,5,110.4
5564,treatment,124.64,6,70.2
5565,treatment,70.72,7,241.1
5566,treatment,115.97,8,188.4
5567,treatment,128.96,9,189.0
5568,treatment,212.46,10,10
5569,treatment,129.13,11,156.0
5570,treatment,118.34,12,130.9
5571,treatment,102.28,13,212.5
5572,treatment,127.52,14,200.8
5573,treatment,128.55,1,301.8
5574,treatment,41.28,2,211.0
5575,treatment,0,3,83.6
5576,treatment,181.09,4,282.4
5577,treatment,192.75,5,137.6
5578,treatment,202.91,6,219.4
5579,treatment,43.42,7,169.0
5580,treatment,206.49,8,283.7
5581,treatment,73.07,9,67.6
5582,treatment,0,10,168.6
5583,treatment,175.41,11,316.9
5584,treatment,90.97,12,90.0
5585,treatment,0,13,123.5
5586,treatment,42.15,14,207.8
5587,treatment,71.86,1,111.3
5588,treatment,327.37,2,219.7
5589,treatment,174.41,3,60.4
5590,treatment,33.81,4,76.3
5591,treatment,158.85,5,135.1
5592,treatment,146.33,6,162.0
5593,treatment,148.77,7,123.1
5594,treatment,234.9,8,246.8
5595,treatment,24.36,9,215.1
5596,treatment,127.66,10,64.5
5597,treatment,29.26,11,77.3
5598,treatment,250.84,12,58.3
5599,treatment,31.09,13,205.8
5600,treatment,71.57,14,180.7
5601,treatment,123.33,1,143.3
5602,treatment,156.82,2,266.9
5603,treatment,0,3,180.9
5604,treatment,200.86,4,135.2
5605,treatment,166.73,5,248.9
5606,treatment,62.09,6,281.4
5607,treatment,150.63,7,172.7
5608,treatment,48.42,8,114.3
5609,treatment,0,9,181.4
5610,treatment,85.83,10,203.5
5611,treatment,45.06,11,194.6
5612,treatment,0,12,222.4
5613,treatment,165.61,13,191.2
5614,treatment,117.28,14,277.1
5615,treatment,137.07,1,245.7
5616,treatment,38.57,2,165.1
5617,treatment,79.96,3,166.8
5618,treatment,88.51,4,147.2
5619,treatment,174.6,5,241.4
5620,treatment,53.11,6,220.3
5621,treatment,61.23,7,169.9
5622,treatment,47.79,8,261.6
5623,treatment,5.66,9,235.3
5624,treatment,21.56,10,120.2
5625,treatment,29.25,11,164.7
5626,treatment,139.65,12,217.2
5627,treatment,78.24,13,186.2
5628,treatment,34.01,14,98.6
5629,treatment,138.36,1,76.2
5630,treatment,117.25,2,24.3
5631,treatment,0,3,153.4
5632,treatment,150.26,4,158.4
5633,treatment,0,5,257.7
5634,treatment,73.74,6,226.5
5635,treatment,83.37,7,104.2
5636,treatment,19.44,8,135.3
5637,treatment,252.88,9,157.0
5638,treatment,118.6,10,212.0
5639,treatment,110.25,11,131.7
5640,treatment,115.94,12,159.8
5641,treatment,0,13,200.9
5642,treatment,262.34,14,99.8
5643,treatment,0,1,213.3
5644,treatment,0,2,50.8
5645,treatment,55.99,3,185.3
5646,treatment,0,4,172.8
5647,treatment,102.02,5,208.7
5648,treatment,153.25,6,248.9
5649,treatment,74.66,7,237.2
5650,treatment,92.52,8,156.5
5651,treatment,80.87,9,248.4
5652,treatment,83.17,10,138.1
5653,treatment,0,11,209.5
5654,treatment,166.26,12,129.2
5655,treatment,240.9,13,161.6
5656,treatment,179.93,14,125.7
5657,treatment,180.55,1,145.5
5658,treatment,144.96,2,138.7
5659,treatment,99.54,3,237.4
5660,treatment,65.91,4,194.8
5661,treatment,153.77,5,166.6
5662,treatment,95.13,6,264.1
5663,treatment,68.23,7,225.2
5664,treatment,203.44,8,102.8
5665,treatment,58.38,9,262.9
5666,treatment,150.78,10,256.0
5667,treatment,117.02,11,123.2
5668,treatment,229.31,12,194.9
5669,treatment,80.74,13,131.3
5670,treatment,66.52,14,265.9
5671,treatment,164.06,1,186.2
5672,treatment,98.69,2,243.9
5673,treatment,59.03,3,43.2
5674,treatment,39.95,4,136.0
5675,treatment,33.96,5,247.6
5676,treatment,23.84,6,71.8
5677,treatment,30.23,7,70.7
5678,treatment,254.49,8,154.0
5679,treatment,188.75,9,97.1
5680,treatment,58.13,10,184.2
5681,treatment,56.88,11,48.4
5682,treatment,74.77,12,189.8
5683,treatment,0,13,151.4
5684,treatment,127.4,14,229.0
5685,treatment,73.04,1,192.7
5686,treatment,42.78,2,256.1
5687,treatment,191.5,3,193.4
5688,treatment,86.91,4,193.8
5689,treatment,91.37,5,201.5
5690,treatment,173.87,6,166.5
5691,treatment,42.22,7,221.4
5692,treatment,46.09,8,183.6
5693,treatment,17.44,9,264.8
5694,treatment,85.9,10,178.1
5695,treatment,0,11,216.7
5696,treatment,202.67,12,197.5
5697,treatment,354.51,13,179.4
5698,treatment,170.14,14,236.7
5699,treatment,4.91,1,185.6
5700,treatment,133.62,2,271.4
5701,treatment,134.77,3,115.0
5702,treatment,147.41,4,212.9
5703,treatment,32.89,5,108.3
5704,treatment,142.63,6,247.8
5705,treatment,195.05,7,169.7
5706,treatment,83.41,8,132.7
5707,treatment,203.87,9,248.9
5708,treatment,166.07,10,210.9
5709,treatment,256.18,11,192.6
5710,treatment,204.91,12,76.7
5711,treatment,88.71,13,189.0
5712,treatment,144.82,14,193.4
5713,treatment,62.49,1,290.8
5714,treatment,48.68,2,117.4
5715,treatment,83.38,3,266.5
5716,treatment,59.91,4,117.5
5717,treatment,211.66,5,196.1
5718,treatment,134.28,6,153.0
5719,treatment,0,7,183.2
5720,treatment,124.79,8,92.5
5721,treatment,221.92,9,235.0
5722,treatment,61.2,10,183.5
5723,treatment,207.36,11,84.6
5724,treatment,39.0,12,137.7
5725,treatment,0,13,147.8
5726,treatment,154.83,14,109.3
5727,treatment,227.2,1,209.6
5728,treatment,213.77,2,163.0
5729,treatment,79.66,3,197.3
5730,treatment,58.34,4,194.8
5731,treatment,77.03,5,162.4
5732,treatment,0,6,286.0
5733,treatment,47.0,7,41.8
5734,treatment,130.9,8,248.5
5735,treatment,78.42,9,99.1
5736,treatment,69.92,10,286.7
5737,treatment,39.2,11,237.8
5738,treatment,126.92,12,176.9
5739,treatment,125.89,13,229.1
5740,treatment,0,14,200.1
5741,treatment,222.17,1,286.1
5742,treatment,125.68,2,163.5
5743,treatment,11.6,3,212.1
5744,treatment,154.54,4,154.5
5745,treatment,152.32,5,238.0
5746,treatment,156.37,6,104.1
5747,treatment,231.31,7,230.4
5748,treatment,307.71,8,179.3
5749,treatment,18.08,9,343.2
5750,treatment,197.14,10,151.5
5751,treatment,235.11,11,212.9
5752,treatment,127.8,12,217.0
5753,treatment,113.48,13,238.6
5754,treatment,229.48,14,177.2
5755,treatment,0,1,221.7
5756,treatment,34.34,2,247.2
5757,treatment,0,3,172.0
5758,treatment,154.34,4,153.2
5759,treatment,143.47,5,76.2
5760,treatment,243.49,6,234.3
5761,treatment,68.88,7,81.6
5762,treatment,103.41,8,161.9
5763,treatment,172.64,9,161.2
5764,treatment,84.42,10,221.6
5765,treatment,157.74,11,163.4
5766,treatment,248.69,12,305.6
5767,treatment,0,13,262.8
5768,treatment,25.71,14,108.1
5769,treatment,5.91,1,248.1
5770,treatment,323.98,2,197.1
5771,treatment,90.77,3,225.1
5772,treatment,0,4,126.8
5773,treatment,81.6,5,164.5
5774,treatment,113.29,6,348.6
5775,treatment,0,7,257.6
5776,treatment,174.62,8,199.7
5777,treatment,113.11,9,173.2
5778,treatment,103.11,10,224.2
5779,treatment,0,11,164.0
5780,treatment,0,12,272.2
5781,treatment,172.11,13,219.9
5782,treatment,91.93,14,150.3
5783,treatment,0,1,172.0
5784,treatment,133.87,2,179.9
5785,treatment,0.64,3,176.3
5786,treatment,90.44,4,173.6
5787,treatment,25.27,5,138.8
5788,treatment,110.28,6,96.9
5789,treatment,42.76,7,189.8
5790,treatment,212.8,8,217.8
5791,treatment,187.63,9,164.0
5792,treatment,82.06,10,150.0
5793,treatment,259.23,11,97.4
5794,treatment,54.6,12,184.5
5795,treatment,71.69,13,117.9
5796,treatment,96.36,14,206.4
5797,treatment,113.41,1,165.9
5798,treatment,198.18,2,283.6
5799,treatment,220.56,3,277.3
5800,treatment,140.2,4,117.3
5801,treatment,122.35,5,298.2
5802,treatment,97.06,6,231.7
5803,treatment,106.67,7,58.8
5804,treatment,12.97,8,26.8
5805,treatment,310.54,9,202.6
5806,treatment,161.48,10,112.7
5807,treatment,44.73,11,223.6
5808,treatment,80.87,12,137.7
5809,treatment,187.05,13,124.8
5810,treatment,0,14,105.3
5811,treatment,195.33,1,195.6
5812,treatment,5.24,2,228.3
5813,treatment,192.82,3,182.3
5814,treatment,42.16,4,133.7
5815,treatment,128.49,5,332.2
5816,treatment,0,6,161.0
5817,treatment,0,7,250.9
5818,treatment,158.81,8,133.9
5819,treatment,94.49,9,211.2
5820,treatment,82.27,10,178.3
5821,treatment,39.79,11,285.7
5822,treatment,0,12,284.8
5823,treatment,84.89,13,198.6
5824,treatment,48.73,14,165.2
5825,treatment,232.63,1,86.9
5826,treatment,64.93,2,70.5
5827,treatment,46.41,3,143.1
5828,treatment,50.55,4,183.5
5829,treatment,0,5,223.2
5830,treatment,213.11,6,173.3
5831,treatment,175.18,7,196.0
5832,treatment,237.52,8,211.1
5833,treatment,156.45,9,176.6
5834,treatment,200.38,10,188.8
5835,treatment,0,11,72.9
5836,treatment,197.14,12,186.2
5837,treatment,85.13,13,212.9
5838,treatment,121.58,14,178.6
5839,treatment,78.28,1,137.6
5840,treatment,195.2,2,166.2
5841,treatment,81.24,3,163.1
5842,treatment,143.11,4,186.8
5843,treatment,87.99,5,251.2
5844,treatment,88.46,6,177.4
5845,treatment,46.89,7,196.8
5846,treatment,89.23,8,199.4
5847,treatment,82.18,9,287.9
5848,treatment,127.91,10,225.7
5849,treatment,172.57,11,146.6
5850,treatment,82.95,12,231.2
5851,treatment,11.48,13,155.2
5852,treatment,18.44,14,75.8
5853,treatment,99.59,1,270.1
5854,treatment,125.98,2,131.1
5855,treatment,192.84,3,155.0
5856,treatment,159.23,4,178.8
5857,treatment,35.05,5,187.0
5858,treatment,210.42,6,178.5
5859,treatment,85.94,7,83.7
5860,treatment,118.69,8,193.9
5861,treatment,2.39,9,171.0
5862,treatment,88.96,10,210.1
5863,treatment,61.86,11,250.9
5864,treatment,148.57,12,158.7
5865,treatment,95.6,13,240.2
5866,treatment,241.23,14,128.8
5867,treatment,140.9,1,115.7
5868,treatment,129.12,2,106.2
5869,treatment,150.56,3,141.0
5870,treatment,73.68,4,190.5
5871,treatment,191.42,5,207.1
5872,treatment,32.16,6,342.4
5873,treatment,95.93,7,141.5
5874,treatment,262.62,8,236.4
5875,treatment,100.8,9,174.1
5876,treatment,81.77,10,267.4
5877,treatment,300.88,11,188.5
5878,treatment,210.22,12,182.5
5879,treatment,137.14,13,233.4
5880,treatment,0,14,103.6
5881,treatment,84.67,1,169.3
5882,treatment,68.45,2,241.5
5883,treatment,90.33,3,155.7
5884,treatment,92.79,4,168.6
5885,treatment,72.66,5,219.9
5886,treatment,19.38,6,254.6
5887,treatment,72.62,7,152.9
5888,treatment,42.76,8,229.7
5889,treatment,154.76,9,70.1
5890,treatment,23.95,10,197.2
5891,treatment,112.94,11,274.3
5892,treatment,0,12,196.5
5893,treatment,90.39,13,238.5
5894,treatment,165.14,14,253.9
5895,treatment,28.92,1,144.2
5896,treatment,88.2,2,142.1
5897,treatment,189.39,3,137.5
5898,treatment,254.9,4,89.5
5899,treatment,133.21,5,128.2
5900,treatment,117.71,6,196.5
5901,treatment,60.49,7,225.4
5902,treatment,217.21,8,136.0
5903,treatment,212.12,9,135.9
5904,treatment,66.15,10,205.3
5905,treatment,0,11,112.3
5906,treatment,173.64,12,165.9
5907,treatment,308.32,13,138.8
5908,treatment,31.67,14,131.4
5909,treatment,134.79,1,156.0
5910,treatment,165.3,2,217.1
5911,treatment,207.69,3,176.1
5912,treatment,61.05,4,251.5
5913,treatment,41.79,5,101.8
5914,treatment,0,6,215.2
5915,treatment,124.71,7,158.6
5916,treatment,70.29,8,163.6
5917,treatment,231.12,9,194.2
5918,treatment,83.01,10,207.2
5919,treatment,186.02,11,193.3
5920,treatment,36.35,12,141.7
5921,treatment,163.29,13,226.0
5922,treatment,233.47,14,152.9
5923,treatment,0,1,173.9
5924,treatment,176.94,2,190.3
5925,treatment,104.13,3,192.8
5926,treatment,116.15,4,68.3
5927,treatment,85.15,5,127.9
5928,treatment,152.69,6,232.8
5929,treatment,215.98,7,180.1
5930,treatment,132.13,8,179.3
5931,treatment,150.28,9,220.5
5932,treatment,0,10,96.5
5933,treatment,117.21,11,176.7
5934,treatment,80.46,12,315.5
5935,treatment,99.23,13,142.4
5936,treatment,133.3,14,133.2
5937,treatment,18.66,1,210.1
5938,treatment,159.43,2,123.9
5939,treatment,0,3,133.8
5940,treatment,121.84,4,125.5
5941,treatment,113.31,5,195.5
5942,treatment,117.26,6,86.9
5943,treatment,95.1,7,207.7
5944,treatment,76.89,8,188.3
5945,treatment,18.99,9,143.9
5946,treatment,28.74,10,208.6
5947,treatment,190.12,11,225.0
5948,treatment,93.23,12,87.6
5949,treatment,115.28,13,162.1
5950,treatment,106.59,14,191.7
5951,treatment,57.97,1,145.9
5952,treatment,161.24,2,166.5
5953,treatment,145.17,3,201.5
5954,treatment,33.6,4,224.6
5955,treatment,46.96,5,98.6
5956,treatment,224.19,6,212.1
5957,treatment,101.07,7,174.9
5958,treatment,0,8,123.8
5959,treatment,83.38,9,256.1
5960,treatment,146.25,10,133.8
5961,treatment,44.81,11,223.8
5962,treatment,29.32,12,207.9
5963,treatment,136.04,13,220.3
5964,treatment,124.1,14,148.6
5965,treatment,27.37,1,140.1
5966,treatment,94.16,2,222.2
5967,treatment,0,3,159.6
5968,treatment,0.76,4,131.4
5969,treatment,254.73,5,233.5
5970,treatment,140.68,6,144.6
5971,treatment,147.92,7,249.8
5972,treatment,60.61,8,73.9
5973,treatment,242.42,9,252.6
5974,treatment,7.5,10,163.9
5975,treatment,100.32,11,175.6
5976,treatment,170.34,12,118.7
5977,treatment,109.49,13,125.3
5978,treatment,0,14,83.7
5979,treatment,216.63,1,115.7
5980,treatment,105.71,2,140.6
5981,treatment,139.51,3,184.6
5982,treatment,115.28,4,203.1
5983,treatment,160.5,5,141.1
5984,treatment,206.44,6,161.1
5985,treatment,216.78,7,188.2
5986,treatment,156.7,8,106.2
5987,treatment,76.57,9,177.6
5988,treatment,172.25,10,140.4
5989,treatment,0,11,134.4
5990,treatment,47.11,12,126.8
5991,treatment,63.01,13,178.2
5992,treatment,16.28,14,215.5
5993,treatment,131.3,1,179.4
5994,treatment,133.47,2,186.6
5995,treatment,0,3,197.8
5996,treatment,34.99,4,186.8
5997,treatment,64.01,5,267.8
5998,treatment,192.86,6,216.5
5999,treatment,75.41,7,248.8
6000,treatment,178.89,8,106.1
6001,treatment,291.71,9,221.0
6002,treatment,155.01,10,129.3
6003,treatment,108.47,11,215.6
6004,treatment,256.86,12,125.3
6005,treatment,122.13,13,121.3
6006,treatment,171.72,14,239.8
6007,treatment,57.17,1,211.5
6008,treatment,71.0,2,200.4
6009,treatment,92.11,3,193.9
6010,treatment,65.28,4,199.4
6011,treatment,231.76,5,46.8
6012,treatment,140.86,6,90.0
6013,treatment,74.25,7,307.6
6014,treatment,167.44,8,192.0
6015,treatment,13.35,9,178.5
6016,treatment,32.39,10,189.6
6017,treatment,86.68,11,280.7
6018,treatment,203.7,12,123.4
6019,treatment,176.56,13,131.1
6020,treatment,44.43,14,141.7
6021,treatment,125.06,1,150.4
6022,treatment,157.57,2,191.9
6023,treatment,79.67,3,192.6
6024,treatment,251.88,4,215.2
6025,treatment,50.82,5,176.9
6026,treatment,87.92,6,267.9
6027,treatment,106.03,7,136.3
6028,treatment,40.79,8,167.8
6029,treatment,9.27,9,202.3
6030,treatment,206.99,10,140.6
6031,treatment,74.44,11,271.4
6032,treatment,179.96,12,98.2
6033,treatment,129.28,13,180.1
6034,treatment,227.69,14,200.5
6035,treatment,74.92,1,205.0
6036,treatment,124.36,2,198.2
6037,treatment,61.73,3,235.2
6038,treatment,117.97,4,197.7
6039,treatment,0,5,219.6
6040,treatment,127.15,6,298.6
6041,treatment,46.84,7,206.5
6042,treatment,234.52,8,174.6
6043,treatment,110.05,9,183.4
6044,treatment,5.38,10,234.6
6045,treatment,0,11,93.0
6046,treatment,0,12,282.2
6047,treatment,109.95,13,258.1
6048,treatment,193.79,14,239.2
6049,treatment,92.61,1,87.9
6050,treatment,185.69,2,165.4
6051,treatment,133.7,3,228.2
6052,treatment,13.58,4,129.0
6053,treatment,240.87,5,138.7
6054,treatment,224.62,6,176.9
6055,treatment,71.5,7,166.5
6056,treatment,110.7,8,264.3
6057,treatment,183.92,9,67.0
6058,treatment,65.35,10,120.7
6059,treatment,7.2,11,135.5
6060,treatment,0,12,147.6
6061,treatment,218.05,13,357.6
6062,treatment,144.03,14,322.9
6063,treatment,175.5,1,44.8
6064,treatment,92.43,2,263.4
6065,treatment,114.22,3,133.4
6066,treatment,221.98,4,271.0
6067,treatment,0,5,176.7
6068,treatment,38.81,6,241.4
6069,treatment,203.47,7,260.4
6070,treatment,194.45,8,180.7
6071,treatment,298.51,9,245.6
6072,treatment,74.47,10,178.6
6073,treatment,0,11,118.5
6074,treatment,34.74,12,171.1
6075,treatment,31.8,13,113.0
6076,treatment,84.06,14,188.5
6077,treatment,98.91,1,143.2
6078,treatment,99.67,2,147.6
6079,treatment,105.1,3,180.0
6080,treatment,249.59,4,187.7
6081,treatment,108.45,5,144.5
6082,treatment,103.0,6,201.7
6083,treatment,35.5,7,128.5
6084,treatment,79.7,8,175.5
6085,treatment,92.36,9,179.9
6086,treatment,128.79,10,307.6
6087,treatment,191.59,11,168.5
6088,treatment,133.4,12,186.0
6089,treatment,41.72,13,190.9
6090,treatment,165.56,14,145.8
6091,treatment,54.03,1,195.7
6092,treatment,138.95,2,295.5
6093,treatment,145.02,3,343.1
6094,treatment,63.41,4,138.6
6095,treatment,20.76,5,74.9
6096,treatment,121.03,6,206.2
6097,treatment,102.38,7,249.0
6098,treatment,71.94,8,183.2
6099,treatment,204.82,9,132.4
6100,treatment,89.25,10,91.8
6101,treatment,104.88,11,90.7
6102,treatment,44.63,12,243.6
6103,treatment,189.0,13,211.2
6104,treatment,199.42,14,247.2
6105,treatment,282.16,1,215.9
6106,treatment,6.5,2,200.0
6107,treatment,118.4,3,152.8
6108,treatment,52.68,4,257.8
6109,treatment,69.59,5,156.1
6110,treatment,0,6,205.3
6111,treatment,0,7,224.7
6112,treatment,227.69,8,261.4
6113,treatment,47.18,9,230.2
6114,treatment,56.42,10,146.5
6115,treatment,69.04,11,82.6
6116,treatment,88.0,12,193.8
6117,treatment,134.29,13,93.8
6118,treatment,200.28,14,164.9
6119,treatment,8.67,1,109.5
6120,treatment,203.17,2,247.1
6121,treatment,130.92,3,240.2
6122,treatment,95.74,4,140.6
6123,treatment,213.28,5,264.9
6124,treatment,0,6,88.2
6125,treatment,19.81,7,154.5
6126,treatment,80.97,8,193.5
6127,treatment,9.23,9,186.4
6128,treatment,0,10,188.9
6129,treatment,214.48,11,172.0
6130,treatment,131.64,12,229.1
6131,treatment,193.94,13,173.8
6132,treatment,133.16,14,208.9
6133,treatment,66.34,1,66.7
6134,treatment,53.43,2,155.7
6135,treatment,142.74,3,202.0
6136,treatment,245.38,4,286.7
6137,treatment,117.03,5,293.9
6138,treatment,0,6,149.3
6139,treatment,174.02,7,251.4
6140,treatment,96.18,8,172.2
6141,treatment,70.69,9,82.9
6142,treatment,98.68,10,161.7
6143,treatment,0,11,189.8
6144,treatment,158.55,12,176.8
6145,treatment,266.64,13,249.8
6146,treatment,0,14,231.8
6147,treatment,0,1,144.2
6148,treatment,91.4,2,171.7
6149,treatment,124.04,3,195.2
6150,treatment,117.15,4,168.3
6151,treatment,45.33,5,232.4
6152,treatment,0,6,131.9
6153,treatment,28.68,7,201.8
6154,treatment,176.24,8,47.7
6155,treatment,155.1,9,204.9
6156,treatment,102.92,10,161.8
6157,treatment,106.15,11,162.5
6158,treatment,31.35,12,123.7
6159,treatment,222.02,13,202.9
6160,treatment,208.32,14,145.5
6161,treatment,62.58,1,170.4
6162,treatment,174.98,2,142.4
6163,treatment,248.77,3,236.0
6164,treatment,129.98,4,139.8
6165,treatment,50.45,5,124.8
6166,treatment,116.74,6,218.8
6167,treatment,50.9,7,182.6
6168,treatment,124.55,8,90.4
6169,treatment,161.86,9,245.9
6170,treatment,32.85,10,109.3
6171,treatment,92.72,11,288.9
6172,treatment,213.6,12,151.6
6173,treatment,158.04,13,162.1
6174,treatment,140.8,14,219.2
6175,treatment,57.77,1,170.6
6176,treatment,158.46,2,95.7
6177,treatment,9.11,3,202.7
6178,treatment,33.74,4,137.9
6179,treatment,0,5,94.0
6180,treatment,12.33,6,175.4
6181,treatment,72.1,7,339.4
6182,treatment,64.44,8,159.7
6183,treatment,143.71,9,112.2
6184,treatment,280.05,10,184.4
6185,treatment,211.65,11,213.5
6186,treatment,55.43,12,223.4
6187,treatment,104.29,13,148.1
6188,treatment,68.13,14,105.9
6189,treatment,213.17,1,255.1
6190,treatment,72.46,2,203.7
6191,treatment,0,3,174.8
6192,treatment,122.98,4,158.4
6193,treatment,0,5,206.9
6194,treatment,118.69,6,152.5
6195,treatment,10.69,7,216.7
6196,treatment,0,8,160.2
6197,treatment,113.38,9,144.8
6198,treatment,0,10,233.0
6199,treatment,62.52,11,162.5
6200,treatment,140.09,12,184.5
6201,treatment,142.62,13,197.1
6202,treatment,23.41,14,172.4
6203,treatment,196.3,1,193.3
6204,treatment,44.4,2,211.4
6205,treatment,133.85,3,191.7
6206,treatment,237.69,4,180.0
6207,treatment,0,5,190.1
6208,treatment,6.83,6,198.1
6209,treatment,165.61,7,287.3
6210,treatment,94.96,8,167.0
6211,treatment,148.29,9,153.4
6212,treatment,92.72,10,86.3
6213,treatment,282.34,11,185.4
6214,treatment,118.46,12,233.3
6215,treatment,101.22,13,275.3
6216,treatment,182.78,14,132.9
6217,treatment,219.22,1,110.5
6218,treatment,89.39,2,183.0
6219,treatment,193.47,3,86.3
6220,treatment,232.16,4,129.2
6221,treatment,206.63,5,125.1
6222,treatment,104.8,6,119.0
6223,treatment,216.35,7,164.0
6224,treatment,244.04,8,169.3
6225,treatment,0,9,136.3
6226,treatment,78.29,10,206.4
6227,treatment,203.55,11,227.7
6228,treatment,188.13,12,96.3
6229,treatment,115.51,13,153.7
6230,treatment,182.38,14,199.5
6231,treatment,0,1,72.6
6232,treatment,121.23,2,124.4
6233,treatment,103.49,3,139.4
6234,treatment,0,4,191.5
6235,treatment,59.82,5,204.1
6236,treatment,191.12,6,209.0
6237,treatment,101.87,7,246.6
6238,treatment,114.32,8,199.8
6239,treatment,176.96,9,179.6
6240,treatment,152.45,10,57.2
6241,treatment,140.61,11,210.5
6242,treatment,208.29,12,63.1
6243,treatment,40.31,13,279.3
6244,treatment,145.64,14,305.3
6245,treatment,125.35,1,151.0
6246,treatment,66.86,2,75.6
6247,treatment,98.66,3,116.0
6248,treatment,0,4,120.1
6249,treatment,192.21,5,138.5
6250,treatment,84.63,6,127.9
6251,treatment,90.69,7,132.7
6252,treatment,55.22,8,144.0
6253,treatment,116.25,9,155.6
6254,treatment,0,10,137.0
6255,treatment,124.55,11,211.5
6256,treatment,0,12,82.3
6257,treatment,103.7,13,176.4
6258,treatment,0,14,182.0
6259,treatment,75.02,1,215.1
6260,treatment,123.71,2,143.9
6261,treatment,29.68,3,170.4
6262,treatment,0,4,209.3
6263,treatment,131.88,5,194.2
6264,treatment,97.98,6,224.6
6265,treatment,73.37,7,105.5
6266,treatment,192.85,8,197.7
6267,treatment,192.51,9,183.7
6268,treatment,74.87,10,96.2
6269,treatment,147.46,11,155.2
6270,treatment,137.59,12,223.7
6271,treatment,142.96,13,183.8
6272,treatment,48.59,14,172.6
6273,treatment,245.93,1,133.2
6274,treatment,6.04,2,145.7
6275,treatment,125.25,3,149.8
6276,treatment,190.51,4,138.5
6277,treatment,191.21,5,210.2
6278,treatment,51.65,6,252.3
6279,treatment,83.95,7,286.1
6280,treatment,200.54,8,119.2
6281,treatment,43.44,9,163.9
6282,treatment,30.08,10,200.1
6283,treatment,107.86,11,202.9
6284,treatment,102.46,12,22.5
6285,treatment,124.9,13,149.9
6286,treatment,86.99,14,173.3
6287,treatment,130.18,1,215.9
6288,treatment,138.11,2,170.8
6289,treatment,151.64,3,224.2
6290,treatment,25.31,4,34.9
6291,treatment,0,5,266.5
6292,treatment,129.78,6,115.6
6293,treatment,170.01,7,164.2
6294,treatment,145.91,8,86.9
6295,treatment,13.93,9,215.2
6296,treatment,211.57,10,221.9
6297,treatment,192.47,11,99.0
6298,treatment,107.49,12,275.6
6299,treatment,0.76,13,194.5
6300,treatment,76.73,14,102.1
6301,treatment,108.58,1,93.7
6302,treatment,59.55,2,209.7
6303,treatment,164.38,3,171.8
6304,treatment,65.96,4,217.1
6305,treatment,167.78,5,193.3
6306,treatment,141.26,6,141.7
6307,treatment,110.37,7,124.5
6308,treatment,68.55,8,219.1
6309,treatment,34.39,9,182.7
6310,treatment,9.15,10,249.1
6311,treatment,114.19,11,177.1
6312,treatment,139.51,12,171.7
6313,treatment,98.41,13,57.3
6314,treatment,0,14,110.7
6315,treatment,246.95,1,249.3
6316,treatment,109.9,2,131.8
6317,treatment,78.51,3,140.4
6318,treatment,55.18,4,140.0
6319,treatment,27.06,5,140.0
6320,treatment,230.16,6,148.4
6321,treatment,0,7,139.3
6322,treatment,142.68,8,147.9
6323,treatment,82.75,9,168.8
6324,treatment,30.61,10,113.9
6325,treatment,75.76,11,48.3
6326,treatment,105.48,12,87.1
6327,treatment,147.61,13,192.3
6328,treatment,160.93,14,197.0
6329,treatment,78.04,1,269.8
6330,treatment,0,2,186.6
6331,treatment,0,3,218.3
6332,treatment,95.89,4,212.6
6333,treatment,168.42,5,202.0
6334,treatment,74.78,6,72.5
6335,treatment,132.29,7,162.8
6336,treatment,184.51,8,195.2
6337,treatment,322.1,9,137.3
6338,treatment,4.09,10,233.4
6339,treatment,13.67,11,287.0
6340,treatment,0,12,240.5
6341,treatment,153.8,13,214.9
6342,treatment,143.03,14,195.5
6343,treatment,25.2,1,226.8
6344,treatment,47.27,2,186.1
6345,treatment,70.27,3,291.1
6346,treatment,223.35,4,227.7
6347,treatment,0,5,171.0
6348,treatment,27.99,6,224.0
6349,treatment,180.87,7,206.7
6350,treatment,105.65,8,319.2
6351,treatment,215.4,9,174.1
6352,treatment,116.32,10,169.4
6353,treatment,103.83,11,193.7
6354,treatment,79.67,12,206.0
6355,treatment,53.79,13,167.0
6356,treatment,12.57,14,151.8
6357,treatment,0,1,193.8
6358,treatment,80.33,2,135.3
6359,treatment,80.49,3,120.4
6360,treatment,148.45,4,237.9
6361,treatment,190.04,5,318.0
6362,treatment,210.37,6,165.9
6363,treatment,108.66,7,74.0
6364,treatment,157.81,8,212.4
6365,treatment,0,9,265.0
6366,treatment,75.97,10,113.6
6367,treatment,46.0,11,258.3
6368,treatment,35.74,12,179.3
6369,treatment,166.18,13,172.7
6370,treatment,119.52,14,220.2
6371,treatment,215.61,1,181.9
6372,treatment,36.15,2,70.6
6373,treatment,145.02,3,83.0
6374,treatment,0,4,299.9
6375,treatment,97.51,5,310.4
6376,treatment,136.38,6,180.5
6377,treatment,134.01,7,135.5
6378,treatment,136.85,8,283.5
6379,treatment,0,9,189.4
6380,treatment,0,10,131.5
6381,treatment,18.65,11,136.4
6382,treatment,202.76,12,139.0
6383,treatment,54.46,13,257.4
6384,treatment,119.28,14,207.4
6385,treatment,129.58,1,166.5
6386,treatment,270.21,2,10
6387,treatment,192.52,3,226.2
6388,treatment,122.99,4,246.9
6389,treatment,184.08,5,289.3
6390,treatment,87.96,6,147.6
6391,treatment,74.68,7,308.4
6392,treatment,157.68,8,221.6
6393,treatment,91.09,9,63.8
6394,treatment,74.96,10,242.6
6395,treatment,165.89,11,152.9
6396,treatment,17.75,12,221.6
6397,treatment,87.44,13,339.8
6398,treatment,0,14,197.9
6399,treatment,22.26,1,211.9
6400,treatment,129.7,2,253.5
6401,treatment,128.51,3,249.3
6402,treatment,80.37,4,177.2
6403,treatment,98.02,5,228.0
6404,treatment,139.52,6,200.3
6405,treatment,23.16,7,245.4
6406,treatment,63.34,8,295.4
6407,treatment,132.6,9,151.8
6408,treatment,135.25,10,188.6
6409,treatment,197.89,11,134.9
6410,treatment,207.34,12,127.6
6411,treatment,99.93,13,191.6
6412,treatment,51.93,14,109.7
6413,treatment,157.71,1,153.8
6414,treatment,10.42,2,16.4
6415,treatment,82.14,3,247.2
6416,treatment,177.77,4,101.7
6417,treatment,88.68,5,173.1
6418,treatment,0,6,193.8
6419,treatment,75.75,7,182.8
6420,treatment,196.78,8,223.7
6421,treatment,169.94,9,187.3
6422,treatment,206.75,10,228.2
6423,treatment,127.2,11,133.4
6424,treatment,115.28,12,249.2
6425,treatment,273.85,13,88.4
6426,treatment,49.96,14,198.9
6427,treatment,121.2,1,134.8
6428,treatment,10.32,2,205.1
6429,treatment,215.08,3,135.7
6430,treatment,120.87,4,275.6
6431,treatment,97.73,5,264.5
6432,treatment,0,6,238.5
6433,treatment,258.04,7,143.3
6434,treatment,102.17,8,38.9
6435,treatment,271.05,9,173.6
6436,treatment,117.18,10,232.0
6437,treatment,176.1,11,10
6438,treatment,37.44,12,158.9
6439,treatment,176.28,13,176.6
6440,treatment,178.29,14,266.9
6441,treatment,114.94,1,208.7
6442,treatment,220.76,2,271.9
6443,treatment,82.26,3,264.7
6444,treatment,92.94,4,159.7
6445,treatment,95.6,5,88.4
6446,treatment,149.67,6,289.2
6447,treatment,144.44,7,134.5
6448,treatment,20.43,8,157.2
6449,treatment,224.98,9,192.1
6450,treatment,21.48,10,223.2
6451,treatment,144.88,11,196.9
6452,treatment,17.33,12,289.9
6453,treatment,179.96,13,214.2
6454,treatment,109.69,14,300.8
6455,treatment,33.78,1,170.9
6456,treatment,150.52,2,126.3
6457,treatment,206.78,3,87.9
6458,treatment,96.17,4,197.0
6459,treatment,0,5,293.2
6460,treatment,53.55,6,153.0
6461,treatment,185.75,7,182.1
6462,treatment,271.6,8,110.0
6463,treatment,108.4,9,165.5
6464,treatment,154.42,10,242.0
6465,treatment,0,11,169.9
6466,treatment,191.88,12,124.0
6467,treatment,19.61,13,153.5
6468,treatment,178.37,14,68.9
6469,treatment,160.5,1,52.2
6470,treatment,50.9,2,225.0
6471,treatment,224.29,3,206.6
6472,treatment,119.64,4,138.1
6473,treatment,169.69,5,193.1
6474,treatment,57.23,6,182.4
6475,treatment,13.39,7,173.2
6476,treatment,102.03,8,15.0
6477,treatment,172.78,9,200.7
6478,treatment,134.74,10,128.4
6479,treatment,34.33,11,255.5
6480,treatment,91.8,12,134.1
6481,treatment,198.49,13,224.6
6482,treatment,0,14,209.6
6483,treatment,29.94,1,166.0
6484,treatment,30.64,2,219.0
6485,treatment,247.89,3,207.7
6486,treatment,203.41,4,184.0
6487,treatment,35.99,5,211.8
6488,treatment,125.45,6,195.6
6489,treatment,37.99,7,239.8
6490,treatment,126.38,8,64.5
6491,treatment,108.46,9,73.6
6492,treatment,131.29,10,147.9
6493,treatment,118.35,11,158.2
6494,treatment,66.49,12,191.9
6495,treatment,55.74,13,245.6
6496,treatment,184.01,14,206.9
6497,treatment,0,1,252.7
6498,treatment,198.83,2,84.0
6499,treatment,0,3,216.2
6500,treatment,176.2,4,245.6
6501,treatment,140.86,5,227.0
6502,treatment,80.8,6,293.5
6503,treatment,58.03,7,103.1
6504,treatment,0,8,172.9
6505,treatment,52.56,9,202.6
6506,treatment,139.58,10,170.9
6507,treatment,152.01,11,190.0
6508,treatment,76.18,12,300.7
6509,treatment,127.06,13,254.5
6510,treatment,221.65,14,279.1
6511,treatment,39.66,1,205.3
6512,treatment,41.63,2,153.5
6513,treatment,25.83,3,223.6
6514,treatment,15.46,4,243.2
6515,treatment,49.69,5,271.3
6516,treatment,20.96,6,269.4
6517,treatment,0,7,325.5
6518,treatment,0,8,92.2
6519,treatment,48.67,9,279.6
6520,treatment,34.93,10,207.9
6521,treatment,134.96,11,193.0
6522,treatment,32.21,12,250.6
6523,treatment,101.16,13,177.1
6524,treatment,10.39,14,208.0
6525,treatment,99.95,1,150.9
6526,treatment,166.63,2,230.8
6527,treatment,32.95,3,124.3
6528,treatment,93.81,4,141.5
6529,treatment,158.38,5,202.6
6530,treatment,203.85,6,101.8
6531,treatment,0,7,195.9
6532,treatment,110.7,8,149.8
6533,treatment,194.13,9,116.2
6534,treatment,139.86,10,264.2
6535,treatment,117.21,11,185.0
6536,treatment,93.7,12,199.8
6537,treatment,42.16,13,219.5
6538,treatment,97.96,14,189.8
6539,treatment,57.89,1,217.0
6540,treatment,0,2,157.1
6541,treatment,249.4,3,158.8
6542,treatment,221.9,4,185.5
6543,treatment,158.01,5,194.3
6544,treatment,143.01,6,39.5
6545,treatment,101.01,7,249.1
6546,treatment,239.52,8,284.3
6547,treatment,132.03,9,121.8
6548,treatment,55.87,10,147.9
6549,treatment,0,11,175.0
6550,treatment,52.26,12,251.7
6551,treatment,129.12,13,178.0
6552,treatment,117.42,14,181.7
6553,treatment,69.59,1,66.5
6554,treatment,21.95,2,214.1
6555,treatment,0,3,215.9
6556,treatment,45.96,4,264.2
6557,treatment,92.11,5,222.2
6558,treatment,1.89,6,172.6
6559,treatment,71.86,7,118.0
6560,treatment,100.3,8,205.0
6561,treatment,27.18,9,161.9
6562,treatment,117.64,10,29.5
6563,treatment,36.04,11,279.7
6564,treatment,185.5,12,205.7
6565,treatment,69.19,13,133.9
6566,treatment,203.45,14,88.2
6567,treatment,81.82,1,240.6
6568,treatment,141.43,2,267.9
6569,treatment,50.35,3,265.3
6570,treatment,56.99,4,153.9
6571,treatment,0,5,225.9
6572,treatment,132.69,6,252.6
6573,treatment,32.6,7,226.7
6574,treatment,38.59,8,122.1
6575,treatment,42.88,9,167.3
6576,treatment,30.07,10,180.8
6577,treatment,52.73,11,223.0
6578,treatment,74.67,12,152.4
6579,treatment,218.42,13,86.6
6580,treatment,45.27,14,127.5
6581,treatment,0,1,221.1
6582,treatment,92.88,2,225.7
6583,treatment,246.93,3,206.2
6584,treatment,202.75,4,93.5
6585,treatment,209.25,5,132.1
6586,treatment,73.91,6,227.6
6587,treatment,179.18,7,229.9
6588,treatment,72.98,8,173.6
6589,treatment,286.8,9,143.1
6590,treatment,162.13,10,184.4
6591,treatment,198.97,11,139.7
6592,treatment,142.54,12,174.8
6593,treatment,71.9,13,133.7
6594,treatment,155.07,14,253.0
6595,treatment,38.69,1,115.3
6596,treatment,118.47,2,194.4
6597,treatment,143.67,3,238.9
6598,treatment,88.14,4,128.0
6599,treatment,145.82,5,104.2
6600,treatment,321.71,6,68.0
6601,treatment,123.51,7,153.7
6602,treatment,85.11,8,101.4
6603,treatment,88.9,9,135.3
6604,treatment,38.42,10,70.5
6605,treatment,298.45,11,167.6
6606,treatment,0,12,214.9
6607,treatment,233.8,13,259.7
6608,treatment,153.46,14,211.2
6609,treatment,82.81,1,112.8
6610,treatment,43.2,2,163.0
6611,treatment,132.31,3,193.2
6612,treatment,163.79,4,197.9
6613,treatment,67.35,5,207.6
6614,treatment,145.53,6,203.1
6615,treatment,110.49,7,99.5
6616,treatment,74.29,8,230.0
6617,treatment,29.38,9,96.0
6618,treatment,41.55,10,42.5
6619,treatment,150.42,11,159.3
6620,treatment,59.65,12,208.8
6621,treatment,74.23,13,193.3
6622,treatment,180.76,14,148.1
6623,treatment,162.11,1,139.9
6624,treatment,71.14,2,147.9
6625,treatment,42.08,3,210.3
6626,treatment,122.18,4,179.6
6627,treatment,0,5,174.8
6628,treatment,199.78,6,203.8
6629,treatment,54.15,7,272.5
6630,treatment,48.82,8,84.8
6631,treatment,136.73,9,177.9
6632,treatment,117.44,10,68.5
6633,treatment,225.98,11,192.2
6634,treatment,182.27,12,163.1
6635,treatment,93.1,13,95.6
6636,treatment,125.99,14,164.9
6637,treatment,0.93,1,222.3
6638,treatment,150.07,2,232.2
6639,treatment,179.1,3,130.9
6640,treatment,153.17,4,182.3
6641,treatment,68.98,5,204.4
6642,treatment,0,6,49.1
6643,treatment,49.28,7,241.1
6644,treatment,232.2,8,81.9
6645,treatment,12.79,9,177.4
6646,treatment,80.14,10,125.0
6647,treatment,104.89,11,331.7
6648,treatment,15.07,12,120.9
6649,treatment,0,13,276.9
6650,treatment,123.29,14,184.2
6651,treatment,154.05,1,196.0
6652,treatment,0,2,237.7
6653,treatment,133.67,3,135.6
6654,treatment,105.27,4,139.5
6655,treatment,0,5,195.8
6656,treatment,276.52,6,201.8
6657,treatment,0,7,193.2
6658,treatment,182.56,8,280.7
6659,treatment,48.44,9,91.3
6660,treatment,34.21,10,256.7
6661,treatment,44.56,11,242.0
6662,treatment,102.45,12,120.5
6663,treatment,0,13,171.5
6664,treatment,59.4,14,257.9
6665,treatment,160.77,1,103.6
6666,treatment,302.16,2,179.9
6667,treatment,219.59,3,185.7
6668,treatment,89.29,4,184.4
6669,treatment,233.97,5,176.0
6670,treatment,171.28,6,89.6
6671,treatment,8.0,7,321.6
6672,treatment,157.91,8,296.5
6673,treatment,0,9,285.6
6674,treatment,64.7,10,149.7
6675,treatment,115.15,11,142.5
6676,treatment,73.24,12,198.3
6677,treatment,132.36,13,153.6
6678,treatment,40.48,14,225.6
6679,treatment,24.27,1,262.4
6680,treatment,138.59,2,146.4
6681,treatment,99.24,3,232.2
6682,treatment,10.88,4,133.7
6683,treatment,123.3,5,242.1
6684,treatment,90.36,6,251.1
6685,treatment,185.24,7,296.1
6686,treatment,198.06,8,275.9
6687,treatment,119.87,9,273.0
6688,treatment,16.6,10,143.8
6689,treatment,261.99,11,332.4
6690,treatment,152.68,12,159.2
6691,treatment,49.08,13,225.8
6692,treatment,103.4,14,236.6
6693,treatment,0,1,188.7
6694,treatment,0,2,143.8
6695,treatment,54.23,3,158.6
6696,treatment,55.24,4,96.2
6697,treatment,108.37,5,182.1
6698,treatment,113.34,6,165.2
6699,treatment,115.08,7,129.1
6700,treatment,87.23,8,207.8
6701,treatment,203.39,9,271.4
6702,treatment,102.61,10,202.5
6703,treatment,54.56,11,140.6
6704,treatment,250.57,12,230.7
6705,treatment,252.68,13,262.2
6706,treatment,89.73,14,128.7
6707,treatment,23.76,1,339.9
6708,treatment,139.79,2,95.4
6709,treatment,0,3,141.5
6710,treatment,0,4,77.2
6711,treatment,23.64,5,226.7
6712,treatment,135.64,6,129.5
6713,treatment,112.24,7,269.5
6714,treatment,160.11,8,186.1
6715,treatment,75.95,9,144.3
6716,treatment,7.16,10,89.1
6717,treatment,133.61,11,123.6
6718,treatment,170.56,12,261.6
6719,treatment,191.07,13,367.4
6720,treatment,154.21,14,200.8
6721,treatment,1.88,1,91.1
6722,treatment,0,2,179.8
6723,treatment,45.33,3,198.0
6724,treatment,195.1,4,127.4
6725,treatment,202.71,5,170.7
6726,treatment,198.59,6,131.6
6727,treatment,0,7,320.9
6728,treatment,165.28,8,160.4
6729,treatment,144.4,9,191.6
6730,treatment,66.7,10,160.2
6731,treatment,74.43,11,204.1
6732,treatment,128.64,12,201.6
6733,treatment,127.06,13,224.1
6734,treatment,45.51,14,135.2
6735,treatment,90.79,1,176.9
6736,treatment,226.07,2,82.8
6737,treatment,0,3,135.1
6738,treatment,175.12,4,261.9
6739,treatment,0,5,194.6
6740,treatment,118.99,6,80.9
6741,treatment,90.23,7,53.4
6742,treatment,162.73,8,167.6
6743,treatment,0,9,107.7
6744,treatment,169.76,10,277.9
6745,treatment,170.0,11,212.8
6746,treatment,155.85,12,169.0
6747,treatment,11.72,13,226.2
6748,treatment,181.24,14,118.9
6749,treatment,178.66,1,286.4
6750,treatment,71.07,2,225.6
6751,treatment,42.22,3,249.6
6752,treatment,118.17,4,153.0
6753,treatment,76.02,5,213.2
6754,treatment,149.87,6,151.3
6755,treatment,179.96,7,130.0
6756,treatment,29.61,8,274.6
6757,treatment,0,9,266.6
6758,treatment,118.93,10,59.4
6759,treatment,130.99,11,243.2
6760,treatment,143.29,12,163.7
6761,treatment,129.8,13,159.6
6762,treatment,184.72,14,89.3
6763,treatment,6.95,1,159.5
6764,treatment,0,2,213.3
6765,treatment,54.16,3,138.8
6766,treatment,158.36,4,135.2
6767,treatment,2.51,5,51.7
6768,treatment,107.96,6,179.8
6769,treatment,0.13,7,183.6
6770,treatment,268.74,8,250.2
6771,treatment,0,9,202.0
6772,treatment,190.68,10,194.3
6773,treatment,221.38,11,162.1
6774,treatment,0,12,182.1
6775,treatment,242.6,13,204.9
6776,treatment,205.33,14,170.5
6777,treatment,121.87,1,238.9
6778,treatment,123.08,2,198.0
6779,treatment,44.42,3,178.3
6780,treatment,73.78,4,181.3
6781,treatment,147.52,5,240.9
6782,treatment,191.18,6,127.1
6783,treatment,47.56,7,153.9
6784,treatment,117.79,8,267.7
6785,treatment,93.33,9,168.0
6786,treatment,0,10,194.5
6787,treatment,94.88,11,181.9
6788,treatment,78.33,12,170.4
6789,treatment,127.68,13,108.5
6790,treatment,158.01,14,128.2
6791,treatment,1.29,1,233.4
6792,treatment,71.2,2,75.6
6793,treatment,0,3,93.1
6794,treatment,0,4,161.8
6795,treatment,135.38,5,262.2
6796,treatment,181.38,6,77.1
6797,treatment,92.92,7,98.2
6798,treatment,95.48,8,138.1
6799,treatment,163.55,9,175.1
6800,treatment,54.52,10,183.9
6801,treatment,113.6,11,135.5
6802,treatment,231.88,12,241.0
6803,treatment,149.7,13,219.5
6804,treatment,128.44,14,239.7
6805,treatment,82.76,1,165.1
6806,treatment,77.35,2,248.5
6807,treatment,319.74,3,115.5
6808,treatment,268.09,4,134.7
6809,treatment,10.04,5,264.1
6810,treatment,0,6,197.1
6811,treatment,79.45,7,128.8
6812,treatment,33.31,8,235.9
6813,treatment,52.96,9,243.1
6814,treatment,168.05,10,237.6
6815,treatment,4.77,11,242.5
6816,treatment,250.36,12,236.4
6817,treatment,225.42,13,188.1
6818,treatment,338.17,14,116.9
6819,treatment,0,1,181.8
6820,treatment,177.8,2,167.3
6821,treatment,0,3,203.3
6822,treatment,113.04,4,256.7
6823,treatment,90.32,5,255.5
6824,treatment,0,6,186.4
6825,treatment,33.31,7,170.7
6826,treatment,0,8,41.1
6827,treatment,35.56,9,169.4
6828,treatment,0,10,219.3
6829,treatment,18.78,11,153.8
6830,treatment,134.28,12,62.2
6831,treatment,0,13,227.0
6832,treatment,174.93,14,124.9
6833,treatment,158.98,1,187.7
6834,treatment,164.95,2,173.3
6835,treatment,77.81,3,179.6
6836,treatment,44.88,4,125.0
6837,treatment,78.82,5,221.4
6838,treatment,153.39,6,199.0
6839,treatment,106.4,7,178.9
6840,treatment,168.45,8,212.9
6841,treatment,107.78,9,115.7
6842,treatment,0,10,71.8
6843,treatment,268.8,11,148.0
6844,treatment,0,12,165.1
6845,treatment,197.62,13,169.2
6846,treatment,201.15,14,208.1
6847,treatment,0,1,139.4
6848,treatment,103.44,2,318.5
6849,treatment,115.62,3,215.6
6850,treatment,233.93,4,170.0
6851,treatment,196.04,5,241.7
6852,treatment,272.01,6,53.3
6853,treatment,18.99,7,119.5
6854,treatment,182.54,8,154.4
6855,treatment,225.46,9,63.7
6856,treatment,86.83,10,245.7
6857,treatment,99.78,11,212.9
6858,treatment,21.63,12,168.7
6859,treatment,103.2,13,252.6
6860,treatment,176.56,14,156.6
6861,treatment,213.74,1,247.2
6862,treatment,178.84,2,175.1
6863,treatment,138.12,3,92.7
6864,treatment,106.99,4,147.3
6865,treatment,158.87,5,175.4
6866,treatment,27.58,6,146.0
6867,treatment,125.33,7,178.7
6868,treatment,134.87,8,256.4
6869,treatment,185.97,9,114.1
6870,treatment,32.8,10,157.5
6871,treatment,79.47,11,124.6
6872,treatment,201.16,12,228.8
6873,treatment,280.78,13,133.0
6874,treatment,82.81,14,129.1
6875,treatment,133.77,1,270.1
6876,treatment,0,2,175.7
6877,treatment,152.45,3,150.8
6878,treatment,30.89,4,138.4
6879,treatment,83.28,5,153.3
6880,treatment,59.35,6,80.2
6881,treatment,143.14,7,68.0
6882,treatment,42.19,8,267.0
6883,treatment,125.63,9,260.5
6884,treatment,0,10,167.8
6885,treatment,313.7,11,120.4
6886,treatment,44.57,12,225.2
6887,treatment,125.54,13,105.3
6888,treatment,49.19,14,149.6
6889,treatment,110.25,1,140.8
6890,treatment,56.82,2,212.6
6891,treatment,130.73,3,98.0
6892,treatment,132.69,4,216.1
6893,treatment,0,5,260.1
6894,treatment,0,6,140.6
6895,treatment,49.86,7,246.7
6896,treatment,341.78,8,219.5
6897,treatment,146.0,9,27.3
6898,treatment,3.27,10,51.6
6899,treatment,138.37,11,178.5
6900,treatment,115.89,12,112.7
6901,treatment,38.17,13,273.7
6902,treatment,60.07,14,128.9
6903,treatment,0,1,126.2
6904,treatment,150.34,2,165.5
6905,treatment,17.15,3,225.8
6906,treatment,64.91,4,124.8
6907,treatment,277.99,5,156.6
6908,treatment,197.74,6,287.7
6909,treatment,175.35,7,148.3
6910,treatment,0,8,202.6
6911,treatment,157.97,9,191.6
6912,treatment,170.67,10,190.6
6913,treatment,93.03,11,168.7
6914,treatment,37.38,12,144.4
6915,treatment,67.1,13,151.3
6916,treatment,59.1,14,164.8
6917,treatment,285.03,1,161.9
6918,treatment,105.73,2,208.1
6919,treatment,151.6,3,241.1
6920,treatment,104.28,4,136.3
6921,treatment,0,5,207.7
6922,treatment,216.83,6,120.9
6923,treatment,82.44,7,219.6
6924,treatment,78.93,8,188.8
6925,treatment,152.15,9,237.6
6926,treatment,70.7,10,216.5
6927,treatment,143.86,11,185.3
6928,treatment,157.66,12,163.9
6929,treatment,0,13,277.2
6930,treatment,142.32,14,195.6
6931,treatment,74.52,1,159.0
6932,treatment,203.5,2,155.9
6933,treatment,160.67,3,202.3
6934,treatment,179.44,4,91.6
6935,treatment,154.65,5,278.6
6936,treatment,20.02,6,128.4
6937,treatment,306.88,7,254.2
6938,treatment,230.56,8,153.3
6939,treatment,14.03,9,272.1
6940,treatment,166.15,10,109.9
6941,treatment,106.25,11,254.8
6942,treatment,197.03,12,81.8
6943,treatment,270.67,13,234.2
6944,treatment,82.54,14,128.6
6945,treatment,135.28,1,66.5
6946,treatment,81.49,2,165.0
6947,treatment,244.3,3,167.0
6948,treatment,11.25,4,113.2
6949,treatment,0,5,168.0
6950,treatment,0,6,244.1
6951,treatment,150.9,7,135.2
6952,treatment,201.86,8,359.1
6953,treatment,139.17,9,126.1
6954,treatment,0,10,223.0
6955,treatment,184.62,11,262.6
6956,treatment,92.69,12,134.0
6957,treatment,77.01,13,200.1
6958,treatment,222.42,14,102.3
6959,treatment,145.02,1,212.1
6960,treatment,39.36,2,255.3
6961,treatment,38.19,3,160.7
6962,treatment,34.34,4,153.1
6963,treatment,66.89,5,97.8
6964,treatment,0,6,133.6
6965,treatment,51.21,7,200.5
6966,treatment,103.09,8,249.5
6967,treatment,76.34,9,107.7
6968,treatment,149.81,10,188.4
6969,treatment,84.24,11,186.9
6970,treatment,19.81,12,328.8
6971,treatment,146.85,13,116.2
6972,treatment,131.95,14,93.7
6973,treatment,198.68,1,162.6
6974,treatment,167.28,2,190.3
6975,treatment,9.24,3,235.3
6976,treatment,13.92,4,176.5
6977,treatment,229.97,5,74.8
6978,treatment,152.42,6,133.4
6979,treatment,75.59,7,146.0
6980,treatment,226.07,8,175.1
6981,treatment,106.85,9,259.0
6982,treatment,84.47,10,282.0
6983,treatment,98.32,11,258.2
6984,treatment,171.86,12,250.3
6985,treatment,105.67,13,230.4
6986,treatment,27.08,14,159.5
6987,treatment,0,1,209.1
6988,treatment,66.17,2,196.3
6989,treatment,53.37,3,208.7
6990,treatment,177.52,4,341.0
6991,treatment,0,5,165.5
6992,treatment,86.28,6,182.2
6993,treatment,137.86,7,155.6
6994,treatment,47.18,8,170.4
6995,treatment,67.41,9,164.9
6996,treatment,63.73,10,190.9
6997,treatment,77.55,11,202.8
6998,treatment,93.47,12,171.4
6999,treatment,117.99,13,169.6
7000,treatment,123.16,14,234.6
7001,treatment,97.04,1,264.5
7002,treatment,241.12,2,142.3
7003,treatment,167.4,3,163.0
7004,treatment,64.63,4,124.5
7005,treatment,276.31,5,131.9
7006,treatment,124.0,6,147.4
7007,treatment,142.65,7,221.4
7008,treatment,152.28,8,182.1
7009,treatment,131.21,9,186.5
7010,treatment,31.85,10,112.4
7011,treatment,295.19,11,76.4
7012,treatment,97.66,12,180.4
7013,treatment,202.22,13,94.4
7014,treatment,0,14,235.8
7015,treatment,237.25,1,85.7
7016,treatment,30.8,2,184.4
7017,treatment,0,3,207.8
7018,treatment,89.01,4,197.6
7019,treatment,163.83,5,124.6
7020,treatment,103.44,6,133.2
7021,treatment,78.2,7,208.7
7022,treatment,44.57,8,201.5
7023,treatment,47.08,9,85.4
7024,treatment,99.08,10,209.3
7025,treatment,82.55,11,129.9
7026,treatment,152.08,12,255.8
7027,treatment,160.52,13,94.6
7028,treatment,138.59,14,234.9
7029,treatment,90.67,1,299.6
7030,treatment,182.45,2,184.5
7031,treatment,94.71,3,191.6
7032,treatment,69.15,4,205.6
7033,treatment,230.68,5,131.6
7034,treatment,29.02,6,200.0
7035,treatment,0,7,173.3
7036,treatment,137.69,8,90.0
7037,treatment,66.04,9,128.3
7038,treatment,3.67,10,238.0
7039,treatment,227.38,11,89.7
7040,treatment,113.23,12,163.8
7041,treatment,50.7,13,133.3
7042,treatment,178.74,14,152.4
7043,treatment,95.6,1,108.4
7044,treatment,155.18,2,144.5
7045,treatment,47.72,3,289.3
7046,treatment,88.0,4,107.5
7047,treatment,190.8,5,132.1
7048,treatment,85.21,6,264.8
7049,treatment,197.36,7,161.7
7050,treatment,126.01,8,217.6
7051,treatment,171.52,9,161.6
7052,treatment,147.79,10,244.6
7053,treatment,133.08,11,118.5
7054,treatment,97.32,12,159.8
7055,treatment,37.54,13,116.5
7056,treatment,81.26,14,142.6
7057,treatment,297.73,1,176.7
7058,treatment,109.42,2,130.4
7059,treatment,173.43,3,154.3
7060,treatment,19.25,4,270.0
7061,treatment,273.42,5,253.5
7062,treatment,87.21,6,234.3
7063,treatment,128.76,7,217.1
7064,treatment,49.18,8,141.6
7065,treatment,74.68,9,67.2
7066,treatment,161.88,10,151.6
7067,treatment,130.97,11,227.6
7068,treatment,220.99,12,133.2
7069,treatment,157.63,13,272.9
7070,treatment,34.88,14,142.2
7071,treatment,145.22,1,82.8
7072,treatment,131.66,2,148.9
7073,treatment,57.76,3,208.2
7074,treatment,118.76,4,292.4
7075,treatment,58.13,5,204.7
7076,treatment,118.44,6,118.5
7077,treatment,59.83,7,151.7
7078,treatment,92.84,8,241.6
7079,treatment,131.14,9,75.4
7080,treatment,52.22,10,256.3
7081,treatment,30.31,11,276.5
7082,treatment,0,12,240.0
7083,treatment,98.17,13,243.8
7084,treatment,147.65,14,198.2
7085,treatment,39.29,1,161.0
7086,treatment,117.46,2,213.3
7087,treatment,99.77,3,240.5
7088,treatment,49.34,4,175.9
7089,treatment,189.2,5,193.8
7090,treatment,80.71,6,160.7
7091,treatment,195.96,7,206.6
7092,treatment,201.39,8,138.5
7093,treatment,191.62,9,205.2
7094,treatment,195.0,10,192.9
7095,treatment,152.11,11,151.1
7096,treatment,100.72,12,212.4
7097,treatment,0,13,208.6
7098,treatment,32.61,14,257.4
7099,treatment,29.7,1,218.5
7100,treatment,135.91,2,246.7
7101,treatment,79.88,3,25.7
7102,treatment,43.83,4,235.4
7103,treatment,15.62,5,130.6
7104,treatment,45.34,6,216.7
7105,treatment,92.21,7,121.3
7106,treatment,93.62,8,175.5
7107,treatment,55.98,9,217.0
7108,treatment,147.5,10,173.9
7109,treatment,0,11,134.6
7110,treatment,117.17,12,141.1
7111,treatment,155.36,13,82.7
7112,treatment,240.74,14,157.5
7113,treatment,156.5,1,135.4
7114,treatment,3.68,2,221.6
7115,treatment,33.46,3,139.0
7116,treatment,180.18,4,199.0
7117,treatment,138.89,5,202.9
7118,treatment,105.2,6,219.6
7119,treatment,48.13,7,193.4
7120,treatment,260.52,8,242.8
7121,treatment,160.26,9,177.6
7122,treatment,9.3,10,181.0
7123,treatment,16.17,11,179.8
7124,treatment,124.7,12,177.0
7125,treatment,0,13,272.0
7126,treatment,91.08,14,75.1
7127,treatment,217.7,1,188.8
7128,treatment,66.67,2,196.3
7129,treatment,239.59,3,130.3
7130,treatment,319.77,4,70.2
7131,treatment,62.67,5,243.7
7132,treatment,271.05,6,203.3
7133,treatment,80.51,7,222.7
7134,treatment,88.14,8,181.6
7135,treatment,179.03,9,207.2
7136,treatment,95.11,10,217.4
7137,treatment,76.27,11,221.6
7138,treatment,92.24,12,243.2
7139,treatment,0,13,190.1
7140,treatment,148.15,14,235.6
7141,treatment,25.16,1,184.0
7142,treatment,88.47,2,10
7143,treatment,13.17,3,262.5
7144,treatment,133.86,4,76.5
7145,treatment,140.32,5,140.3
7146,treatment,70.74,6,251.6
7147,treatment,56.79,7,152.3
7148,treatment,36.45,8,106.6
7149,treatment,207.97,9,126.4
7150,treatment,99.56,10,138.5
7151,treatment,169.76,11,199.2
7152,treatment,154.4,12,138.1
7153,treatment,12.69,13,201.0
7154,treatment,53.26,14,331.5
7155,treatment,57.09,1,234.1
7156,treatment,192.67,2,49.6
7157,treatment,74.4,3,289.1
7158,treatment,76.62,4,244.9
7159,treatment,294.03,5,184.3
7160,treatment,33.24,6,95.8
7161,treatment,0,7,241.9
7162,treatment,218.48,8,206.1
7163,treatment,105.96,9,221.7
7164,treatment,262.16,10,189.6
7165,treatment,46.18,11,145.7
7166,treatment,58.47,12,332.3
7167,treatment,84.95,13,334.4
7168,treatment,47.01,14,74.8
7169,treatment,80.55,1,141.5
7170,treatment,110.24,2,125.0
7171,treatment,108.57,3,159.4
7172,treatment,0,4,188.9
7173,treatment,95.62,5,127.3
7174,treatment,62.44,6,81.7
7175,treatment,14.55,7,111.4
7176,treatment,98.15,8,121.4
7177,treatment,185.53,9,258.8
7178,treatment,0,10,221.1
7179,treatment,101.23,11,148.4
7180,treatment,26.74,12,162.7
7181,treatment,174.46,13,218.8
7182,treatment,53.57,14,216.8
7183,treatment,46.81,1,162.7
7184,treatment,51.17,2,190.7
7185,treatment,26.27,3,226.2
7186,treatment,116.89,4,130.2
7187,treatment,208.77,5,143.6
7188,treatment,85.45,6,22.9
7189,treatment,47.93,7,242.7
7190,treatment,23.44,8,154.2
7191,treatment,0,9,137.1
7192,treatment,173.17,10,202.9
7193,treatment,32.48,11,345.4
7194,treatment,45.77,12,123.3
7195,treatment,146.35,13,189.0
7196,treatment,183.3,14,177.1
7197,treatment,25.73,1,337.7
7198,treatment,71.51,2,163.8
7199,treatment,136.64,3,193.9
7200,treatment,10.15,4,180.1
7201,treatment,21.58,5,303.4
7202,treatment,94.83,6,135.1
7203,treatment,193.0,7,212.8
7204,treatment,99.46,8,38.5
7205,treatment,0,9,265.8
7206,treatment,140.01,10,55.2
7207,treatment,16.86,11,72.5
7208,treatment,0,12,189.0
7209,treatment,53.01,13,178.1
7210,treatment,171.51,14,115.2
7211,treatment,84.2,1,199.2
7212,treatment,85.98,2,213.2
7213,treatment,207.76,3,191.5
7214,treatment,0,4,243.9
7215,treatment,200.56,5,173.2
7216,treatment,116.32,6,146.2
7217,treatment,22.45,7,167.6
7218,treatment,207.21,8,71.1
7219,treatment,52.3,9,175.0
7220,treatment,272.05,10,172.7
7221,treatment,46.77,11,208.7
7222,treatment,0,12,313.3
7223,treatment,0,13,202.0
7224,treatment,90.28,14,174.8
7225,treatment,189.46,1,82.4
7226,treatment,10.14,2,133.6
7227,treatment,100.07,3,183.7
7228,treatment,146.35,4,231.0
7229,treatment,157.96,5,198.1
7230,treatment,38.48,6,214.4
7231,treatment,0,7,234.1
7232,treatment,166.87,8,102.3
7233,treatment,82.84,9,234.4
7234,treatment,90.87,10,202.7
7235,treatment,65.4,11,191.0
7236,treatment,113.24,12,181.6
7237,treatment,71.78,13,148.3
7238,treatment,189.05,14,201.3
7239,treatment,0,1,223.5
7240,treatment,136.12,2,189.2
7241,treatment,158.35,3,149.2
7242,treatment,116.66,4,146.4
7243,treatment,38.96,5,172.1
7244,treatment,45.91,6,149.5
7245,treatment,85.36,7,176.1
7246,treatment,44.79,8,178.6
7247,treatment,104.79,9,137.6
7248,treatment,0,10,268.6
7249,treatment,124.5,11,229.5
7250,treatment,0,12,228.5
7251,treatment,77.1,13,153.5
7252,treatment,115.36,14,92.8
7253,treatment,0,1,258.2
7254,treatment,78.81,2,113.3
7255,treatment,146.77,3,164.1
7256,treatment,72.12,4,288.7
7257,treatment,39.31,5,88.2
7258,treatment,18.37,6,161.0
7259,treatment,89.56,7,169.4
7260,treatment,15.1,8,105.0
7261,treatment,263.44,9,85.7
7262,treatment,16.95,10,203.7
7263,treatment,27.72,11,290.9
7264,treatment,150.71,12,270.2
7265,treatment,108.75,13,190.6
7266,treatment,132.43,14,49.8
7267,treatment,274.82,1,224.9
7268,treatment,115.98,2,166.0
7269,treatment,41.66,3,141.2
7270,treatment,2.32,4,216.2
7271,treatment,57.38,5,39.3
7272,treatment,122.05,6,292.0
7273,treatment,146.92,7,185.1
7274,treatment,58.03,8,190.8
7275,treatment,56.68,9,163.9
7276,treatment,15.74,10,37.4
7277,treatment,84.19,11,138.8
7278,treatment,164.77,12,149.5
7279,treatment,76.83,13,215.8
7280,treatment,51.72,14,213.5
7281,treatment,241.97,1,276.4
7282,treatment,69.1,2,119.9
7283,treatment,0,3,210.2
7284,treatment,0,4,273.8
7285,treatment,61.2,5,262.1
7286,treatment,25.6,6,86.9
7287,treatment,109.34,7,142.5
7288,treatment,0,8,66.0
7289,treatment,111.94,9,198.5
7290,treatment,166.63,10,176.4
7291,treatment,134.51,11,148.6
7292,treatment,27.06,12,193.8
7293,treatment,45.22,13,209.8
7294,treatment,171.31,14,207.1
7295,treatment,210.47,1,159.8
7296,treatment,132.55,2,197.7
7297,treatment,167.68,3,136.0
7298,treatment,124.16,4,198.0
7299,treatment,187.41,5,213.1
7300,treatment,167.1,6,143.2
7301,treatment,205.05,7,171.6
7302,treatment,82.82,8,186.5
7303,treatment,156.92,9,209.0
7304,treatment,32.38,10,135.8
7305,treatment,128.1,11,104.4
7306,treatment,7.94,12,145.7
7307,treatment,134.51,13,134.7
7308,treatment,113.64,14,315.2
7309,treatment,0,1,201.7
7310,treatment,188.42,2,149.2
7311,treatment,44.19,3,233.6
7312,treatment,41.77,4,188.8
7313,treatment,56.51,5,163.3
7314,treatment,116.73,6,271.6
7315,treatment,158.85,7,220.5
7316,treatment,185.69,8,147.8
7317,treatment,156.34,9,211.7
7318,treatment,0,10,266.4
7319,treatment,0,11,127.3
7320,treatment,221.66,12,188.8
7321,treatment,82.87,13,72.8
7322,treatment,79.59,14,171.4
7323,treatment,0,1,72.6
7324,treatment,15.67,2,258.2
7325,treatment,206.12,3,169.6
7326,treatment,58.01,4,203.8
7327,treatment,152.39,5,247.2
7328,treatment,0,6,272.2
7329,treatment,18.79,7,249.7
7330,treatment,176.5,8,237.3
7331,treatment,106.45,9,204.4
7332,treatment,23.01,10,250.6
7333,treatment,121.22,11,133.9
7334,treatment,0,12,183.8
7335,treatment,100.86,13,126.1
7336,treatment,0,14,146.5
7337,treatment,0,1,167.7
7338,treatment,66.76,2,244.9
7339,treatment,180.36,3,224.7
7340,treatment,121.92,4,206.6
7341,treatment,49.42,5,271.3
7342,treatment,280.85,6,198.7
7343,treatment,164.85,7,113.9
7344,treatment,232.61,8,144.2
7345,treatment,75.63,9,36.3
7346,treatment,223.01,10,81.3
7347,treatment,158.62,11,185.6
7348,treatment,192.36,12,165.9
7349,treatment,158.98,13,106.9
7350,treatment,24.15,14,188.5
7351,treatment,108.47,1,87.7
7352,treatment,115.9,2,183.9
7353,treatment,48.16,3,201.4
7354,treatment,0,4,297.9
7355,treatment,109.41,5,155.8
7356,treatment,130.57,6,152.3
7357,treatment,14.54,7,220.3
7358,treatment,246.4,8,209.1
7359,treatment,27.99,9,182.1
7360,treatment,166.24,10,211.6
7361,treatment,78.93,11,94.2
7362,treatment,32.17,12,249.7
7363,treatment,134.66,13,190.1
7364,treatment,108.01,14,42.0
7365,treatment,90.84,1,175.4
7366,treatment,7.37,2,158.1
7367,treatment,111.91,3,192.0
7368,treatment,248.06,4,176.6
7369,treatment,27.87,5,248.5
7370,treatment,174.61,6,175.7
7371,treatment,151.96,7,129.6
7372,treatment,47.79,8,184.5
7373,treatment,70.19,9,144.1
7374,treatment,93.98,10,178.5
7375,treatment,116.55,11,110.6
7376,treatment,27.88,12,121.4
7377,treatment,50.03,13,144.6
7378,treatment,183.06,14,249.2
7379,treatment,141.79,1,245.8
7380,treatment,46.12,2,158.8
7381,treatment,232.05,3,142.9
7382,treatment,107.89,4,128.9
7383,treatment,88.45,5,194.9
7384,treatment,122.17,6,224.8
7385,treatment,7.01,7,268.6
7386,treatment,186.84,8,206.5
7387,treatment,0,9,123.8
7388,treatment,0,10,210.6
7389,treatment,259.45,11,186.1
7390,treatment,221.31,12,132.5
7391,treatment,129.32,13,309.8
7392,treatment,26.6,14,127.1
7393,treatment,204.39,1,227.4
7394,treatment,163.71,2,189.0
7395,treatment,184.98,3,192.3
7396,treatment,215.83,4,169.5
7397,treatment,84.86,5,294.7
7398,treatment,138.06,6,77.2
7399,treatment,129.43,7,281.7
7400,treatment,19.61,8,204.5
7401,treatment,14.18,9,120.6
7402,treatment,0,10,304.0
7403,treatment,87.54,11,177.9
7404,treatment,163.07,12,112.6
7405,treatment,118.08,13,274.8
7406,treatment,0,14,234.2
7407,treatment,111.29,1,195.8
7408,treatment,166.03,2,116.4
7409,treatment,153.3,3,272.6
7410,treatment,34.07,4,241.4
7411,treatment,176.99,5,262.9
7412,treatment,182.59,6,241.1
7413,treatment,40.23,7,206.1
7414,treatment,182.98,8,140.7
7415,treatment,197.44,9,107.0
7416,treatment,185.5,10,202.6
7417,treatment,152.97,11,87.0
7418,treatment,20.66,12,233.1
7419,treatment,0,13,228.9
7420,treatment,171.59,14,108.5
7421,treatment,0,1,179.1
7422,treatment,30.49,2,140.9
7423,treatment,187.22,3,250.6
7424,treatment,0,4,158.2
7425,treatment,103.83,5,196.4
7426,treatment,62.19,6,210.4
7427,treatment,107.13,7,227.8
7428,treatment,198.86,8,142.5
7429,treatment,99.02,9,290.8
7430,treatment,77.16,10,203.2
7431,treatment,249.78,11,74.4
7432,treatment,180.11,12,28.6
7433,treatment,0,13,198.6
7434,treatment,70.42,14,192.4
7435,treatment,0,1,165.7
7436,treatment,34.01,2,161.1
7437,treatment,54.11,3,176.6
7438,treatment,214.17,4,276.2
7439,treatment,0,5,180.8
7440,treatment,173.84,6,173.9
7441,treatment,116.04,7,180.8
7442,treatment,152.29,8,235.2
7443,treatment,38.63,9,87.2
7444,treatment,74.36,10,144.6
7445,treatment,126.95,11,182.1
7446,treatment,61.31,12,124.2
7447,treatment,0,13,184.3
7448,treatment,100.28,14,207.3
7449,treatment,68.64,1,320.8
7450,treatment,34.13,2,188.2
7451,treatment,56.22,3,96.5
7452,treatment,172.56,4,234.2
7453,treatment,0,5,216.4
7454,treatment,45.0,6,191.8
7455,treatment,81.11,7,204.7
7456,treatment,46.04,8,177.3
7457,treatment,284.0,9,228.3
7458,treatment,85.28,10,201.7
7459,treatment,146.19,11,122.3
7460,treatment,28.46,12,365.9
7461,treatment,100.38,13,177.7
7462,treatment,218.14,14,94.6
7463,treatment,0,1,306.7
7464,treatment,128.67,2,162.4
7465,treatment,71.94,3,54.5
7466,treatment,46.73,4,200.1
7467,treatment,163.6,5,169.2
7468,treatment,191.04,6,188.2
7469,treatment,0,7,170.3
7470,treatment,160.45,8,139.8
7471,treatment,68.63,9,227.1
7472,treatment,83.31,10,54.0
7473,treatment,92.86,11,58.6
7474,treatment,6.45,12,174.4
7475,treatment,100.54,13,190.7
7476,treatment,0,14,129.8
7477,treatment,328.21,1,193.7
7478,treatment,114.04,2,139.1
7479,treatment,84.61,3,267.2
7480,treatment,27.26,4,100.6
7481,treatment,40.28,5,145.2
7482,treatment,88.89,6,13.4
7483,treatment,121.43,7,171.6
7484,treatment,107.01,8,202.5
7485,treatment,53.94,9,179.3
7486,treatment,218.51,10,202.0
7487,treatment,26.78,11,161.3
7488,treatment,119.94,12,128.1
7489,treatment,70.94,13,130.4
7490,treatment,0,14,165.0
7491,treatment,6.24,1,230.7
7492,treatment,0,2,243.2
7493,treatment,21.92,3,166.3
7494,treatment,168.32,4,276.7
7495,treatment,33.78,5,242.0
7496,treatment,188.48,6,197.7
7497,treatment,161.29,7,126.8
7498,treatment,118.0,8,130.0
7499,treatment,48.87,9,211.4
7500,treatment,37.88,10,139.8
7501,treatment,147.26,11,137.3
7502,treatment,120.38,12,189.3
7503,treatment,85.41,13,74.6
7504,treatment,174.49,14,229.9
7505,treatment,65.5,1,103.0
7506,treatment,196.52,2,189.0
7507,treatment,199.72,3,246.8
7508,treatment,63.85,4,149.7
7509,treatment,199.4,5,228.4
7510,treatment,28.72,6,125.9
7511,treatment,123.05,7,165.1
7512,treatment,20.54,8,186.4
7513,treatment,43.58,9,268.8
7514,treatment,246.66,10,151.4
7515,treatment,75.72,11,154.8
7516,treatment,243.57,12,232.0
7517,treatment,122.51,13,193.2
7518,treatment,74.5,14,67.9
7519,treatment,155.47,1,199.8
7520,treatment,94.72,2,195.3
7521,treatment,117.39,3,207.1
7522,treatment,77.1,4,206.9
7523,treatment,32.59,5,137.3
7524,treatment,173.57,6,204.7
7525,treatment,126.11,7,181.8
7526,treatment,73.28,8,170.5
7527,treatment,125.56,9,85.4
7528,treatment,0,10,179.1
7529,treatment,80.02,11,177.4
7530,treatment,139.28,12,231.6
7531,treatment,156.92,13,212.1
7532,treatment,184.15,14,10
7533,treatment,221.61,1,281.2
7534,treatment,179.64,2,174.3
7535,treatment,6.13,3,188.7
7536,treatment,199.02,4,228.5
7537,treatment,71.12,5,161.9
7538,treatment,135.49,6,181.0
7539,treatment,174.31,7,137.0
7540,treatment,0,8,147.2
7541,treatment,116.29,9,158.9
7542,treatment,156.55,10,227.1
7543,treatment,36.4,11,128.9
7544,treatment,26.77,12,325.7
7545,treatment,160.8,13,170.5
7546,treatment,103.14,14,196.6
7547,treatment,24.85,1,253.0
7548,treatment,173.51,2,200.1
7549,treatment,143.12,3,200.4
7550,treatment,174.48,4,292.2
7551,treatment,92.6,5,126.0
7552,treatment,207.98,6,118.5
7553,treatment,172.02,7,151.2
7554,treatment,127.38,8,313.9
7555,treatment,167.27,9,44.0
7556,treatment,161.15,10,122.8
7557,treatment,103.82,11,220.4
7558,treatment,52.7,12,201.1
7559,treatment,61.29,13,92.7
7560,treatment,196.27,14,118.9
7561,treatment,104.88,1,100.6
7562,treatment,146.17,2,175.4
7563,treatment,52.65,3,193.4
7564,treatment,92.35,4,78.3
7565,treatment,0,5,197.0
7566,treatment,147.02,6,75.6
7567,treatment,138.5,7,200.4
7568,treatment,172.81,8,121.1
7569,treatment,238.71,9,235.7
7570,treatment,240.08,10,171.8
7571,treatment,0,11,260.4
7572,treatment,32.92,12,141.6
7573,treatment,76.87,13,87.0
7574,treatment,85.49,14,110.6
7575,treatment,87.9,1,148.0
7576,treatment,82.77,2,245.0
7577,treatment,146.75,3,102.4
7578,treatment,199.85,4,120.7
7579,treatment,3.81,5,234.2
7580,treatment,64.51,6,252.5
7581,treatment,0,7,239.5
7582,treatment,33.16,8,180.1
7583,treatment,213.11,9,263.1
7584,treatment,47.37,10,167.7
7585,treatment,204.87,11,115.9
7586,treatment,66.84,12,191.7
7587,treatment,60.14,13,105.9
7588,treatment,184.19,14,140.4
7589,treatment,0,1,300.2
7590,treatment,13.88,2,106.5
7591,treatment,213.78,3,168.9
7592,treatment,97.43,4,235.7
7593,treatment,51.42,5,211.9
7594,treatment,1.65,6,192.2
7595,treatment,145.15,7,230.5
7596,treatment,0,8,69.1
7597,treatment,179.57,9,203.4
7598,treatment,19.62,10,145.6
7599,treatment,0,11,105.1
7600,treatment,168.79,12,181.5
7601,treatment,123.37,13,109.4
7602,treatment,121.9,14,117.0
7603,treatment,177.92,1,173.6
7604,treatment,41.64,2,216.4
7605,treatment,60.66,3,163.9
7606,treatment,94.75,4,200.5
7607,treatment,63.17,5,147.7
7608,treatment,181.94,6,204.6
7609,treatment,82.64,7,174.6
7610,treatment,147.26,8,189.1
7611,treatment,5.25,9,198.5
7612,treatment,216.43,10,220.6
7613,treatment,113.08,11,247.2
7614,treatment,44.87,12,68.3
7615,treatment,121.01,13,149.8
7616,treatment,91.56,14,244.6
7617,treatment,189.97,1,204.4
7618,treatment,144.06,2,88.1
7619,treatment,1.4,3,79.0
7620,treatment,200.98,4,201.3
7621,treatment,110.89,5,266.0
7622,treatment,70.55,6,249.2
7623,treatment,156.14,7,268.4
7624,treatment,247.86,8,264.6
7625,treatment,73.14,9,124.3
7626,treatment,188.35,10,137.2
7627,treatment,136.43,11,221.6
7628,treatment,93.69,12,156.9
7629,treatment,97.09,13,210.8
7630,treatment,76.89,14,157.3
7631,treatment,47.69,1,325.0
7632,treatment,38.19,2,144.1
7633,treatment,130.79,3,130.9
7634,treatment,0,4,108.4
7635,treatment,211.79,5,64.6
7636,treatment,190.69,6,209.5
7637,treatment,1.94,7,226.6
7638,treatment,143.78,8,104.1
7639,treatment,191.21,9,111.7
7640,treatment,0,10,168.5
7641,treatment,111.26,11,132.0
7642,treatment,238.85,12,160.4
7643,treatment,23.2,13,204.2
7644,treatment,0,14,133.6
7645,treatment,232.27,1,155.4
7646,treatment,63.11,2,167.7
7647,treatment,151.45,3,163.8
7648,treatment,26.23,4,230.2
7649,treatment,194.94,5,109.3
7650,treatment,92.08,6,273.3
7651,treatment,119.21,7,268.2
7652,treatment,68.51,8,167.4
7653,treatment,141.72,9,142.7
7654,treatment,84.37,10,152.6
7655,treatment,0,11,159.5
7656,treatment,148.6,12,167.4
7657,treatment,0,13,205.8
7658,treatment,195.84,14,205.4
7659,treatment,177.23,1,243.4
7660,treatment,224.97,2,236.1
7661,treatment,0,3,214.8
7662,treatment,71.81,4,173.2
7663,treatment,176.72,5,179.5
7664,treatment,63.99,6,224.8
7665,treatment,42.5,7,259.0
7666,treatment,94.34,8,206.6
7667,treatment,49.42,9,50.3
7668,treatment,123.78,10,171.3
7669,treatment,108.28,11,175.9
7670,treatment,188.54,12,172.7
7671,treatment,44.61,13,290.4
7672,treatment,192.93,14,156.9
7673,treatment,155.17,1,325.9
7674,treatment,172.17,2,174.5
7675,treatment,42.42,3,224.0
7676,treatment,16.57,4,83.8
7677,treatment,30.1,5,152.0
7678,treatment,150.06,6,202.1
7679,treatment,10.36,7,234.6
7680,treatment,0,8,197.4
7681,treatment,173.74,9,131.7
7682,treatment,8.76,10,268.3
7683,treatment,29.15,11,242.9
7684,treatment,48.51,12,220.1
7685,treatment,0,13,392.5
7686,treatment,288.73,14,185.9
7687,treatment,143.08,1,200.7
7688,treatment,27.49,2,10
7689,treatment,24.7,3,167.3
7690,treatment,104.66,4,95.3
7691,treatment,81.31,5,176.0
7692,treatment,144.15,6,208.2
7693,treatment,100.34,7,125.1
7694,treatment,71.68,8,128.5
7695,treatment,100.35,9,194.7
7696,treatment,69.47,10,198.2
7697,treatment,182.19,11,185.9
7698,treatment,124.57,12,231.7
7699,treatment,0,13,272.1
7700,treatment,30.22,14,304.3
7701,treatment,268.16,1,101.3
7702,treatment,162.31,2,209.2
7703,treatment,115.65,3,171.0
7704,treatment,68.17,4,162.0
7705,treatment,60.41,5,142.6
7706,treatment,0,6,207.6
7707,treatment,153.63,7,289.1
7708,treatment,79.17,8,129.8
7709,treatment,164.38,9,230.7
7710,treatment,0,10,150.8
7711,treatment,139.37,11,273.1
7712,treatment,270.55,12,192.7
7713,treatment,52.3,13,160.6
7714,treatment,0,14,254.4
7715,treatment,38.86,1,280.3
7716,treatment,0,2,83.2
7717,treatment,59.86,3,298.0
7718,treatment,88.56,4,230.9
7719,treatment,36.94,5,188.0
7720,treatment,459.13,6,211.7
7721,treatment,123.64,7,141.7
7722,treatment,78.22,8,139.7
7723,treatment,41.92,9,138.9
7724,treatment,102.73,10,206.7
7725,treatment,70.03,11,178.9
7726,treatment,111.52,12,78.3
7727,treatment,56.81,13,259.9
7728,treatment,127.31,14,157.1
7729,treatment,0,1,269.0
7730,treatment,77.7,2,176.6
7731,treatment,0,3,93.6
7732,treatment,143.49,4,237.8
7733,treatment,127.64,5,212.4
7734,treatment,175.2,6,95.3
7735,treatment,92.32,7,168.9
7736,treatment,139.44,8,157.9
7737,treatment,85.37,9,284.0
7738,treatment,212.99,10,197.4
7739,treatment,210.52,11,171.5
7740,treatment,107.14,12,191.3
7741,treatment,61.44,13,141.2
7742,treatment,0,14,281.6
7743,treatment,75.02,1,228.8
7744,treatment,62.63,2,114.6
7745,treatment,33.2,3,81.3
7746,treatment,0,4,265.4
7747,treatment,69.35,5,316.7
7748,treatment,33.09,6,134.6
7749,treatment,73.88,7,135.6
7750,treatment,71.88,8,98.9
7751,treatment,143.59,9,83.2
7752,treatment,82.83,10,198.8
7753,treatment,103.4,11,121.2
7754,treatment,213.13,12,219.3
7755,treatment,271.53,13,119.7
7756,treatment,148.09,14,156.9
7757,treatment,0,1,270.3
7758,treatment,260.47,2,230.0
7759,treatment,184.35,3,152.4
7760,treatment,76.38,4,174.8
7761,treatment,147.96,5,208.8
7762,treatment,14.23,6,193.4
7763,treatment,59.32,7,129.9
7764,treatment,0,8,282.2
7765,treatment,40.57,9,211.2
7766,treatment,214.27,10,147.8
7767,treatment,41.99,11,113.1
7768,treatment,33.3,12,186.3
7769,treatment,125.21,13,246.8
7770,treatment,155.71,14,122.4
7771,treatment,153.72,1,156.7
7772,treatment,216.15,2,177.0
7773,treatment,69.67,3,88.8
7774,treatment,83.85,4,148.1
7775,treatment,64.62,5,204.9
7776,treatment,42.55,6,211.8
7777,treatment,154.92,7,280.1
7778,treatment,101.19,8,60.3
7779,treatment,44.32,9,157.9
7780,treatment,103.57,10,175.3
7781,treatment,0,11,203.5
7782,treatment,170.5,12,248.6
7783,treatment,46.76,13,107.6
7784,treatment,101.86,14,271.7
7785,treatment,78.03,1,120.2
7786,treatment,32.89,2,100.9
7787,treatment,162.66,3,192.5
7788,treatment,310.13,4,179.1
7789,treatment,128.54,5,218.8
7790,treatment,0,6,50.7
7791,treatment,104.52,7,259.7
7792,treatment,207.43,8,114.7
7793,treatment,92.31,9,37.6
7794,treatment,57.79,10,223.2
7795,treatment,16.52,11,215.9
7796,treatment,94.76,12,24.2
7797,treatment,52.89,13,187.2
7798,treatment,270.69,14,217.2
7799,treatment,71.33,1,86.1
7800,treatment,0,2,97.3
7801,treatment,66.33,3,129.2
7802,treatment,209.27,4,222.7
7803,treatment,87.92,5,128.0
7804,treatment,186.34,6,79.9
7805,treatment,75.38,7,72.2
7806,treatment,0,8,190.1
7807,treatment,0.42,9,215.9
7808,treatment,99.84,10,137.8
7809,treatment,183.51,11,290.3
7810,treatment,58.87,12,151.4
7811,treatment,75.4,13,179.1
7812,treatment,166.72,14,78.2
7813,treatment,50.5,1,167.6
7814,treatment,148.89,2,173.7
7815,treatment,0,3,188.2
7816,treatment,135.86,4,223.1
7817,treatment,65.09,5,91.7
7818,treatment,111.75,6,249.1
7819,treatment,75.13,7,209.7
7820,treatment,169.78,8,93.9
7821,treatment,127.92,9,219.1
7822,treatment,109.18,10,188.7
7823,treatment,144.52,11,159.7
7824,treatment,40.85,12,116.2
7825,treatment,0,13,108.2
7826,treatment,186.35,14,192.4
7827,treatment,28.24,1,144.2
7828,treatment,132.54,2,201.1
7829,treatment,0,3,153.4
7830,treatment,206.06,4,204.4
7831,treatment,188.42,5,258.5
7832,treatment,0,6,214.4
7833,treatment,107.36,7,71.2
7834,treatment,145.15,8,56.2
7835,treatment,161.55,9,193.9
7836,treatment,75.72,10,165.3
7837,treatment,148.32,11,309.0
7838,treatment,274.71,12,327.6
7839,treatment,107.89,13,132.1
7840,treatment,121.62,14,196.7
7841,treatment,198.18,1,250.0
7842,treatment,74.65,2,58.5
7843,treatment,115.14,3,195.3
7844,treatment,104.48,4,222.0
7845,treatment,149.88,5,349.5
7846,treatment,114.34,6,298.3
7847,treatment,0,7,182.5
7848,treatment,62.64,8,159.6
7849,treatment,160.78,9,152.7
7850,treatment,119.03,10,193.7
7851,treatment,180.66,11,207.4
7852,treatment,0,12,244.0
7853,treatment,216.04,13,67.1
7854,treatment,222.05,14,150.0
7855,treatment,41.53,1,170.4
7856,treatment,19.95,2,156.0
7857,treatment,104.25,3,190.9
7858,treatment,130.81,4,319.7
7859,treatment,67.43,5,188.5
7860,treatment,99.68,6,243.2
7861,treatment,160.27,7,260.0
7862,treatment,296.82,8,210.8
7863,treatment,176.45,9,188.0
7864,treatment,67.75,10,77.6
7865,treatment,100.6,11,117.8
7866,treatment,182.57,12,247.8
7867,treatment,46.59,13,186.3
7868,treatment,0,14,119.9
7869,treatment,283.29,1,161.9
7870,treatment,77.56,2,84.5
7871,treatment,166.95,3,59.9
7872,treatment,0,4,220.0
7873,treatment,178.6,5,137.2
7874,treatment,17.27,6,106.0
7875,treatment,59.39,7,247.4
7876,treatment,124.05,8,302.3
7877,treatment,127.13,9,164.1
7878,treatment,0,10,147.1
7879,treatment,156.35,11,110.1
7880,treatment,81.65,12,208.1
7881,treatment,117.61,13,176.4
7882,treatment,158.03,14,143.5
7883,treatment,127.33,1,180.3
7884,treatment,9.92,2,197.0
7885,treatment,74.24,3,110.1
7886,treatment,115.05,4,212.0
7887,treatment,65.09,5,245.1
7888,treatment,68.9,6,140.5
7889,treatment,151.34,7,229.1
7890,treatment,16.37,8,253.4
7891,treatment,99.73,9,186.3
7892,treatment,117.75,10,237.6
7893,treatment,115.46,11,186.3
7894,treatment,68.4,12,77.2
7895,treatment,170.11,13,209.8
7896,treatment,91.49,14,164.0
7897,treatment,125.54,1,91.3
7898,treatment,143.75,2,150.2
7899,treatment,145.24,3,148.9
7900,treatment,166.59,4,183.2
7901,treatment,0,5,208.4
7902,treatment,238.57,6,219.1
7903,treatment,119.75,7,233.6
7904,treatment,124.55,8,124.3
7905,treatment,77.1,9,150.0
7906,treatment,161.11,10,328.5
7907,treatment,164.3,11,216.5
7908,treatment,85.93,12,198.6
7909,treatment,64.92,13,206.9
7910,treatment,185.01,14,307.7
7911,treatment,0,1,258.4
7912,treatment,149.96,2,110.0
7913,treatment,110.73,3,153.6
7914,treatment,183.87,4,274.3
7915,treatment,99.96,5,94.3
7916,treatment,173.48,6,98.8
7917,treatment,157.12,7,112.3
7918,treatment,90.99,8,234.2
7919,treatment,124.61,9,96.4
7920,treatment,155.05,10,229.6
7921,treatment,94.08,11,200.3
7922,treatment,119.47,12,338.8
7923,treatment,113.81,13,116.6
7924,treatment,108.5,14,264.6
7925,treatment,272.55,1,133.4
7926,treatment,124.91,2,161.7
7927,treatment,106.73,3,138.8
7928,treatment,104.69,4,171.9
7929,treatment,155.48,5,310.8
7930,treatment,123.58,6,102.4
7931,treatment,163.42,7,234.0
7932,treatment,193.04,8,132.0
7933,treatment,67.3,9,188.9
7934,treatment,94.0,10,253.5
7935,treatment,0,11,136.5
7936,treatment,256.46,12,164.5
7937,treatment,212.99,13,177.0
7938,treatment,0,14,208.2
7939,treatment,65.9,1,258.3
7940,treatment,141.34,2,134.2
7941,treatment,152.05,3,129.7
7942,treatment,12.42,4,258.8
7943,treatment,219.33,5,84.1
7944,treatment,106.38,6,255.3
7945,treatment,52.65,7,182.3
7946,treatment,0,8,202.6
7947,treatment,207.57,9,195.1
7948,treatment,26.1,10,80.9
7949,treatment,14.76,11,126.6
7950,treatment,66.11,12,113.9
7951,treatment,54.7,13,197.8
7952,treatment,180.2,14,44.1
7953,treatment,156.41,1,121.0
7954,treatment,60.96,2,218.9
7955,treatment,9.09,3,125.9
7956,treatment,216.19,4,112.7
7957,treatment,146.27,5,253.5
7958,treatment,230.26,6,208.6
7959,treatment,0,7,278.0
7960,treatment,80.88,8,116.6
7961,treatment,0,9,192.4
7962,treatment,173.71,10,98.2
7963,treatment,100.48,11,234.7
7964,treatment,213.48,12,208.5
7965,treatment,110.34,13,275.9
7966,treatment,48.9,14,184.5
7967,treatment,115.56,1,203.5
7968,treatment,150.06,2,179.0
7969,treatment,159.1,3,174.1
7970,treatment,27.92,4,231.1
7971,treatment,43.98,5,109.6
7972,treatment,165.72,6,169.5
7973,treatment,119.36,7,221.7
7974,treatment,102.44,8,143.6
7975,treatment,59.27,9,261.7
7976,treatment,126.61,10,158.7
7977,treatment,150.9,11,248.3
7978,treatment,13.62,12,182.6
7979,treatment,0,13,82.4
7980,treatment,66.21,14,141.9
7981,treatment,72.36,1,226.3
7982,treatment,258.24,2,293.3
7983,treatment,0,3,191.3
7984,treatment,95.61,4,161.5
7985,treatment,148.58,5,76.8
7986,treatment,184.13,6,145.5
7987,treatment,147.21,7,113.9
7988,treatment,113.17,8,178.9
7989,treatment,129.14,9,196.0
7990,treatment,9.95,10,285.2
7991,treatment,129.39,11,179.1
7992,treatment,148.63,12,175.7
7993,treatment,116.7,13,264.0
7994,treatment,66.94,14,189.0
7995,treatment,217.26,1,123.7
7996,treatment,103.8,2,188.7
7997,treatment,112.71,3,248.0
7998,treatment,216.35,4,256.2
7999,treatment,187.41,5,138.7
8000,treatment,59.78,6,184.4
8001,treatment,99.68,7,145.6
8002,treatment,40.03,8,111.1
8003,treatment,0,9,177.9
8004,treatment,153.88,10,10
8005,treatment,65.78,11,319.2
8006,treatment,16.97,12,138.6
8007,treatment,0,13,211.4
8008,treatment,132.53,14,295.3
8009,treatment,49.14,1,195.8
8010,treatment,86.8,2,81.6
8011,treatment,182.18,3,225.6
8012,treatment,110.11,4,119.3
8013,treatment,180.66,5,130.6
8014,treatment,201.5,6,199.4
8015,treatment,17.53,7,209.6
8016,treatment,60.27,8,176.8
8017,treatment,224.68,9,178.8
8018,treatment,26.17,10,307.6
8019,treatment,110.0,11,100.7
8020,treatment,170.52,12,130.0
8021,treatment,72.15,13,293.2
8022,treatment,173.74,14,210.3
8023,treatment,141.04,1,189.6
8024,treatment,0,2,193.2
8025,treatment,66.48,3,208.1
8026,treatment,61.66,4,104.9
8027,treatment,103.59,5,153.6
8028,treatment,0,6,102.9
8029,treatment,44.44,7,135.7
8030,treatment,0,8,121.7
8031,treatment,173.18,9,91.5
8032,treatment,142.74,10,87.9
8033,treatment,106.94,11,137.6
8034,treatment,0,12,254.4
8035,treatment,21.4,13,200.1
8036,treatment,251.84,14,212.0
8037,treatment,35.5,1,279.7
8038,treatment,128.36,2,41.2
8039,treatment,182.28,3,158.0
8040,treatment,106.1,4,197.7
8041,treatment,243.19,5,218.5
8042,treatment,171.85,6,160.8
8043,treatment,43.41,7,117.5
8044,treatment,189.63,8,190.2
8045,treatment,109.88,9,78.0
8046,treatment,284.17,10,191.1
8047,treatment,0,11,112.6
8048,treatment,65.61,12,111.6
8049,treatment,153.99,13,153.0
8050,treatment,0,14,142.9
8051,treatment,86.52,1,227.8
8052,treatment,116.35,2,98.4
8053,treatment,60.32,3,177.6
8054,treatment,123.9,4,202.1
8055,treatment,244.8,5,204.2
8056,treatment,26.43,6,99.0
8057,treatment,102.19,7,161.6
8058,treatment,230.03,8,183.9
8059,treatment,107.09,9,251.6
8060,treatment,149.63,10,62.8
8061,treatment,204.2,11,249.1
8062,treatment,51.31,12,167.9
8063,treatment,182.46,13,213.0
8064,treatment,140.14,14,273.6
8065,treatment,276.37,1,210.3
8066,treatment,216.92,2,237.0
8067,treatment,118.92,3,142.0
8068,treatment,2.44,4,150.4
8069,treatment,128.62,5,178.4
8070,treatment,0,6,210.9
8071,treatment,214.42,7,212.6
8072,treatment,195.88,8,248.2
8073,treatment,236.67,9,181.6
8074,treatment,235.59,10,180.0
8075,treatment,72.92,11,114.2
8076,treatment,67.83,12,145.3
8077,treatment,69.13,13,255.0
8078,treatment,108.46,14,182.2
8079,treatment,69.18,1,168.1
8080,treatment,0,2,218.5
8081,treatment,130.94,3,172.3
8082,treatment,4.49,4,183.6
8083,treatment,79.49,5,71.0
8084,treatment,0,6,152.7
8085,treatment,173.56,7,130.4
8086,treatment,53.29,8,228.4
8087,treatment,187.09,9,127.4
8088,treatment,77.87,10,224.2
8089,treatment,87.96,11,197.9
8090,treatment,149.92,12,172.6
8091,treatment,189.18,13,191.9
8092,treatment,121.89,14,185.4
8093,treatment,125.95,1,258.9
8094,treatment,141.22,2,282.0
8095,treatment,139.24,3,144.3
8096,treatment,19.98,4,132.4
8097,treatment,212.82,5,180.5
8098,treatment,368.71,6,227.2
8099,treatment,137.03,7,273.5
8100,treatment,261.49,8,75.6
8101,treatment,111.47,9,164.2
8102,treatment,91.66,10,173.9
8103,treatment,149.08,11,86.8
8104,treatment,57.9,12,127.6
8105,treatment,316.89,13,155.7
8106,treatment,95.81,14,98.3
8107,treatment,83.96,1,229.7
8108,treatment,66.25,2,171.1
8109,treatment,34.84,3,135.1
8110,treatment,92.3,4,92.9
8111,treatment,27.39,5,126.0
8112,treatment,55.47,6,185.7
8113,treatment,108.61,7,271.1
8114,treatment,96.9,8,119.3
8115,treatment,102.23,9,76.1
8116,treatment,110.85,10,77.4
8117,treatment,153.94,11,57.3
8118,treatment,201.71,12,117.3
8119,treatment,98.94,13,42.0
8120,treatment,167.12,14,179.3
8121,treatment,175.54,1,328.0
8122,treatment,113.27,2,236.2
8123,treatment,179.34,3,146.9
8124,treatment,72.44,4,187.8
8125,treatment,0,5,358.4
8126,treatment,57.6,6,226.0
8127,treatment,34.32,7,14.2
8128,treatment,131.77,8,253.3
8129,treatment,19.34,9,130.3
8130,treatment,61.38,10,130.1
8131,treatment,0,11,185.8
8132,treatment,217.39,12,179.7
8133,treatment,0,13,160.1
8134,treatment,134.65,14,85.4
8135,treatment,338.45,1,228.7
8136,treatment,144.87,2,271.9
8137,treatment,29.77,3,156.0
8138,treatment,24.57,4,197.9
8139,treatment,73.42,5,240.8
8140,treatment,191.68,6,242.8
8141,treatment,150.6,7,148.0
8142,treatment,70.24,8,207.4
8143,treatment,86.19,9,181.5
8144,treatment,42.67,10,242.6
8145,treatment,49.88,11,218.6
8146,treatment,0,12,189.1
8147,treatment,187.63,13,227.0
8148,treatment,5.85,14,249.4
8149,treatment,86.25,1,137.0
8150,treatment,153.51,2,152.8
8151,treatment,100.38,3,185.7
8152,treatment,20.77,4,180.1
8153,treatment,80.9,5,139.2
8154,treatment,0,6,245.3
8155,treatment,119.28,7,170.2
8156,treatment,162.27,8,200.6
8157,treatment,257.96,9,207.0
8158,treatment,62.61,10,128.3
8159,treatment,118.85,11,141.2
8160,treatment,113.74,12,210.5
8161,treatment,206.86,13,232.8
8162,treatment,92.92,14,158.9
8163,treatment,144.95,1,32.9
8164,treatment,129.77,2,297.2
8165,treatment,193.74,3,173.1
8166,treatment,162.76,4,251.4
8167,treatment,81.56,5,109.4
8168,treatment,64.91,6,203.8
8169,treatment,71.97,7,105.6
8170,treatment,101.37,8,192.8
8171,treatment,127.38,9,251.6
8172,treatment,43.39,10,218.1
8173,treatment,43.59,11,163.4
8174,treatment,184.38,12,270.1
8175,treatment,66.6,13,157.7
8176,treatment,146.44,14,266.7
8177,treatment,169.1,1,180.2
8178,treatment,0,2,220.4
8179,treatment,194.39,3,230.0
8180,treatment,65.84,4,186.1
8181,treatment,150.95,5,231.1
8182,treatment,44.18,6,138.9
8183,treatment,70.02,7,104.3
8184,treatment,327.39,8,154.7
8185,treatment,152.64,9,177.6
8186,treatment,130.3,10,163.1
8187,treatment,240.27,11,202.4
8188,treatment,115.46,12,103.5
8189,treatment,153.72,13,138.0
8190,treatment,99.26,14,131.2
8191,treatment,87.18,1,194.4
8192,treatment,150.15,2,248.5
8193,treatment,7.22,3,151.7
8194,treatment,116.22,4,144.1
8195,treatment,224.47,5,202.0
8196,treatment,144.89,6,194.1
8197,treatment,218.61,7,208.0
8198,treatment,97.7,8,197.0
8199,treatment,90.3,9,283.1
8200,treatment,172.39,10,232.6
8201,treatment,31.16,11,145.1
8202,treatment,80.03,12,297.6
8203,treatment,0,13,190.0
8204,treatment,47.83,14,149.3
8205,treatment,243.9,1,97.2
8206,treatment,71.93,2,64.0
8207,treatment,211.33,3,276.1
8208,treatment,46.8,4,33.6
8209,treatment,87.47,5,159.3
8210,treatment,122.74,6,108.6
8211,treatment,28.29,7,259.2
8212,treatment,151.26,8,161.2
8213,treatment,126.95,9,288.6
8214,treatment,33.71,10,131.2
8215,treatment,0,11,43.8
8216,treatment,118.39,12,236.4
8217,treatment,11.39,13,193.0
8218,treatment,236.82,14,211.9
8219,treatment,175.49,1,174.1
8220,treatment,117.48,2,178.4
8221,treatment,15.27,3,212.9
8222,treatment,226.47,4,265.9
8223,treatment,46.33,5,227.6
8224,treatment,64.11,6,39.5
8225,treatment,36.17,7,168.0
8226,treatment,165.75,8,118.2
8227,treatment,19.44,9,288.1
8228,treatment,47.29,10,68.9
8229,treatment,60.48,11,189.0
8230,treatment,204.92,12,200.4
8231,treatment,50.09,13,185.4
8232,treatment,71.48,14,261.6
8233,treatment,0,1,98.1
8234,treatment,28.37,2,267.8
8235,treatment,0,3,133.0
8236,treatment,60.42,4,164.3
8237,treatment,161.22,5,153.6
8238,treatment,0,6,84.0
8239,treatment,117.61,7,174.0
8240,treatment,87.09,8,197.8
8241,treatment,194.1,9,252.9
8242,treatment,108.13,10,150.7
8243,treatment,114.13,11,173.0
8244,treatment,156.68,12,199.7
8245,treatment,185.07,13,192.4
8246,treatment,54.01,14,229.6
8247,treatment,187.8,1,264.2
8248,treatment,25.07,2,272.9
8249,treatment,149.88,3,257.1
8250,treatment,126.65,4,129.3
8251,treatment,72.06,5,226.3
8252,treatment,49.36,6,187.4
8253,treatment,199.62,7,150.9
8254,treatment,76.2,8,218.0
8255,treatment,0,9,101.5
8256,treatment,80.04,10,262.7
8257,treatment,168.03,11,199.0
8258,treatment,26.97,12,258.9
8259,treatment,216.94,13,221.6
8260,treatment,0,14,145.3
8261,treatment,159.57,1,71.0
8262,treatment,14.6,2,215.2
8263,treatment,0,3,230.9
8264,treatment,0,4,179.4
8265,treatment,206.11,5,177.9
8266,treatment,31.06,6,234.8
8267,treatment,45.3,7,187.4
8268,treatment,71.61,8,168.4
8269,treatment,182.7,9,25.6
8270,treatment,42.2,10,230.6
8271,treatment,224.38,11,149.1
8272,treatment,31.08,12,287.5
8273,treatment,85.13,13,156.0
8274,treatment,9.29,14,173.4
8275,treatment,196.4,1,154.4
8276,treatment,268.63,2,249.5
8277,treatment,45.84,3,163.6
8278,treatment,117.01,4,211.5
8279,treatment,32.02,5,88.3
8280,treatment,150.57,6,175.2
8281,treatment,171.0,7,240.5
8282,treatment,16.36,8,220.5
8283,treatment,172.6,9,194.9
8284,treatment,51.69,10,81.4
8285,treatment,0,11,151.2
8286,treatment,79.22,12,127.7
8287,treatment,0,13,233.9
8288,treatment,137.71,14,143.2
8289,treatment,108.37,1,135.0
8290,treatment,132.36,2,51.4
8291,treatment,145.41,3,211.2
8292,treatment,160.32,4,220.8
8293,treatment,58.36,5,131.7
8294,treatment,170.65,6,135.6
8295,treatment,174.33,7,197.8
8296,treatment,152.16,8,94.1
8297,treatment,19.58,9,133.9
8298,treatment,125.97,10,264.9
8299,treatment,24.09,11,122.3
8300,treatment,11.07,12,155.0
8301,treatment,47.36,13,169.4
8302,treatment,154.33,14,203.3
8303,treatment,0,1,159.2
8304,treatment,84.54,2,265.8
8305,treatment,58.96,3,191.4
8306,treatment,125.78,4,194.5
8307,treatment,7.56,5,251.8
8308,treatment,113.46,6,269.7
8309,treatment,6.43,7,193.4
8310,treatment,172.8,8,133.3
8311,treatment,181.7,9,186.7
8312,treatment,74.95,10,172.4
8313,treatment,191.97,11,174.8
8314,treatment,182.68,12,187.8
8315,treatment,0,13,277.5
8316,treatment,184.5,14,225.9
8317,treatment,89.77,1,196.7
8318,treatment,94.52,2,117.0
8319,treatment,196.12,3,236.9
8320,treatment,106.96,4,119.5
8321,treatment,61.06,5,107.4
8322,treatment,129.85,6,104.1
8323,treatment,57.58,7,247.1
8324,treatment,125.24,8,133.7
8325,treatment,9.88,9,117.0
8326,treatment,64.1,10,186.4
8327,treatment,17.28,11,304.7
8328,treatment,34.69,12,176.4
8329,treatment,119.81,13,235.5
8330,treatment,35.35,14,116.0
8331,treatment,0,1,168.0
8332,treatment,184.27,2,252.9
8333,treatment,246.43,3,250.9
8334,treatment,93.13,4,218.1
8335,treatment,91.46,5,207.2
8336,treatment,175.18,6,219.3
8337,treatment,70.42,7,225.0
8338,treatment,55.32,8,88.7
8339,treatment,47.64,9,181.1
8340,treatment,83.17,10,133.0
8341,treatment,127.74,11,88.7
8342,treatment,48.51,12,210.7
8343,treatment,42.34,13,202.4
8344,treatment,246.85,14,151.8
8345,treatment,253.88,1,203.8
8346,treatment,127.0,2,285.1
8347,treatment,148.42,3,294.2
8348,treatment,115.5,4,280.3
8349,treatment,82.75,5,109.3
8350,treatment,43.88,6,183.3
8351,treatment,108.42,7,188.5
8352,treatment,80.87,8,112.6
8353,treatment,118.42,9,255.6
8354,treatment,102.84,10,197.3
8355,treatment,250.51,11,73.7
8356,treatment,0,12,129.2
8357,treatment,38.1,13,164.9
8358,treatment,74.82,14,206.6
8359,treatment,157.94,1,315.9
8360,treatment,224.19,2,239.7
8361,treatment,284.6,3,189.5
8362,treatment,172.3,4,175.5
8363,treatment,105.66,5,224.7
8364,treatment,180.06,6,65.1
8365,treatment,133.05,7,190.9
8366,treatment,184.7,8,103.6
8367,treatment,0,9,259.8
8368,treatment,234.73,10,149.7
8369,treatment,0,11,280.3
8370,treatment,129.73,12,176.0
8371,treatment,239.8,13,160.7
8372,treatment,0,14,131.0
8373,treatment,72.46,1,265.7
8374,treatment,56.36,2,229.2
8375,treatment,197.54,3,236.6
8376,treatment,184.1,4,171.2
8377,treatment,223.11,5,181.7
8378,treatment,116.36,6,134.3
8379,treatment,215.76,7,158.0
8380,treatment,158.74,8,260.8
8381,treatment,0,9,192.3
8382,treatment,196.15,10,176.3
8383,treatment,74.74,11,136.2
8384,treatment,104.12,12,191.6
8385,treatment,63.38,13,115.1
8386,treatment,113.67,14,166.0
8387,treatment,68.17,1,174.3
8388,treatment,244.84,2,249.1
8389,treatment,136.46,3,271.6
8390,treatment,266.85,4,218.7
8391,treatment,20.27,5,194.8
8392,treatment,167.49,6,134.7
8393,treatment,109.72,7,123.9
8394,treatment,25.64,8,305.3
8395,treatment,139.81,9,270.3
8396,treatment,123.27,10,187.8
8397,treatment,135.65,11,104.7
8398,treatment,217.97,12,140.7
8399,treatment,153.37,13,375.8
8400,treatment,190.1,14,185.2
8401,treatment,67.46,1,156.9
8402,treatment,120.26,2,198.3
8403,treatment,92.52,3,178.0
8404,treatment,200.19,4,94.7
8405,treatment,114.97,5,132.4
8406,treatment,0,6,177.8
8407,treatment,103.34,7,160.2
8408,treatment,25.25,8,155.1
8409,treatment,160.7,9,204.1
8410,treatment,130.47,10,168.2
8411,treatment,26.52,11,186.7
8412,treatment,96.23,12,223.4
8413,treatment,197.74,13,231.1
8414,treatment,109.99,14,196.5
8415,treatment,235.5,1,198.7
8416,treatment,37.58,2,158.9
8417,treatment,46.73,3,159.9
8418,treatment,22.2,4,238.4
8419,treatment,8.26,5,96.5
8420,treatment,123.93,6,266.9
8421,treatment,14.83,7,75.8
8422,treatment,90.53,8,184.4
8423,treatment,66.83,9,226.4
8424,treatment,142.8,10,169.5
8425,treatment,210.01,11,164.4
8426,treatment,0,12,149.3
8427,treatment,142.45,13,122.0
8428,treatment,56.9,14,77.9
8429,treatment,39.94,1,181.1
8430,treatment,74.75,2,53.9
8431,treatment,0,3,173.4
8432,treatment,102.14,4,194.0
8433,treatment,90.02,5,31.7
8434,treatment,98.78,6,200.1
8435,treatment,303.76,7,259.1
8436,treatment,21.38,8,191.0
8437,treatment,55.21,9,140.6
8438,treatment,200.23,10,159.8
8439,treatment,64.36,11,243.0
8440,treatment,109.74,12,153.7
8441,treatment,165.5,13,171.8
8442,treatment,30.51,14,204.2
8443,treatment,174.91,1,166.3
8444,treatment,22.94,2,210.5
8445,treatment,54.68,3,174.0
8446,treatment,171.48,4,244.5
8447,treatment,247.1,5,110.3
8448,treatment,117.38,6,127.0
8449,treatment,53.88,7,162.1
8450,treatment,0,8,206.0
8451,treatment,50.1,9,315.2
8452,treatment,70.29,10,166.8
8453,treatment,186.38,11,309.3
8454,treatment,111.24,12,107.3
8455,treatment,125.63,13,304.7
8456,treatment,110.88,14,257.3
8457,treatment,28.25,1,152.0
8458,treatment,145.89,2,107.7
8459,treatment,0,3,146.3
8460,treatment,141.91,4,113.5
8461,treatment,43.74,5,92.7
8462,treatment,0,6,152.5
8463,treatment,239.76,7,157.8
8464,treatment,48.7,8,116.1
8465,treatment,166.82,9,139.0
8466,treatment,39.03,10,189.2
8467,treatment,0,11,163.0
8468,treatment,0,12,220.1
8469,treatment,137.02,13,178.0
8470,treatment,102.68,14,178.9
8471,treatment,49.69,1,97.0
8472,treatment,165.53,2,250.5
8473,treatment,74.01,3,193.5
8474,treatment,79.89,4,272.5
8475,treatment,147.92,5,255.2
8476,treatment,215.74,6,162.9
8477,treatment,80.86,7,144.9
8478,treatment,133.85,8,173.0
8479,treatment,203.59,9,126.2
8480,treatment,119.72,10,49.8
8481,treatment,45.79,11,123.1
8482,treatment,111.58,12,224.0
8483,treatment,0,13,170.7
8484,treatment,17.45,14,148.1
8485,treatment,0,1,200.3
8486,treatment,178.4,2,178.3
8487,treatment,69.75,3,197.7
8488,treatment,183.11,4,234.1
8489,treatment,119.49,5,227.6
8490,treatment,83.67,6,267.2
8491,treatment,3.3,7,209.1
8492,treatment,65.03,8,178.7
8493,treatment,99.28,9,157.9
8494,treatment,142.77,10,173.9
8495,treatment,95.1,11,131.1
8496,treatment,117.31,12,121.3
8497,treatment,113.68,13,215.0
8498,treatment,26.92,14,211.8
8499,treatment,72.42,1,265.6
8500,treatment,53.96,2,137.5
8501,treatment,178.51,3,166.0
8502,treatment,0,4,201.4
8503,treatment,118.83,5,216.5
8504,treatment,160.8,6,174.8
8505,treatment,206.55,7,96.1
8506,treatment,106.37,8,115.0
8507,treatment,0,9,93.9
8508,treatment,205.54,10,233.2
8509,treatment,41.79,11,140.8
8510,treatment,8.03,12,76.3
8511,treatment,96.32,13,147.6
8512,treatment,29.81,14,104.1
8513,treatment,128.65,1,135.2
8514,treatment,168.3,2,152.2
8515,treatment,40.64,3,145.1
8516,treatment,0,4,200.8
8517,treatment,208.92,5,169.7
8518,treatment,186.19,6,217.7
8519,treatment,5.1,7,298.5
8520,treatment,173.55,8,163.4
8521,treatment,83.11,9,207.4
8522,treatment,125.48,10,319.4
8523,treatment,145.76,11,206.4
8524,treatment,6.58,12,249.2
8525,treatment,147.11,13,237.5
8526,treatment,0,14,161.0
8527,treatment,135.38,1,237.5
8528,treatment,33.75,2,164.6
8529,treatment,293.05,3,247.0
8530,treatment,53.47,4,227.2
8531,treatment,161.16,5,222.0
8532,treatment,4.79,6,167.9
8533,treatment,0,7,51.7
8534,treatment,81.29,8,202.9
8535,treatment,50.07,9,215.7
8536,treatment,110.71,10,237.4
8537,treatment,27.72,11,237.9
8538,treatment,118.36,12,245.0
8539,treatment,37.06,13,365.5
8540,treatment,199.23,14,212.4
8541,treatment,187.46,1,106.1
8542,treatment,0,2,205.4
8543,treatment,155.64,3,170.6
8544,treatment,77.56,4,82.9
8545,treatment,30.22,5,188.4
8546,treatment,46.45,6,156.7
8547,treatment,83.3,7,147.6
8548,treatment,115.25,8,154.4
8549,treatment,223.61,9,187.8
8550,treatment,166.7,10,124.5
8551,treatment,257.71,11,187.5
8552,treatment,164.11,12,252.2
8553,treatment,49.8,13,204.9
8554,treatment,0,14,222.9
8555,treatment,77.91,1,109.6
8556,treatment,0,2,328.2
8557,treatment,0,3,203.3
8558,treatment,19.18,4,161.2
8559,treatment,154.93,5,197.2
8560,treatment,48.86,6,205.2
8561,treatment,32.16,7,133.2
8562,treatment,0,8,217.2
8563,treatment,14.65,9,146.1
8564,treatment,96.72,10,264.1
8565,treatment,1.31,11,183.9
8566,treatment,246.84,12,151.0
8567,treatment,72.78,13,189.8
8568,treatment,0,14,200.3
8569,treatment,77.86,1,121.3
8570,treatment,26.66,2,176.8
8571,treatment,52.5,3,225.8
8572,treatment,90.5,4,239.4
8573,treatment,109.31,5,198.0
8574,treatment,17.64,6,195.0
8575,treatment,229.01,7,153.4
8576,treatment,150.07,8,45.9
8577,treatment,68.95,9,173.6
8578,treatment,50.02,10,188.1
8579,treatment,3.76,11,89.3
8580,treatment,41.73,12,179.6
8581,treatment,166.04,13,148.7
8582,treatment,0,14,54.2
8583,treatment,0,1,108.3
8584,treatment,157.99,2,160.1
8585,treatment,109.42,3,130.5
8586,treatment,78.47,4,189.6
8587,treatment,0,5,188.2
8588,treatment,267.71,6,232.0
8589,treatment,40.97,7,227.7
8590,treatment,52.04,8,150.3
8591,treatment,129.45,9,147.8
8592,treatment,205.98,10,68.4
8593,treatment,40.55,11,269.9
8594,treatment,90.39,12,173.8
8595,treatment,153.05,13,234.3
8596,treatment,70.38,14,151.5
8597,treatment,133.53,1,24.6
8598,treatment,101.27,2,223.5
8599,treatment,90.89,3,173.7
8600,treatment,125.39,4,234.3
8601,treatment,140.93,5,97.8
8602,treatment,46.41,6,227.9
8603,treatment,0,7,199.9
8604,treatment,157.7,8,96.1
8605,treatment,63.6,9,211.8
8606,treatment,300.48,10,119.9
8607,treatment,228.84,11,223.7
8608,treatment,189.28,12,256.0
8609,treatment,80.66,13,154.8
8610,treatment,0,14,132.1
8611,treatment,0,1,207.1
8612,treatment,162.35,2,40.4
8613,treatment,80.36,3,216.9
8614,treatment,229.89,4,184.3
8615,treatment,64.81,5,135.0
8616,treatment,181.22,6,74.9
8617,treatment,46.94,7,241.5
8618,treatment,184.79,8,88.5
8619,treatment,62.07,9,168.0
8620,treatment,82.99,10,169.7
8621,treatment,264.86,11,118.7
8622,treatment,0,12,168.2
8623,treatment,52.45,13,153.5
8624,treatment,23.9,14,202.2
8625,treatment,199.51,1,206.5
8626,treatment,67.88,2,104.3
8627,treatment,193.89,3,342.2
8628,treatment,207.01,4,154.0
8629,treatment,241.91,5,210.3
8630,treatment,145.24,6,133.0
8631,treatment,168.83,7,119.3
8632,treatment,60.15,8,170.8
8633,treatment,158.15,9,129.4
8634,treatment,147.86,10,152.0
8635,treatment,190.64,11,295.5
8636,treatment,42.41,12,88.5
8637,treatment,198.92,13,146.8
8638,treatment,176.45,14,180.8
8639,treatment,97.85,1,167.9
8640,treatment,57.7,2,263.8
8641,treatment,333.45,3,128.2
8642,treatment,86.78,4,227.9
8643,treatment,160.77,5,221.0
8644,treatment,0,6,108.5
8645,treatment,69.62,7,191.5
8646,treatment,0,8,343.6
8647,treatment,7.75,9,170.8
8648,treatment,2.06,10,190.4
8649,treatment,120.91,11,169.3
8650,treatment,191.56,12,197.5
8651,treatment,108.61,13,78.6
8652,treatment,75.46,14,204.3
8653,treatment,54.44,1,304.1
8654,treatment,59.71,2,279.7
8655,treatment,222.63,3,222.8
8656,treatment,0,4,196.2
8657,treatment,137.27,5,118.4
8658,treatment,0,6,142.6
8659,treatment,32.09,7,142.3
8660,treatment,32.84,8,250.7
8661,treatment,115.87,9,51.0
8662,treatment,0,10,175.4
8663,treatment,91.64,11,179.8
8664,treatment,141.78,12,178.5
8665,treatment,155.59,13,229.2
8666,treatment,104.15,14,233.9
8667,treatment,93.01,1,55.4
8668,treatment,69.6,2,275.3
8669,treatment,114.46,3,233.7
8670,treatment,97.78,4,86.0
8671,treatment,22.78,5,137.1
8672,treatment,71.72,6,179.7
8673,treatment,46.78,7,301.5
8674,treatment,131.82,8,297.9
8675,treatment,75.25,9,83.0
8676,treatment,123.08,10,220.2
8677,treatment,122.92,11,226.7
8678,treatment,111.19,12,217.3
8679,treatment,0,13,211.9
8680,treatment,130.78,14,79.0
8681,treatment,53.71,1,273.2
8682,treatment,66.5,2,169.9
8683,treatment,247.1,3,107.5
8684,treatment,31.91,4,171.6
8685,treatment,0,5,198.1
8686,treatment,152.02,6,189.3
8687,treatment,42.26,7,171.5
8688,treatment,0,8,167.5
8689,treatment,77.84,9,173.3
8690,treatment,242.73,10,199.0
8691,treatment,87.54,11,105.1
8692,treatment,0,12,170.7
8693,treatment,91.32,13,269.2
8694,treatment,73.61,14,222.0
8695,treatment,108.2,1,128.4
8696,treatment,183.6,2,154.0
8697,treatment,157.77,3,169.0
8698,treatment,33.2,4,195.1
8699,treatment,115.85,5,165.8
8700,treatment,190.57,6,191.4
8701,treatment,102.97,7,133.8
8702,treatment,28.68,8,225.3
8703,treatment,130.95,9,235.1
8704,treatment,76.11,10,93.3
8705,treatment,196.0,11,128.1
8706,treatment,0,12,107.9
8707,treatment,118.04,13,129.9
8708,treatment,120.8,14,140.2
8709,treatment,27.36,1,26.1
8710,treatment,76.41,2,112.7
8711,treatment,157.6,3,316.1
8712,treatment,339.88,4,118.8
8713,treatment,194.71,5,245.7
8714,treatment,39.63,6,206.9
8715,treatment,25.37,7,206.6
8716,treatment,0,8,151.9
8717,treatment,132.64,9,271.6
8718,treatment,0,10,67.4
8719,treatment,197.69,11,184.9
8720,treatment,143.74,12,185.9
8721,treatment,164.35,13,208.4
8722,treatment,153.25,14,92.6
8723,treatment,186.7,1,196.9
8724,treatment,192.25,2,270.5
8725,treatment,70.9,3,184.9
8726,treatment,142.07,4,162.4
8727,treatment,55.49,5,190.4
8728,treatment,174.58,6,268.2
8729,treatment,220.39,7,132.3
8730,treatment,0,8,206.3
8731,treatment,75.29,9,82.7
8732,treatment,177.25,10,200.4
8733,treatment,232.39,11,258.2
8734,treatment,74.22,12,262.8
8735,treatment,219.74,13,185.7
8736,treatment,64.88,14,197.8
8737,treatment,250.7,1,227.9
8738,treatment,276.37,2,169.9
8739,treatment,101.23,3,132.3
8740,treatment,115.55,4,101.0
8741,treatment,52.05,5,153.0
8742,treatment,218.15,6,196.3
8743,treatment,166.52,7,262.4
8744,treatment,37.01,8,250.4
8745,treatment,218.82,9,161.5
8746,treatment,2.14,10,258.1
8747,treatment,98.86,11,202.1
8748,treatment,209.89,12,120.8
8749,treatment,0,13,310.3
8750,treatment,234.48,14,202.0
8751,treatment,0,1,154.2
8752,treatment,164.8,2,217.9
8753,treatment,96.77,3,160.7
8754,treatment,167.82,4,138.4
8755,treatment,186.72,5,202.1
8756,treatment,95.3,6,173.9
8757,treatment,212.24,7,268.0
8758,treatment,140.23,8,155.4
8759,treatment,27.47,9,209.0
8760,treatment,107.41,10,196.7
8761,treatment,38.22,11,133.7
8762,treatment,21.86,12,145.8
8763,treatment,123.76,13,200.3
8764,treatment,132.38,14,316.7
8765,treatment,159.07,1,164.4
8766,treatment,120.27,2,218.5
8767,treatment,29.69,3,176.3
8768,treatment,58.37,4,144.3
8769,treatment,11.05,5,196.1
8770,treatment,6.62,6,277.7
8771,treatment,82.17,7,136.7
8772,treatment,24.6,8,257.8
8773,treatment,128.58,9,175.7
8774,treatment,249.39,10,231.2
8775,treatment,170.98,11,135.0
8776,treatment,88.3,12,173.0
8777,treatment,94.79,13,152.2
8778,treatment,98.1,14,47.5
8779,treatment,32.32,1,118.2
8780,treatment,226.84,2,213.4
8781,treatment,0,3,153.2
8782,treatment,108.51,4,144.4
8783,treatment,163.3,5,163.5
8784,treatment,159.63,6,201.4
8785,treatment,24.25,7,103.3
8786,treatment,206.3,8,227.0
8787,treatment,61.68,9,171.9
8788,treatment,182.51,10,230.5
8789,treatment,168.69,11,74.5
8790,treatment,142.54,12,193.7
8791,treatment,0,13,178.9
8792,treatment,177.67,14,220.3
8793,treatment,44.82,1,183.5
8794,treatment,77.44,2,195.3
8795,treatment,157.53,3,83.8
8796,treatment,129.8,4,31.7
8797,treatment,77.12,5,155.2
8798,treatment,117.65,6,167.1
8799,treatment,164.76,7,281.2
8800,treatment,133.42,8,232.7
8801,treatment,108.74,9,159.3
8802,treatment,0,10,56.9
8803,treatment,69.8,11,191.3
8804,treatment,114.56,12,214.0
8805,treatment,162.53,13,166.0
8806,treatment,184.98,14,212.3
8807,treatment,78.36,1,117.5
8808,treatment,29.61,2,58.6
8809,treatment,176.45,3,135.7
8810,treatment,97.35,4,145.3
8811,treatment,79.33,5,187.6
8812,treatment,138.1,6,155.3
8813,treatment,0,7,132.2
8814,treatment,151.06,8,40.4
8815,treatment,106.82,9,112.8
8816,treatment,89.27,10,84.6
8817,treatment,60.22,11,181.3
8818,treatment,11.57,12,162.7
8819,treatment,178.38,13,227.1
8820,treatment,76.61,14,250.7
8821,treatment,123.05,1,213.8
8822,treatment,118.93,2,226.5
8823,treatment,136.83,3,241.0
8824,treatment,162.01,4,216.4
8825,treatment,167.27,5,115.6
8826,treatment,330.73,6,205.4
8827,treatment,0,7,226.2
8828,treatment,114.33,8,253.0
8829,treatment,173.96,9,163.6
8830,treatment,144.24,10,267.5
8831,treatment,156.04,11,31.1
8832,treatment,175.25,12,231.1
8833,treatment,0,13,210.2
8834,treatment,200.64,14,209.4
8835,treatment,95.24,1,106.4
8836,treatment,179.88,2,260.4
8837,treatment,141.9,3,237.8
8838,treatment,62.86,4,166.4
8839,treatment,80.28,5,233.6
8840,treatment,115.7,6,145.3
8841,treatment,169.12,7,276.1
8842,treatment,241.89,8,194.7
8843,treatment,70.94,9,173.8
8844,treatment,72.48,10,95.5
8845,treatment,72.37,11,344.8
8846,treatment,227.03,12,231.9
8847,treatment,120.28,13,92.8
8848,treatment,103.73,14,193.1
8849,treatment,132.0,1,165.9
8850,treatment,177.29,2,255.3
8851,treatment,182.72,3,189.2
8852,treatment,60.43,4,175.9
8853,treatment,146.75,5,186.3
8854,treatment,129.87,6,204.8
8855,treatment,69.37,7,198.4
8856,treatment,220.57,8,266.4
8857,treatment,129.79,9,117.0
8858,treatment,233.32,10,106.5
8859,treatment,96.93,11,129.9
8860,treatment,158.36,12,209.9
8861,treatment,51.47,13,103.7
8862,treatment,191.49,14,314.6
8863,treatment,209.19,1,192.8
8864,treatment,0,2,165.5
8865,treatment,0,3,188.0
8866,treatment,148.39,4,194.6
8867,treatment,87.94,5,152.9
8868,treatment,120.51,6,272.8
8869,treatment,16.73,7,216.3
8870,treatment,97.84,8,191.0
8871,treatment,0,9,275.9
8872,treatment,57.77,10,243.1
8873,treatment,8.95,11,181.9
8874,treatment,174.38,12,10
8875,treatment,84.61,13,158.5
8876,treatment,168.72,14,192.5
8877,treatment,0,1,126.1
8878,treatment,202.77,2,190.5
8879,treatment,114.75,3,162.3
8880,treatment,144.83,4,160.9
8881,treatment,83.94,5,237.6
8882,treatment,177.56,6,212.0
8883,treatment,24.72,7,157.5
8884,treatment,96.53,8,96.3
8885,treatment,1.66,9,177.3
8886,treatment,90.94,10,126.8
8887,treatment,137.83,11,226.7
8888,treatment,34.5,12,251.9
8889,treatment,29.72,13,166.2
8890,treatment,0,14,179.2
8891,treatment,161.13,1,229.3
8892,treatment,141.96,2,232.4
8893,treatment,37.08,3,132.5
8894,treatment,114.74,4,131.1
8895,treatment,117.05,5,191.6
8896,treatment,0,6,178.1
8897,treatment,215.84,7,257.7
8898,treatment,154.8,8,154.3
8899,treatment,81.8,9,102.5
8900,treatment,124.91,10,135.5
8901,treatment,101.41,11,185.3
8902,treatment,163.89,12,53.8
8903,treatment,241.32,13,245.1
8904,treatment,0,14,263.1
8905,treatment,198.37,1,58.4
8906,treatment,8.04,2,234.8
8907,treatment,289.28,3,110.7
8908,treatment,46.95,4,160.5
8909,treatment,36.48,5,109.6
8910,treatment,38.74,6,158.6
8911,treatment,141.76,7,209.9
8912,treatment,9.6,8,277.9
8913,treatment,15.12,9,156.7
8914,treatment,151.72,10,231.1
8915,treatment,201.12,11,186.7
8916,treatment,49.92,12,168.9
8917,treatment,72.9,13,291.0
8918,treatment,106.61,14,203.4
8919,treatment,185.57,1,197.4
8920,treatment,117.85,2,236.7
8921,treatment,166.83,3,198.4
8922,treatment,69.7,4,247.1
8923,treatment,64.75,5,95.1
8924,treatment,127.21,6,198.5
8925,treatment,126.16,7,160.4
8926,treatment,102.72,8,188.8
8927,treatment,182.95,9,163.1
8928,treatment,131.61,10,304.5
8929,treatment,209.4,11,222.7
8930,treatment,0,12,250.1
8931,treatment,70.64,13,202.7
8932,treatment,44.06,14,213.7
8933,treatment,73.85,1,247.4
8934,treatment,131.68,2,86.6
8935,treatment,0,3,297.9
8936,treatment,185.69,4,186.1
8937,treatment,119.54,5,76.0
8938,treatment,219.83,6,229.9
8939,treatment,137.99,7,167.3
8940,treatment,168.02,8,114.0
8941,treatment,25.33,9,140.9
8942,treatment,105.34,10,91.2
8943,treatment,69.58,11,149.0
8944,treatment,90.21,12,253.0
8945,treatment,56.14,13,77.0
8946,treatment,187.01,14,136.4
8947,treatment,350.99,1,161.9
8948,treatment,147.06,2,210.7
8949,treatment,191.43,3,73.2
8950,treatment,165.72,4,132.0
8951,treatment,8.45,5,189.2
8952,treatment,184.05,6,204.6
8953,treatment,86.39,7,137.9
8954,treatment,171.24,8,230.1
8955,treatment,228.17,9,154.4
8956,treatment,132.93,10,125.0
8957,treatment,240.07,11,138.2
8958,treatment,153.74,12,129.1
8959,treatment,147.19,13,220.9
8960,treatment,139.82,14,153.5
8961,treatment,40.87,1,157.7
8962,treatment,0,2,257.2
8963,treatment,0,3,231.9
8964,treatment,46.99,4,276.6
8965,treatment,190.71,5,269.6
8966,treatment,46.65,6,265.3
8967,treatment,2.85,7,129.5
8968,treatment,109.03,8,236.6
8969,treatment,64.34,9,295.9
8970,treatment,168.15,10,234.1
8971,treatment,26.37,11,190.4
8972,treatment,126.71,12,175.0
8973,treatment,115.48,13,255.4
8974,treatment,0,14,142.5
8975,treatment,163.03,1,173.5
8976,treatment,56.41,2,229.1
8977,treatment,100.66,3,133.5
8978,treatment,64.22,4,228.7
8979,treatment,135.84,5,220.5
8980,treatment,74.47,6,162.8
8981,treatment,0,7,238.0
8982,treatment,157.5,8,180.0
8983,treatment,42.26,9,218.6
8984,treatment,80.96,10,200.5
8985,treatment,99.42,11,147.8
8986,treatment,70.14,12,146.9
8987,treatment,2.37,13,199.7
8988,treatment,167.11,14,93.6
8989,treatment,132.67,1,61.8
8990,treatment,85.77,2,176.4
8991,treatment,110.51,3,148.2
8992,treatment,61.98,4,190.1
8993,treatment,163.02,5,166.4
8994,treatment,138.51,6,231.3
8995,treatment,0,7,155.1
8996,treatment,201.17,8,288.8
8997,treatment,65.8,9,226.8
8998,treatment,60.47,10,175.7
8999,treatment,60.87,11,83.8
9000,treatment,179.77,12,101.1
9001,treatment,134.19,13,196.7
9002,treatment,98.36,14,284.4
9003,treatment,226.87,1,228.1
9004,treatment,121.74,2,209.0
9005,treatment,185.56,3,153.2
9006,treatment,116.15,4,145.9
9007,treatment,62.31,5,167.6
9008,treatment,253.71,6,250.2
9009,treatment,132.22,7,217.0
9010,treatment,213.81,8,210.1
9011,treatment,4.73,9,147.1
9012,treatment,138.47,10,136.9
9013,treatment,122.9,11,216.7
9014,treatment,110.43,12,220.0
9015,treatment,155.4,13,115.3
9016,treatment,135.14,14,183.8
9017,treatment,0,1,223.7
9018,treatment,284.9,2,177.3
9019,treatment,28.44,3,180.8
9020,treatment,118.15,4,105.4
9021,treatment,73.1,5,179.8
9022,treatment,42.47,6,288.5
9023,treatment,101.92,7,121.4
9024,treatment,150.14,8,183.2
9025,treatment,149.08,9,218.4
9026,treatment,135.15,10,171.2
9027,treatment,166.92,11,163.2
9028,treatment,125.55,12,208.7
9029,treatment,179.37,13,113.8
9030,treatment,111.65,14,329.6
9031,treatment,176.06,1,160.9
9032,treatment,154.07,2,226.4
9033,treatment,153.39,3,212.7
9034,treatment,158.9,4,240.4
9035,treatment,200.19,5,230.0
9036,treatment,138.77,6,209.1
9037,treatment,145.45,7,126.3
9038,treatment,0,8,256.2
9039,treatment,1.1,9,130.5
9040,treatment,92.49,10,123.5
9041,treatment,256.68,11,222.9
9042,treatment,173.01,12,143.7
9043,treatment,202.35,13,206.6
9044,treatment,121.6,14,125.6
9045,treatment,18.74,1,191.4
9046,treatment,98.18,2,204.0
9047,treatment,171.95,3,161.2
9048,treatment,227.13,4,184.0
9049,treatment,0,5,202.0
9050,treatment,61.97,6,158.9
9051,treatment,23.01,7,138.3
9052,treatment,100.74,8,184.9
9053,treatment,37.0,9,267.1
9054,treatment,213.61,10,183.5
9055,treatment,204.89,11,217.5
9056,treatment,145.05,12,90.3
9057,treatment,155.88,13,178.5
9058,treatment,77.76,14,234.1
9059,treatment,131.74,1,261.7
9060,treatment,0,2,204.1
9061,treatment,162.57,3,94.2
9062,treatment,113.35,4,257.6
9063,treatment,0,5,213.1
9064,treatment,160.98,6,149.0
9065,treatment,52.17,7,144.2
9066,treatment,221.73,8,104.8
9067,treatment,64.34,9,168.2
9068,treatment,47.13,10,169.7
9069,treatment,139.54,11,238.5
9070,treatment,29.6,12,197.3
9071,treatment,221.19,13,204.3
9072,treatment,188.3,14,184.7
9073,treatment,29.94,1,195.4
9074,treatment,334.07,2,215.3
9075,treatment,75.31,3,104.3
9076,treatment,210.36,4,50.6
9077,treatment,49.49,5,239.2
9078,treatment,86.37,6,204.4
9079,treatment,55.33,7,201.5
9080,treatment,184.05,8,214.3
9081,treatment,58.97,9,317.5
9082,treatment,29.4,10,158.8
9083,treatment,0.1,11,186.7
9084,treatment,195.03,12,125.6
9085,treatment,0,13,114.3
9086,treatment,20.94,14,171.6
9087,treatment,59.45,1,191.9
9088,treatment,2.64,2,190.2
9089,treatment,0,3,137.9
9090,treatment,121.9,4,186.6
9091,treatment,9.32,5,162.0
9092,treatment,173.02,6,252.6
9093,treatment,24.16,7,249.1
9094,treatment,37.32,8,173.9
9095,treatment,254.82,9,97.4
9096,treatment,174.84,10,196.2
9097,treatment,32.43,11,154.4
9098,treatment,203.85,12,143.5
9099,treatment,77.44,13,152.9
9100,treatment,5.54,14,155.8
9101,treatment,34.62,1,134.2
9102,treatment,132.89,2,142.8
9103,treatment,239.37,3,183.4
9104,treatment,178.48,4,158.3
9105,treatment,0,5,235.9
9106,treatment,106.34,6,122.4
9107,treatment,205.14,7,171.0
9108,treatment,159.92,8,183.8
9109,treatment,236.91,9,252.5
9110,treatment,108.88,10,183.5
9111,treatment,71.31,11,55.5
9112,treatment,0,12,152.5
9113,treatment,157.5,13,87.2
9114,treatment,99.86,14,131.8
9115,treatment,120.92,1,107.6
9116,treatment,0,2,185.4
9117,treatment,128.27,3,154.2
9118,treatment,130.77,4,183.4
9119,treatment,104.58,5,161.3
9120,treatment,0,6,219.2
9121,treatment,115.63,7,211.7
9122,treatment,147.41,8,118.5
9123,treatment,0,9,225.4
9124,treatment,181.72,10,277.3
9125,treatment,109.17,11,226.4
9126,treatment,108.28,12,105.0
9127,treatment,38.37,13,57.8
9128,treatment,29.52,14,193.4
9129,treatment,134.4,1,232.9
9130,treatment,87.71,2,213.1
9131,treatment,0,3,196.1
9132,treatment,64.97,4,244.3
9133,treatment,72.75,5,120.9
9134,treatment,170.53,6,128.8
9135,treatment,74.38,7,188.7
9136,treatment,114.6,8,188.6
9137,treatment,157.06,9,206.4
9138,treatment,174.02,10,216.2
9139,treatment,71.92,11,243.9
9140,treatment,94.5,12,254.1
9141,treatment,10.66,13,19.7
9142,treatment,87.7,14,253.7
9143,treatment,164.3,1,237.6
9144,treatment,289.86,2,302.8
9145,treatment,93.16,3,245.0
9146,treatment,57.78,4,264.2
9147,treatment,72.71,5,142.5
9148,treatment,99.17,6,165.4
9149,treatment,75.01,7,239.5
9150,treatment,93.11,8,249.4
9151,treatment,0,9,70.9
9152,treatment,119.26,10,160.5
9153,treatment,15.98,11,194.4
9154,treatment,73.8,12,365.0
9155,treatment,81.48,13,152.3
9156,treatment,116.78,14,238.0
9157,treatment,0,1,211.9
9158,treatment,71.03,2,122.5
9159,treatment,183.03,3,311.8
9160,treatment,120.06,4,202.7
9161,treatment,50.21,5,153.6
9162,treatment,11.48,6,90.0
9163,treatment,171.47,7,262.1
9164,treatment,140.15,8,160.3
9165,treatment,113.3,9,214.6
9166,treatment,123.69,10,62.5
9167,treatment,15.6,11,106.1
9168,treatment,10.6,12,175.1
9169,treatment,75.46,13,164.8
9170,treatment,123.02,14,164.2
9171,treatment,40.82,1,138.3
9172,treatment,73.01,2,107.8
9173,treatment,47.29,3,190.9
9174,treatment,56.47,4,98.4
9175,treatment,138.88,5,209.5
9176,treatment,51.55,6,110.3
9177,treatment,20.49,7,198.6
9178,treatment,27.6,8,236.4
9179,treatment,26.2,9,103.6
9180,treatment,198.69,10,84.7
9181,treatment,63.57,11,171.8
9182,treatment,26.61,12,228.8
9183,treatment,224.77,13,247.8
9184,treatment,141.32,14,17.2
9185,treatment,0,1,92.9
9186,treatment,98.25,2,140.5
9187,treatment,0,3,188.7
9188,treatment,192.88,4,171.3
9189,treatment,71.55,5,262.8
9190,treatment,108.79,6,153.7
9191,treatment,50.43,7,183.6
9192,treatment,0,8,144.0
9193,treatment,113.44,9,277.8
9194,treatment,192.17,10,111.0
9195,treatment,0,11,229.8
9196,treatment,224.89,12,39.1
9197,treatment,94.78,13,208.9
9198,treatment,71.51,14,154.1
9199,treatment,78.21,1,144.7
9200,treatment,224.2,2,200.2
9201,treatment,130.31,3,145.8
9202,treatment,41.69,4,214.6
9203,treatment,129.56,5,148.8
9204,treatment,141.15,6,203.4
9205,treatment,116.51,7,153.8
9206,treatment,34.35,8,196.2
9207,treatment,0,9,119.6
9208,treatment,259.98,10,202.4
9209,treatment,95.89,11,170.4
9210,treatment,0,12,156.9
9211,treatment,262.62,13,173.0
9212,treatment,108.23,14,143.8
9213,treatment,0,1,174.8
9214,treatment,67.74,2,233.5
9215,treatment,124.21,3,231.1
9216,treatment,0,4,190.2
9217,treatment,30.56,5,95.5
9218,treatment,200.09,6,179.6
9219,treatment,144.05,7,277.5
9220,treatment,74.46,8,216.0
9221,treatment,53.94,9,230.6
9222,treatment,0,10,209.8
9223,treatment,24.97,11,92.5
9224,treatment,44.71,12,243.4
9225,treatment,87.41,13,149.1
9226,treatment,13.93,14,155.1
9227,treatment,63.16,1,81.8
9228,treatment,0,2,108.4
9229,treatment,10.41,3,157.1
9230,treatment,162.44,4,230.8
9231,treatment,203.17,5,175.0
9232,treatment,195.72,6,93.7
9233,treatment,58.52,7,47.3
9234,treatment,65.43,8,292.7
9235,treatment,265.83,9,122.1
9236,treatment,80.32,10,117.7
9237,treatment,0,11,93.1
9238,treatment,137.43,12,216.4
9239,treatment,171.13,13,76.1
9240,treatment,106.25,14,145.2
9241,treatment,0,1,147.8
9242,treatment,32.83,2,279.1
9243,treatment,132.86,3,326.2
9244,treatment,95.75,4,133.0
9245,treatment,43.65,5,157.6
9246,treatment,142.44,6,250.9
9247,treatment,104.75,7,97.9
9248,treatment,108.55,8,244.5
9249,treatment,185.62,9,186.5
9250,treatment,137.21,10,247.2
9251,treatment,134.4,11,174.4
9252,treatment,188.67,12,79.2
9253,treatment,133.87,13,141.1
9254,treatment,47.01,14,185.8
9255,treatment,0,1,166.8
9256,treatment,20.04,2,24.7
9257,treatment,74.42,3,92.0
9258,treatment,59.39,4,123.6
9259,treatment,186.2,5,194.7
9260,treatment,0,6,110.7
9261,treatment,219.53,7,211.6
9262,treatment,256.94,8,198.9
9263,treatment,129.46,9,170.9
9264,treatment,18.23,10,124.2
9265,treatment,2.09,11,204.9
9266,treatment,0,12,236.6
9267,treatment,94.1,13,183.8
9268,treatment,161.45,14,107.8
9269,treatment,19.97,1,202.7
9270,treatment,115.21,2,231.6
9271,treatment,6.68,3,202.7
9272,treatment,195.21,4,130.0
9273,treatment,107.96,5,170.0
9274,treatment,31.63,6,142.0
9275,treatment,82.09,7,33.9
9276,treatment,43.35,8,192.7
9277,treatment,157.18,9,180.1
9278,treatment,113.03,10,178.0
9279,treatment,206.93,11,264.0
9280,treatment,228.33,12,225.4
9281,treatment,161.1,13,262.2
9282,treatment,0,14,231.1
9283,treatment,180.38,1,145.3
9284,treatment,0.83,2,189.3
9285,treatment,181.21,3,326.5
9286,treatment,0,4,230.2
9287,treatment,129.5,5,165.4
9288,treatment,259.18,6,297.8
9289,treatment,0,7,233.8
9290,treatment,187.84,8,238.8
9291,treatment,27.59,9,154.7
9292,treatment,171.88,10,216.7
9293,treatment,223.93,11,155.4
9294,treatment,44.15,12,109.1
9295,treatment,181.19,13,234.5
9296,treatment,59.46,14,236.3
9297,treatment,55.53,1,270.6
9298,treatment,0,2,249.6
9299,treatment,210.91,3,163.6
9300,treatment,0,4,196.9
9301,treatment,151.57,5,155.8
9302,treatment,169.27,6,251.0
9303,treatment,261.55,7,173.7
9304,treatment,180.9,8,193.2
9305,treatment,150.49,9,253.9
9306,treatment,195.46,10,212.8
9307,treatment,136.39,11,180.6
9308,treatment,76.02,12,205.7
9309,treatment,43.8,13,317.2
9310,treatment,28.77,14,47.4
9311,treatment,116.71,1,157.3
9312,treatment,100.51,2,141.5
9313,treatment,23.0,3,131.2
9314,treatment,133.99,4,117.1
9315,treatment,43.74,5,164.4
9316,treatment,200.64,6,213.9
9317,treatment,81.23,7,275.6
9318,treatment,148.24,8,105.1
9319,treatment,221.42,9,260.0
9320,treatment,105.41,10,216.0
9321,treatment,108.39,11,197.6
9322,treatment,85.98,12,75.0
9323,treatment,62.68,13,280.4
9324,treatment,5.81,14,232.8
9325,treatment,62.19,1,257.3
9326,treatment,53.65,2,170.8
9327,treatment,139.09,3,168.0
9328,treatment,83.65,4,184.4
9329,treatment,0,5,118.8
9330,treatment,117.32,6,215.2
9331,treatment,149.05,7,128.6
9332,treatment,24.31,8,192.5
9333,treatment,212.46,9,248.2
9334,treatment,124.76,10,180.5
9335,treatment,124.05,11,108.1
9336,treatment,9.1,12,220.1
9337,treatment,83.68,13,182.3
9338,treatment,136.1,14,96.6
9339,treatment,99.55,1,82.0
9340,treatment,35.46,2,216.9
9341,treatment,46.08,3,61.1
9342,treatment,87.59,4,117.7
9343,treatment,91.76,5,242.5
9344,treatment,132.76,6,149.7
9345,treatment,0,7,132.0
9346,treatment,0,8,175.1
9347,treatment,135.28,9,119.7
9348,treatment,0.95,10,256.4
9349,treatment,102.66,11,179.5
9350,treatment,119.02,12,77.7
9351,treatment,96.6,13,154.6
9352,treatment,72.86,14,103.5
9353,treatment,0,1,230.0
9354,treatment,45.97,2,230.4
9355,treatment,26.75,3,137.3
9356,treatment,245.41,4,139.3
9357,treatment,175.02,5,310.2
9358,treatment,0,6,201.2
9359,treatment,80.33,7,161.8
9360,treatment,138.36,8,300.7
9361,treatment,234.97,9,208.4
9362,treatment,124.6,10,179.7
9363,treatment,96.55,11,168.6
9364,treatment,53.84,12,250.9
9365,treatment,161.85,13,132.2
9366,treatment,202.21,14,215.9
9367,treatment,90.98,1,221.9
9368,treatment,226.19,2,265.0
9369,treatment,31.13,3,253.8
9370,treatment,64.41,4,141.4
9371,treatment,97.46,5,200.3
9372,treatment,224.34,6,277.8
9373,treatment,202.95,7,112.3
9374,treatment,107.32,8,177.7
9375,treatment,0,9,233.1
9376,treatment,0,10,321.4
9377,treatment,130.05,11,238.8
9378,treatment,227.34,12,181.1
9379,treatment,96.59,13,194.9
9380,treatment,95.98,14,296.9
9381,treatment,74.53,1,219.8
9382,treatment,0,2,140.8
9383,treatment,84.13,3,147.2
9384,treatment,209.65,4,185.0
9385,treatment,243.45,5,171.5
9386,treatment,161.45,6,212.4
9387,treatment,47.2,7,151.9
9388,treatment,67.31,8,200.3
9389,treatment,48.93,9,157.2
9390,treatment,117.63,10,236.7
9391,treatment,180.41,11,200.8
9392,treatment,195.7,12,125.2
9393,treatment,17.17,13,233.3
9394,treatment,135.24,14,181.3
9395,treatment,38.16,1,224.0
9396,treatment,0,2,195.7
9397,treatment,232.12,3,207.4
9398,treatment,20.02,4,320.8
9399,treatment,61.58,5,200.4
9400,treatment,32.03,6,186.0
9401,treatment,18.33,7,154.6
9402,treatment,95.67,8,208.2
9403,treatment,69.47,9,300.9
9404,treatment,160.74,10,182.4
9405,treatment,108.46,11,191.5
9406,treatment,172.76,12,202.9
9407,treatment,0,13,170.7
9408,treatment,51.34,14,147.9
9409,treatment,20.57,1,140.1
9410,treatment,94.72,2,146.7
9411,treatment,134.54,3,209.6
9412,treatment,57.74,4,231.6
9413,treatment,168.08,5,159.7
9414,treatment,270.96,6,107.5
9415,treatment,154.22,7,63.9
9416,treatment,53.03,8,175.2
9417,treatment,81.67,9,169.7
9418,treatment,175.77,10,295.3
9419,treatment,171.35,11,178.6
9420,treatment,132.75,12,72.5
9421,treatment,215.7,13,274.8
9422,treatment,185.58,14,227.7
9423,treatment,23.38,1,278.1
9424,treatment,212.55,2,189.3
9425,treatment,143.65,3,115.2
9426,treatment,116.42,4,199.3
9427,treatment,106.87,5,74.2
9428,treatment,157.23,6,188.9
9429,treatment,105.31,7,264.7
9430,treatment,7.91,8,174.4
9431,treatment,124.01,9,88.9
9432,treatment,67.0,10,102.1
9433,treatment,130.7,11,96.3
9434,treatment,73.77,12,201.1
9435,treatment,29.32,13,139.0
9436,treatment,70.79,14,116.8
9437,treatment,171.89,1,261.7
9438,treatment,95.3,2,223.1
9439,treatment,0,3,218.9
9440,treatment,102.69,4,160.0
9441,treatment,192.0,5,87.5
9442,treatment,153.11,6,160.4
9443,treatment,46.52,7,161.3
9444,treatment,271.67,8,319.0
9445,treatment,66.48,9,213.1
9446,treatment,0,10,211.3
9447,treatment,197.42,11,225.8
9448,treatment,82.52,12,280.9
9449,treatment,62.51,13,202.4
9450,treatment,0,14,211.7
9451,treatment,104.99,1,204.6
9452,treatment,130.12,2,336.1
9453,treatment,212.3,3,108.7
9454,treatment,169.02,4,224.6
9455,treatment,135.27,5,166.3
9456,treatment,46.26,6,226.8
9457,treatment,0,7,343.0
9458,treatment,163.55,8,161.5
9459,treatment,0,9,158.2
9460,treatment,113.83,10,281.3
9461,treatment,23.3,11,188.8
9462,treatment,233.91,12,117.8
9463,treatment,199.14,13,130.3
9464,treatment,290.01,14,192.2
9465,treatment,117.7,1,162.7
9466,treatment,66.89,2,174.0
9467,treatment,238.09,3,170.7
9468,treatment,132.9,4,217.2
9469,treatment,117.44,5,245.3
9470,treatment,192.37,6,143.5
9471,treatment,143.5,7,165.3
9472,treatment,124.59,8,131.8
9473,treatment,0,9,153.7
9474,treatment,40.07,10,250.2
9475,treatment,27.41,11,203.2
9476,treatment,96.28,12,252.3
9477,treatment,29.61,13,160.8
9478,treatment,1.6,14,148.9
9479,treatment,125.26,1,80.0
9480,treatment,37.07,2,206.8
9481,treatment,62.36,3,218.8
9482,treatment,0,4,148.1
9483,treatment,189.46,5,208.5
9484,treatment,48.77,6,143.2
9485,treatment,58.89,7,145.8
9486,treatment,92.98,8,195.9
9487,treatment,0,9,143.8
9488,treatment,90.72,10,192.0
9489,treatment,93.12,11,148.7
9490,treatment,101.82,12,117.7
9491,treatment,134.65,13,200.3
9492,treatment,69.83,14,228.0
9493,treatment,14.62,1,205.9
9494,treatment,161.58,2,108.9
9495,treatment,85.43,3,158.2
9496,treatment,0,4,214.2
9497,treatment,47.65,5,139.4
9498,treatment,175.18,6,158.6
9499,treatment,69.31,7,189.7
9500,treatment,123.07,8,206.9
9501,treatment,175.84,9,92.6
9502,treatment,74.43,10,232.7
9503,treatment,219.04,11,193.1
9504,treatment,124.29,12,260.7
9505,treatment,0,13,320.0
9506,treatment,93.78,14,247.9
9507,treatment,63.57,1,169.6
9508,treatment,82.17,2,151.1
9509,treatment,103.4,3,114.9
9510,treatment,124.07,4,171.3
9511,treatment,15.5,5,321.4
9512,treatment,203.1,6,269.7
9513,treatment,101.96,7,106.8
9514,treatment,76.81,8,233.6
9515,treatment,0,9,225.1
9516,treatment,149.98,10,114.8
9517,treatment,7.07,11,159.8
9518,treatment,167.03,12,301.8
9519,treatment,89.65,13,197.8
9520,treatment,174.83,14,126.3
9521,treatment,162.32,1,73.4
9522,treatment,73.22,2,210.7
9523,treatment,118.16,3,186.2
9524,treatment,66.69,4,209.5
9525,treatment,0.63,5,200.1
9526,treatment,125.53,6,195.1
9527,treatment,43.46,7,43.6
9528,treatment,197.35,8,105.0
9529,treatment,338.48,9,203.6
9530,treatment,71.42,10,227.1
9531,treatment,314.75,11,147.6
9532,treatment,310.91,12,145.8
9533,treatment,101.32,13,104.5
9534,treatment,77.55,14,187.9
9535,treatment,100.86,1,174.8
9536,treatment,76.54,2,177.9
9537,treatment,107.18,3,244.7
9538,treatment,25.4,4,237.3
9539,treatment,231.13,5,247.4
9540,treatment,110.06,6,176.7
9541,treatment,140.59,7,186.0
9542,treatment,127.7,8,188.7
9543,treatment,263.46,9,205.2
9544,treatment,56.79,10,171.5
9545,treatment,192.7,11,321.5
9546,treatment,140.35,12,218.2
9547,treatment,91.19,13,231.8
9548,treatment,136.68,14,310.6
9549,treatment,37.48,1,114.9
9550,treatment,197.4,2,163.2
9551,treatment,117.96,3,253.9
9552,treatment,114.59,4,123.4
9553,treatment,83.24,5,330.0
9554,treatment,67.48,6,164.9
9555,treatment,108.54,7,128.0
9556,treatment,189.76,8,139.4
9557,treatment,159.86,9,165.8
9558,treatment,5.51,10,172.0
9559,treatment,77.5,11,143.5
9560,treatment,0,12,144.3
9561,treatment,20.88,13,230.6
9562,treatment,0,14,146.6
9563,treatment,142.26,1,176.5
9564,treatment,165.98,2,77.9
9565,treatment,58.93,3,172.0
9566,treatment,70.44,4,178.2
9567,treatment,43.58,5,134.9
9568,treatment,82.72,6,276.8
9569,treatment,32.94,7,209.8
9570,treatment,24.19,8,131.8
9571,treatment,211.57,9,131.4
9572,treatment,0,10,191.0
9573,treatment,225.57,11,209.1
9574,treatment,210.52,12,215.0
9575,treatment,76.28,13,141.1
9576,treatment,41.07,14,214.1
9577,treatment,125.06,1,82.4
9578,treatment,274.0,2,117.6
9579,treatment,0,3,274.3
9580,treatment,61.12,4,102.4
9581,treatment,115.49,5,159.3
9582,treatment,12.78,6,113.2
9583,treatment,11.72,7,220.0
9584,treatment,32.84,8,192.7
9585,treatment,40.5,9,52.6
9586,treatment,139.56,10,147.5
9587,treatment,8.1,11,166.3
9588,treatment,103.88,12,116.7
9589,treatment,75.43,13,180.7
9590,treatment,36.27,14,112.2
9591,treatment,0,1,130.6
9592,treatment,116.51,2,232.8
9593,treatment,0,3,115.2
9594,treatment,35.05,4,117.1
9595,treatment,67.42,5,171.3
9596,treatment,66.19,6,221.3
9597,treatment,63.63,7,208.4
9598,treatment,50.64,8,230.7
9599,treatment,176.19,9,262.5
9600,treatment,59.17,10,183.5
9601,treatment,80.71,11,124.7
9602,treatment,0,12,217.4
9603,treatment,112.28,13,126.0
9604,treatment,137.83,14,121.4
9605,treatment,171.04,1,165.3
9606,treatment,234.26,2,277.3
9607,treatment,87.99,3,83.3
9608,treatment,168.28,4,103.1
9609,treatment,0,5,248.5
9610,treatment,139.37,6,123.9
9611,treatment,0,7,110.6
9612,treatment,7.56,8,123.8
9613,treatment,202.76,9,196.7
9614,treatment,146.75,10,215.3
9615,treatment,111.82,11,274.5
9616,treatment,166.76,12,227.9
9617,treatment,119.65,13,151.5
9618,treatment,9.25,14,239.0
9619,treatment,174.83,1,97.8
9620,treatment,217.29,2,197.8
9621,treatment,176.72,3,148.8
9622,treatment,29.73,4,192.3
9623,treatment,143.2,5,184.1
9624,treatment,19.51,6,309.2
9625,treatment,94.98,7,174.6
9626,treatment,47.97,8,217.4
9627,treatment,39.79,9,159.3
9628,treatment,57.8,10,246.3
9629,treatment,61.11,11,147.7
9630,treatment,258.19,12,221.8
9631,treatment,66.44,13,157.2
9632,treatment,135.88,14,47.4
9633,treatment,0,1,75.5
9634,treatment,70.08,2,148.6
9635,treatment,167.13,3,345.6
9636,treatment,278.34,4,139.6
9637,treatment,129.97,5,226.1
9638,treatment,156.37,6,179.8
9639,treatment,129.12,7,131.5
9640,treatment,0,8,216.0
9641,treatment,236.19,9,10
9642,treatment,147.05,10,188.6
9643,treatment,169.39,11,113.8
9644,treatment,210.97,12,191.7
9645,treatment,88.98,13,143.9
9646,treatment,67.27,14,145.5
9647,treatment,259.37,1,125.7
9648,treatment,196.64,2,209.8
9649,treatment,202.24,3,300.6
9650,treatment,24.28,4,234.8
9651,treatment,147.3,5,76.3
9652,treatment,126.61,6,291.0
9653,treatment,52.54,7,214.9
9654,treatment,111.0,8,163.3
9655,treatment,144.54,9,245.6
9656,treatment,60.63,10,153.6
9657,treatment,0,11,244.6
9658,treatment,89.93,12,157.6
9659,treatment,10.56,13,162.5
9660,treatment,206.48,14,241.9
9661,treatment,275.6,1,82.4
9662,treatment,233.47,2,143.8
9663,treatment,258.68,3,244.0
9664,treatment,66.53,4,220.4
9665,treatment,202.76,5,103.3
9666,treatment,141.75,6,219.3
9667,treatment,120.49,7,76.4
9668,treatment,18.28,8,250.5
9669,treatment,251.65,9,232.9
9670,treatment,119.28,10,250.5
9671,treatment,211.35,11,203.0
9672,treatment,53.75,12,181.7
9673,treatment,90.11,13,107.1
9674,treatment,156.55,14,150.7
9675,treatment,236.4,1,245.7
9676,treatment,119.48,2,198.5
9677,treatment,77.93,3,237.5
9678,treatment,326.68,4,116.6
9679,treatment,21.14,5,194.1
9680,treatment,209.15,6,175.2
9681,treatment,108.47,7,235.2
9682,treatment,132.26,8,124.2
9683,treatment,179.48,9,149.2
9684,treatment,28.94,10,208.8
9685,treatment,63.24,11,145.1
9686,treatment,226.91,12,194.5
9687,treatment,66.37,13,91.3
9688,treatment,62.78,14,181.5
9689,treatment,206.07,1,276.3
9690,treatment,158.53,2,164.1
9691,treatment,0,3,144.3
9692,treatment,62.54,4,146.2
9693,treatment,0,5,225.9
9694,treatment,39.11,6,216.6
9695,treatment,182.54,7,96.5
9696,treatment,159.98,8,273.0
9697,treatment,67.99,9,233.7
9698,treatment,49.83,10,148.3
9699,treatment,106.35,11,130.6
9700,treatment,124.55,12,250.1
9701,treatment,0,13,84.0
9702,treatment,0,14,159.9
9703,treatment,30.13,1,59.4
9704,treatment,138.79,2,140.4
9705,treatment,34.6,3,243.7
9706,treatment,80.37,4,265.9
9707,treatment,0,5,87.3
9708,treatment,81.32,6,192.8
9709,treatment,0,7,225.8
9710,treatment,74.69,8,160.0
9711,treatment,121.26,9,251.8
9712,treatment,145.7,10,184.0
9713,treatment,0,11,246.1
9714,treatment,272.57,12,149.4
9715,treatment,202.35,13,147.8
9716,treatment,167.58,14,138.7
9717,treatment,67.04,1,209.6
9718,treatment,20.49,2,237.6
9719,treatment,110.5,3,237.7
9720,treatment,57.17,4,239.7
9721,treatment,212.34,5,290.8
9722,treatment,0,6,144.0
9723,treatment,197.99,7,150.1
9724,treatment,72.85,8,94.3
9725,treatment,141.32,9,231.3
9726,treatment,200.23,10,284.0
9727,treatment,48.24,11,236.2
9728,treatment,179.3,12,211.3
9729,treatment,100.49,13,202.5
9730,treatment,276.17,14,281.9
9731,treatment,210.94,1,183.9
9732,treatment,85.47,2,149.6
9733,treatment,201.61,3,189.4
9734,treatment,244.23,4,10
9735,treatment,299.17,5,133.6
9736,treatment,24.16,6,175.3
9737,treatment,82.51,7,192.5
9738,treatment,172.72,8,261.4
9739,treatment,256.99,9,96.6
9740,treatment,230.71,10,133.6
9741,treatment,0,11,136.1
9742,treatment,15.33,12,243.9
9743,treatment,247.31,13,183.6
9744,treatment,62.86,14,204.1
9745,treatment,143.29,1,128.2
9746,treatment,42.95,2,173.9
9747,treatment,123.88,3,152.2
9748,treatment,333.83,4,254.0
9749,treatment,42.32,5,109.0
9750,treatment,43.36,6,229.8
9751,treatment,265.7,7,146.2
9752,treatment,261.76,8,238.2
9753,treatment,177.84,9,52.7
9754,treatment,286.63,10,223.3
9755,treatment,67.02,11,191.3
9756,treatment,0,12,209.3
9757,treatment,85.29,13,177.1
9758,treatment,19.88,14,204.1
9759,treatment,100.35,1,239.3
9760,treatment,14.94,2,144.3
9761,treatment,0,3,272.6
9762,treatment,196.7,4,297.7
9763,treatment,146.34,5,180.0
9764,treatment,44.57,6,170.1
9765,treatment,191.29,7,162.1
9766,treatment,307.13,8,248.0
9767,treatment,162.99,9,232.1
9768,treatment,167.84,10,229.4
9769,treatment,94.49,11,213.1
9770,treatment,57.65,12,173.9
9771,treatment,191.82,13,102.2
9772,treatment,17.08,14,129.8
9773,treatment,23.56,1,211.3
9774,treatment,161.0,2,102.4
9775,treatment,222.25,3,204.2
9776,treatment,15.48,4,180.1
9777,treatment,119.77,5,104.7
9778,treatment,184.21,6,179.5
9779,treatment,204.17,7,66.1
9780,treatment,123.42,8,147.2
9781,treatment,120.46,9,248.8
9782,treatment,117.41,10,167.6
9783,treatment,178.7,11,208.3
9784,treatment,88.18,12,217.7
9785,treatment,107.72,13,134.1
9786,treatment,175.57,14,204.7
9787,treatment,230.02,1,235.6
9788,treatment,73.06,2,200.9
9789,treatment,0.07,3,131.9
9790,treatment,147.42,4,248.1
9791,treatment,0,5,267.5
9792,treatment,218.86,6,181.6
9793,treatment,73.76,7,254.9
9794,treatment,113.94,8,210.3
9795,treatment,16.96,9,148.5
9796,treatment,59.58,10,163.7
9797,treatment,61.8,11,197.7
9798,treatment,3.59,12,248.3
9799,treatment,151.33,13,126.3
9800,treatment,135.1,14,132.9
9801,treatment,131.01,1,106.9
9802,treatment,76.32,2,231.1
9803,treatment,110.63,3,114.4
9804,treatment,71.99,4,173.8
9805,treatment,53.69,5,100.3
9806,treatment,67.81,6,196.5
9807,treatment,106.74,7,200.7
9808,treatment,145.79,8,227.4
9809,treatment,133.56,9,234.1
9810,treatment,213.26,10,220.2
9811,treatment,0,11,217.6
9812,treatment,31.09,12,143.8
9813,treatment,0,13,223.8
9814,treatment,83.19,14,114.5
9815,treatment,153.11,1,89.4
9816,treatment,263.42,2,180.5
9817,treatment,84.32,3,201.2
9818,treatment,146.75,4,189.0
9819,treatment,26.68,5,83.5
9820,treatment,145.14,6,277.6
9821,treatment,98.08,7,117.5
9822,treatment,69.78,8,158.1
9823,treatment,188.45,9,125.2
9824,treatment,118.47,10,236.5
9825,treatment,129.9,11,324.8
9826,treatment,173.91,12,120.5
9827,treatment,184.88,13,192.3
9828,treatment,64.96,14,271.0
9829,treatment,129.09,1,250.3
9830,treatment,105.75,2,157.8
9831,treatment,230.23,3,157.8
9832,treatment,173.14,4,329.2
9833,treatment,139.15,5,282.1
9834,treatment,125.45,6,169.3
9835,treatment,29.3,7,210.4
9836,treatment,195.25,8,175.3
9837,treatment,54.47,9,141.2
9838,treatment,94.14,10,154.4
9839,treatment,76.98,11,257.4
9840,treatment,0,12,171.6
9841,treatment,136.96,13,173.7
9842,treatment,34.18,14,168.0
9843,treatment,111.75,1,206.9
9844,treatment,175.33,2,167.1
9845,treatment,171.76,3,158.5
9846,treatment,78.98,4,193.4
9847,treatment,117.06,5,117.8
9848,treatment,28.9,6,169.4
9849,treatment,197.22,7,170.2
9850,treatment,113.22,8,257.3
9851,treatment,15.62,9,101.8
9852,treatment,132.78,10,277.3
9853,treatment,78.68,11,135.6
9854,treatment,38.84,12,145.3
9855,treatment,109.67,13,121.5
9856,treatment,111.02,14,184.3
9857,treatment,43.75,1,183.1
9858,treatment,97.25,2,163.1
9859,treatment,118.38,3,272.5
9860,treatment,194.14,4,252.2
9861,treatment,20.24,5,281.3
9862,treatment,0,6,173.1
9863,treatment,69.12,7,181.2
9864,treatment,232.71,8,130.4
9865,treatment,136.71,9,185.2
9866,treatment,0,10,138.8
9867,treatment,0,11,20.4
9868,treatment,259.38,12,74.2
9869,treatment,107.98,13,168.2
9870,treatment,49.08,14,139.6
9871,treatment,145.98,1,234.9
9872,treatment,97.98,2,186.7
9873,treatment,153.48,3,140.0
9874,treatment,11.96,4,112.9
9875,treatment,199.02,5,227.1
9876,treatment,163.55,6,144.7
9877,treatment,6.54,7,251.1
9878,treatment,138.6,8,200.6
9879,treatment,106.18,9,151.3
9880,treatment,70.18,10,206.5
9881,treatment,16.81,11,176.0
9882,treatment,11.87,12,210.3
9883,treatment,160.74,13,135.7
9884,treatment,131.21,14,243.3
9885,treatment,150.33,1,132.1
9886,treatment,0,2,200.0
9887,treatment,163.97,3,161.2
9888,treatment,76.42,4,201.4
9889,treatment,13.39,5,203.7
9890,treatment,0,6,225.1
9891,treatment,54.39,7,247.1
9892,treatment,56.01,8,95.4
9893,treatment,157.99,9,193.2
9894,treatment,70.26,10,324.9
9895,treatment,274.42,11,131.1
9896,treatment,141.8,12,155.0
9897,treatment,95.76,13,252.9
9898,treatment,52.54,14,66.0
9899,treatment,0,1,208.1
9900,treatment,224.41,2,129.9
9901,treatment,206.61,3,245.2
9902,treatment,0,4,117.8
9903,treatment,91.24,5,183.5
9904,treatment,82.49,6,218.9
9905,treatment,154.05,7,232.2
9906,treatment,111.34,8,175.0
9907,treatment,56.76,9,252.4
9908,treatment,154.08,10,162.6
9909,treatment,175.68,11,44.8
9910,treatment,0,12,46.4
9911,treatment,183.82,13,113.4
9912,treatment,47.52,14,54.6
9913,treatment,177.45,1,142.9
9914,treatment,0,2,220.1
9915,treatment,98.09,3,255.8
9916,treatment,7.13,4,96.1
9917,treatment,126.41,5,147.8
9918,treatment,79.68,6,222.5
9919,treatment,125.5,7,79.1
9920,treatment,77.67,8,39.1
9921,treatment,30.99,9,174.1
9922,treatment,180.22,10,143.8
9923,treatment,77.3,11,248.0
9924,treatment,129.47,12,60.5
9925,treatment,109.92,13,199.7
9926,treatment,64.75,14,143.5
9927,treatment,0,1,221.5
9928,treatment,144.31,2,201.7
9929,treatment,212.85,3,259.5
9930,treatment,24.32,4,192.0
9931,treatment,10.34,5,66.2
9932,treatment,33.49,6,147.7
9933,treatment,62.61,7,202.2
9934,treatment,123.03,8,107.3
9935,treatment,83.23,9,80.5
9936,treatment,0,10,212.8
9937,treatment,212.32,11,181.1
9938,treatment,0,12,153.0
9939,treatment,35.66,13,197.4
9940,treatment,183.85,14,208.2
9941,treatment,26.17,1,262.2
9942,treatment,137.98,2,191.3
9943,treatment,3.5,3,167.9
9944,treatment,151.57,4,195.2
9945,treatment,47.8,5,296.7
9946,treatment,109.88,6,232.6
9947,treatment,124.26,7,297.6
9948,treatment,104.64,8,337.8
9949,treatment,0,9,152.2
9950,treatment,48.75,10,71.5
9951,treatment,96.3,11,78.9
9952,treatment,71.58,12,203.6
9953,treatment,132.59,13,266.7
9954,treatment,122.22,14,180.0
9955,treatment,87.28,1,207.4
9956,treatment,0,2,208.2
9957,treatment,13.14,3,199.5
9958,treatment,181.84,4,153.4
9959,treatment,32.64,5,207.2
9960,treatment,44.05,6,147.4
9961,treatment,122.04,7,211.9
9962,treatment,268.25,8,201.7
9963,treatment,120.11,9,171.4
9964,treatment,137.85,10,266.5
9965,treatment,170.08,11,157.6
9966,treatment,0,12,196.5
9967,treatment,151.72,13,83.4
9968,treatment,194.05,14,198.3
9969,treatment,38.41,1,276.8
9970,treatment,87.17,2,195.1
9971,treatment,71.66,3,131.0
9972,treatment,41.97,4,193.5
9973,treatment,86.86,5,246.8
9974,treatment,85.01,6,72.3
9975,treatment,155.81,7,145.2
9976,treatment,60.59,8,152.7
9977,treatment,89.63,9,152.2
9978,treatment,64.46,10,223.0
9979,treatment,174.9,11,199.1
9980,treatment,146.26,12,208.3
9981,treatment,149.05,13,130.8
9982,treatment,204.81,14,147.8
9983,treatment,88.5,1,300.5
9984,treatment,0,2,171.0
9985,treatment,332.53,3,155.2
9986,treatment,50.36,4,245.9
9987,treatment,0,5,211.8
9988,treatment,32.23,6,165.2
9989,treatment,142.23,7,308.8
9990,treatment,208.29,8,196.5
9991,treatment,90.22,9,259.1
9992,treatment,208.76,10,77.3
9993,treatment,18.18,11,302.4
9994,treatment,60.99,12,119.6
9995,treatment,144.04,13,239.6
9996,treatment,161.6,14,156.9
9997,treatment,0,1,109.2
9998,treatment,123.7,2,261.8
9999,treatment,123.33,3,146.2
10000,treatment,246.97,4,165.3
