user_id,variant,cr_first_deposit,day,bounce_rate
1,control,0,1,0.579
2,control,0,2,0.859
3,control,0,3,0.355
4,control,0,4,0.313
5,control,0,5,0.376
6,control,0,6,0.304
7,control,0,7,0.447
8,control,0,8,0.493
9,control,0,9,0.263
10,control,0,10,0.448
11,control,0,11,0.469
12,control,0,12,0.604
13,control,0,13,0.541
14,control,0,14,0.177
15,control,0,1,0.281
16,control,0,2,0.528
17,control,0,3,0.41
18,control,0,4,0.402
19,control,0,5,0.399
20,control,0,6,0.451
21,control,1,7,0.325
22,control,0,8,0.379
23,control,0,9,0.514
24,control,0,10,0.461
25,control,0,11,0.25
26,control,0,12,0.619
27,control,0,13,0.531
28,control,0,14,0.311
29,control,0,1,0.412
30,control,0,2,0.402
31,control,0,3,0.174
32,control,0,4,0.779
33,control,0,5,0.627
34,control,0,6,0.611
35,control,0,7,0.446
36,control,0,8,0.324
37,control,0,9,0.392
38,control,0,10,0.041
39,control,0,11,0.709
40,control,0,12,0.767
41,control,0,13,0.627
42,control,0,14,0.513
43,control,0,1,0.556
44,control,0,2,0.471
45,control,0,3,0.546
46,control,0,4,0.368
47,control,0,5,0.804
48,control,0,6,0.374
49,control,0,7,0.205
50,control,1,8,0.111
51,control,0,9,0.544
52,control,0,10,0.264
53,control,0,11,0.43
54,control,0,12,0.563
55,control,0,13,0.262
56,control,0,14,0.384
57,control,0,1,0.255
58,control,0,2,0.076
59,control,0,3,0.432
60,control,0,4,0.486
61,control,0,5,0.325
62,control,0,6,0.565
63,control,0,7,0.298
64,control,0,8,0.174
65,control,0,9,0.331
66,control,0,10,0.391
67,control,0,11,0.288
68,control,0,12,0.158
69,control,0,13,0.275
70,control,0,14,0.462
71,control,0,1,0.715
72,control,0,2,0.407
73,control,0,3,0.386
74,control,0,4,0.701
75,control,0,5,0
76,control,0,6,0.532
77,control,0,7,0.252
78,control,0,8,0.524
79,control,0,9,0.605
80,control,0,10,0.654
81,control,0,11,0.37
82,control,0,12,0.288
83,control,0,13,0.739
84,control,0,14,0.373
85,control,0,1,0.592
86,control,0,2,0.647
87,control,0,3,0.429
88,control,0,4,0.546
89,control,0,5,0.433
90,control,0,6,0.537
91,control,0,7,0.193
92,control,0,8,0.281
93,control,0,9,0.533
94,control,0,10,0.447
95,control,0,11,0.608
96,control,0,12,0.315
97,control,0,13,0.569
98,control,0,14,0.355
99,control,0,1,0.237
100,control,0,2,0.324
101,control,0,3,0.659
102,control,0,4,0.483
103,control,0,5,0
104,control,0,6,0.076
105,control,0,7,0.558
106,control,0,8,0.474
107,control,0,9,0.381
108,control,0,10,0.546
109,control,0,11,0.324
110,control,0,12,0.383
111,control,0,13,0.434
112,control,0,14,0
113,control,0,1,0.29
114,control,0,2,0.782
115,control,0,3,0.483
116,control,0,4,0.508
117,control,0,5,0.646
118,control,0,6,0.218
119,control,0,7,0.442
120,control,0,8,0.294
121,control,0,9,0.494
122,control,0,10,0.361
123,control,0,11,0.252
124,control,0,12,0.206
125,control,0,13,0.651
126,control,0,14,0.326
127,control,0,1,0.672
128,control,0,2,0.512
129,control,0,3,0.176
130,control,0,4,0.676
131,control,0,5,0.479
132,control,1,6,0.437
133,control,0,7,0.761
134,control,0,8,0.39
135,control,0,9,0.298
136,control,0,10,0.124
137,control,0,11,0.706
138,control,0,12,0.367
139,control,0,13,0.178
140,control,0,14,0.602
141,control,0,1,0.585
142,control,0,2,0.329
143,control,0,3,0.141
144,control,1,4,0.366
145,control,0,5,0.363
146,control,0,6,0.666
147,control,0,7,0.546
148,control,0,8,0.374
149,control,0,9,0.497
150,control,0,10,0.453
151,control,0,11,0.058
152,control,0,12,0.324
153,control,0,13,0.472
154,control,0,14,0.326
155,control,0,1,0.655
156,control,0,2,0.158
157,control,0,3,0.705
158,control,0,4,0.343
159,control,0,5,0.699
160,control,0,6,0.519
161,control,1,7,0.41
162,control,0,8,0.705
163,control,0,9,0.366
164,control,0,10,0.647
165,control,0,11,0.144
166,control,0,12,0.326
167,control,0,13,0.106
168,control,0,14,0.297
169,control,0,1,0.266
170,control,0,2,0.42
171,control,0,3,0.136
172,control,0,4,0.566
173,control,0,5,0.542
174,control,0,6,0.482
175,control,1,7,0.374
176,control,0,8,0.514
177,control,0,9,0.575
178,control,0,10,0.662
179,control,0,11,0.523
180,control,0,12,0.3
181,control,0,13,0.199
182,control,0,14,0.723
183,control,0,1,0.285
184,control,0,2,0.353
185,control,0,3,0.524
186,control,0,4,0.404
187,control,0,5,0.506
188,control,0,6,0.426
189,control,0,7,0.516
190,control,0,8,0.322
191,control,0,9,0.441
192,control,0,10,0.502
193,control,0,11,0.677
194,control,1,12,0.156
195,control,0,13,0.588
196,control,0,14,0.595
197,control,0,1,0.234
198,control,0,2,0.255
199,control,0,3,0.702
200,control,0,4,0.201
201,control,0,5,0.448
202,control,0,6,0.473
203,control,0,7,0.531
204,control,0,8,0.766
205,control,0,9,0.318
206,control,0,10,0.43
207,control,0,11,0.117
208,control,0,12,0.428
209,control,0,13,0.535
210,control,0,14,0.311
211,control,0,1,0.405
212,control,0,2,0.372
213,control,0,3,0.474
214,control,0,4,0.257
215,control,0,5,0.718
216,control,0,6,0.534
217,control,0,7,0.401
218,control,0,8,0.545
219,control,0,9,0.631
220,control,0,10,0.369
221,control,0,11,0.094
222,control,0,12,0.237
223,control,0,13,0.533
224,control,0,14,0.44
225,control,0,1,0.372
226,control,0,2,0.649
227,control,0,3,0.106
228,control,0,4,0.403
229,control,0,5,0.591
230,control,0,6,0.446
231,control,0,7,0.366
232,control,0,8,0.516
233,control,0,9,0.615
234,control,0,10,0.529
235,control,1,11,0.471
236,control,0,12,0.696
237,control,0,13,0.355
238,control,0,14,0.384
239,control,0,1,0.5
240,control,0,2,0.262
241,control,0,3,0.217
242,control,0,4,0.539
243,control,0,5,0.43
244,control,0,6,0.35
245,control,1,7,0.333
246,control,0,8,0.426
247,control,0,9,0.275
248,control,0,10,0.396
249,control,0,11,0.614
250,control,0,12,0.369
251,control,0,13,0.161
252,control,0,14,0.853
253,control,0,1,0.423
254,control,0,2,0.146
255,control,0,3,0.36
256,control,0,4,0.756
257,control,0,5,0.706
258,control,0,6,0.358
259,control,0,7,0.549
260,control,0,8,0.652
261,control,0,9,0.51
262,control,0,10,0.339
263,control,0,11,0.274
264,control,0,12,0.54
265,control,0,13,0.174
266,control,0,14,0.208
267,control,0,1,0.236
268,control,0,2,0.404
269,control,0,3,0.248
270,control,0,4,0.113
271,control,0,5,0.237
272,control,0,6,0.342
273,control,0,7,0.012
274,control,0,8,0.55
275,control,0,9,0.67
276,control,0,10,0.275
277,control,1,11,0.36
278,control,0,12,0.571
279,control,0,13,0.25
280,control,0,14,0.24
281,control,0,1,0.337
282,control,0,2,0.389
283,control,0,3,0.603
284,control,0,4,0.173
285,control,0,5,0.72
286,control,0,6,0.519
287,control,0,7,0.16
288,control,0,8,0.23
289,control,0,9,0.755
290,control,0,10,0.573
291,control,0,11,0.288
292,control,0,12,0.297
293,control,0,13,0.726
294,control,0,14,0.528
295,control,0,1,0.369
296,control,0,2,0.35
297,control,0,3,0.53
298,control,0,4,0.128
299,control,0,5,0.314
300,control,0,6,0.582
301,control,0,7,0.376
302,control,0,8,0.512
303,control,0,9,0.405
304,control,0,10,0.155
305,control,0,11,0.525
306,control,0,12,0.717
307,control,0,13,0.208
308,control,0,14,0.343
309,control,0,1,0.392
310,control,0,2,0.562
311,control,0,3,0.494
312,control,0,4,0.684
313,control,0,5,0.475
314,control,0,6,0.538
315,control,0,7,0.336
316,control,0,8,0.195
317,control,0,9,0.735
318,control,0,10,0.342
319,control,0,11,0.846
320,control,0,12,0.518
321,control,0,13,0.168
322,control,0,14,0.551
323,control,0,1,0.43
324,control,0,2,0.442
325,control,0,3,0.102
326,control,0,4,0.344
327,control,0,5,0.482
328,control,0,6,0.396
329,control,0,7,0.572
330,control,0,8,0.59
331,control,0,9,0.285
332,control,1,10,0.423
333,control,0,11,0.394
334,control,0,12,0.693
335,control,0,13,0.219
336,control,0,14,0.432
337,control,0,1,0.559
338,control,0,2,0.381
339,control,0,3,0.077
340,control,0,4,0.279
341,control,0,5,0.527
342,control,0,6,0.387
343,control,0,7,0.438
344,control,0,8,0.945
345,control,0,9,0.449
346,control,0,10,0.345
347,control,0,11,0.582
348,control,0,12,0.36
349,control,0,13,0.357
350,control,0,14,0.112
351,control,0,1,0.343
352,control,0,2,0.369
353,control,0,3,0.038
354,control,0,4,0.264
355,control,0,5,0.154
356,control,0,6,0.569
357,control,0,7,0.33
358,control,0,8,0.409
359,control,0,9,0.244
360,control,0,10,0.597
361,control,0,11,0.555
362,control,0,12,0.389
363,control,0,13,0.261
364,control,0,14,0.579
365,control,0,1,0.58
366,control,0,2,0.482
367,control,0,3,0.504
368,control,0,4,0.541
369,control,0,5,0.296
370,control,0,6,0.518
371,control,0,7,0.202
372,control,0,8,0.225
373,control,0,9,0.472
374,control,0,10,0.467
375,control,0,11,0.366
376,control,1,12,0.527
377,control,0,13,0.658
378,control,0,14,0.511
379,control,0,1,0.103
380,control,0,2,0.222
381,control,0,3,0.649
382,control,0,4,0.471
383,control,0,5,0.663
384,control,0,6,0
385,control,0,7,0.289
386,control,0,8,0.08
387,control,0,9,0.487
388,control,0,10,0.658
389,control,0,11,0.629
390,control,0,12,0.383
391,control,0,13,0.459
392,control,0,14,0.236
393,control,0,1,0.458
394,control,0,2,0.628
395,control,0,3,0.254
396,control,0,4,0.466
397,control,0,5,0.555
398,control,0,6,0.199
399,control,0,7,0.392
400,control,0,8,0.626
401,control,0,9,0.632
402,control,0,10,0.355
403,control,0,11,0.286
404,control,1,12,0.277
405,control,0,13,0.495
406,control,0,14,0.179
407,control,0,1,0.462
408,control,0,2,0.415
409,control,0,3,0.353
410,control,0,4,0.525
411,control,0,5,0
412,control,0,6,0.442
413,control,0,7,0.101
414,control,0,8,0.39
415,control,0,9,0.103
416,control,0,10,0.465
417,control,0,11,0.471
418,control,0,12,0.5
419,control,0,13,0.317
420,control,0,14,0.556
421,control,0,1,0.175
422,control,0,2,0.131
423,control,0,3,0.398
424,control,0,4,0.434
425,control,0,5,0.387
426,control,0,6,0.424
427,control,0,7,0.261
428,control,0,8,0.57
429,control,0,9,0.096
430,control,0,10,0.524
431,control,0,11,0.138
432,control,0,12,0.519
433,control,0,13,0.324
434,control,0,14,0.14
435,control,0,1,0.356
436,control,0,2,0.365
437,control,0,3,0.525
438,control,0,4,0.103
439,control,0,5,0.925
440,control,0,6,0.516
441,control,0,7,0.63
442,control,0,8,0.161
443,control,0,9,0.487
444,control,0,10,0.449
445,control,0,11,0.481
446,control,0,12,0.244
447,control,0,13,0.148
448,control,0,14,0.331
449,control,0,1,0.44
450,control,0,2,0.769
451,control,0,3,0.705
452,control,0,4,0.454
453,control,0,5,0.671
454,control,0,6,0.377
455,control,0,7,0.3
456,control,0,8,0.909
457,control,0,9,0.224
458,control,0,10,0.228
459,control,0,11,0.174
460,control,0,12,0.744
461,control,0,13,0.42
462,control,0,14,0.389
463,control,0,1,0.36
464,control,0,2,0.295
465,control,0,3,0.507
466,control,0,4,0.236
467,control,0,5,0.577
468,control,0,6,0.329
469,control,0,7,0.212
470,control,0,8,0.205
471,control,0,9,0.695
472,control,0,10,0.579
473,control,0,11,0.364
474,control,0,12,0.549
475,control,0,13,0.497
476,control,0,14,0.262
477,control,0,1,0.185
478,control,0,2,0.374
479,control,0,3,0.26
480,control,0,4,0.257
481,control,0,5,0.261
482,control,0,6,0.751
483,control,0,7,0.851
484,control,0,8,0.414
485,control,0,9,0.281
486,control,0,10,0.534
487,control,0,11,0.054
488,control,0,12,0.504
489,control,0,13,0.388
490,control,0,14,0.414
491,control,0,1,0.435
492,control,0,2,0.306
493,control,0,3,0.338
494,control,0,4,0.26
495,control,0,5,0.451
496,control,0,6,0.147
497,control,0,7,0.656
498,control,0,8,0.176
499,control,0,9,0.349
500,control,0,10,0.097
501,control,0,11,0.475
502,control,0,12,0.444
503,control,0,13,0.39
504,control,0,14,0.469
505,control,0,1,0.179
506,control,0,2,0.567
507,control,0,3,0
508,control,0,4,0.384
509,control,0,5,0.625
510,control,0,6,0.608
511,control,1,7,0.581
512,control,0,8,0.528
513,control,0,9,0.461
514,control,0,10,0.203
515,control,0,11,0.4
516,control,0,12,0.252
517,control,0,13,0.492
518,control,0,14,0.109
519,control,0,1,0.183
520,control,0,2,0.3
521,control,0,3,0.772
522,control,0,4,0.506
523,control,0,5,0.34
524,control,0,6,0.457
525,control,0,7,0.383
526,control,0,8,0.437
527,control,0,9,0.451
528,control,0,10,0.186
529,control,0,11,0.541
530,control,0,12,0.495
531,control,0,13,0.65
532,control,0,14,0.533
533,control,0,1,0.451
534,control,0,2,0.361
535,control,0,3,0.138
536,control,0,4,0.384
537,control,0,5,0.216
538,control,0,6,0.377
539,control,0,7,0.393
540,control,0,8,0.043
541,control,0,9,0.661
542,control,0,10,0.456
543,control,0,11,0.322
544,control,0,12,0.346
545,control,0,13,0.522
546,control,0,14,0.317
547,control,0,1,0.26
548,control,0,2,0.384
549,control,0,3,0.563
550,control,0,4,0.332
551,control,0,5,0.32
552,control,0,6,0.385
553,control,0,7,0.491
554,control,0,8,0.204
555,control,0,9,0.254
556,control,1,10,0.445
557,control,0,11,0.275
558,control,0,12,0
559,control,0,13,0.472
560,control,0,14,0.039
561,control,0,1,0.395
562,control,0,2,0.151
563,control,0,3,0.701
564,control,0,4,0.361
565,control,0,5,0.495
566,control,0,6,0.548
567,control,0,7,0.707
568,control,0,8,0.3
569,control,0,9,0.174
570,control,0,10,0.345
571,control,0,11,0.71
572,control,0,12,0.322
573,control,0,13,0.402
574,control,0,14,0.513
575,control,0,1,0.439
576,control,0,2,0.561
577,control,0,3,0.412
578,control,0,4,0.536
579,control,0,5,0.515
580,control,0,6,0.149
581,control,0,7,0.437
582,control,0,8,0.498
583,control,0,9,0.324
584,control,0,10,0.534
585,control,0,11,0.687
586,control,0,12,0.373
587,control,0,13,0.516
588,control,0,14,0.315
589,control,0,1,0.736
590,control,0,2,0.388
591,control,0,3,0.565
592,control,0,4,0.37
593,control,0,5,0.538
594,control,0,6,0.262
595,control,0,7,0.417
596,control,0,8,0
597,control,0,9,0.758
598,control,0,10,0.107
599,control,0,11,0.891
600,control,0,12,0.404
601,control,0,13,0.36
602,control,0,14,0.537
603,control,0,1,0.425
604,control,0,2,0.427
605,control,0,3,0.424
606,control,0,4,0.236
607,control,0,5,0.428
608,control,0,6,0.695
609,control,0,7,0.386
610,control,0,8,0.281
611,control,0,9,0.36
612,control,0,10,0.534
613,control,0,11,0.25
614,control,0,12,0.401
615,control,0,13,0.327
616,control,0,14,0.531
617,control,0,1,0.592
618,control,1,2,0.218
619,control,0,3,0.651
620,control,0,4,0.081
621,control,0,5,0.521
622,control,0,6,0.651
623,control,0,7,0.191
624,control,0,8,0.388
625,control,0,9,0.319
626,control,0,10,0.472
627,control,0,11,0.399
628,control,0,12,0.439
629,control,0,13,0.58
630,control,0,14,0.561
631,control,0,1,0.386
632,control,0,2,0.376
633,control,0,3,0.596
634,control,0,4,0.156
635,control,0,5,0.363
636,control,0,6,0.445
637,control,0,7,0
638,control,0,8,0.404
639,control,0,9,0.429
640,control,0,10,0.271
641,control,0,11,0.319
642,control,0,12,0.428
643,control,0,13,0.471
644,control,0,14,0.551
645,control,0,1,0.886
646,control,0,2,0.35
647,control,0,3,0.421
648,control,0,4,0.531
649,control,0,5,0.427
650,control,0,6,0.574
651,control,0,7,0.475
652,control,0,8,0.622
653,control,0,9,0.275
654,control,0,10,0.427
655,control,0,11,0.256
656,control,0,12,0.318
657,control,0,13,0.781
658,control,0,14,0.349
659,control,0,1,0.326
660,control,0,2,0.408
661,control,0,3,0.646
662,control,0,4,0.532
663,control,0,5,0.321
664,control,0,6,0.698
665,control,0,7,0.155
666,control,1,8,0.393
667,control,0,9,0.252
668,control,0,10,0.592
669,control,0,11,0.353
670,control,0,12,0.304
671,control,0,13,0.588
672,control,0,14,0.347
673,control,0,1,0
674,control,0,2,0.355
675,control,0,3,0.434
676,control,0,4,0.582
677,control,0,5,0.243
678,control,0,6,0.609
679,control,0,7,0.392
680,control,0,8,0.549
681,control,0,9,0.428
682,control,0,10,0.468
683,control,0,11,0.271
684,control,0,12,0.428
685,control,0,13,0.503
686,control,0,14,0.32
687,control,0,1,0.424
688,control,0,2,0.679
689,control,0,3,0.623
690,control,0,4,0.676
691,control,0,5,0.431
692,control,0,6,0.348
693,control,0,7,0.413
694,control,0,8,0.466
695,control,0,9,0.474
696,control,0,10,0.232
697,control,0,11,0.256
698,control,0,12,0.5
699,control,0,13,0.135
700,control,0,14,0.451
701,control,0,1,0.211
702,control,0,2,0.518
703,control,0,3,0.714
704,control,0,4,0.5
705,control,0,5,0.422
706,control,0,6,0.151
707,control,0,7,0.529
708,control,0,8,0.345
709,control,0,9,0.478
710,control,0,10,0.896
711,control,0,11,0.431
712,control,0,12,0.316
713,control,0,13,0.529
714,control,0,14,0.686
715,control,0,1,0.459
716,control,0,2,0.248
717,control,0,3,0.407
718,control,0,4,0.396
719,control,0,5,0.32
720,control,0,6,0.417
721,control,0,7,0.431
722,control,0,8,0.431
723,control,0,9,0.865
724,control,0,10,0.3
725,control,0,11,0.695
726,control,0,12,0.666
727,control,0,13,0.637
728,control,0,14,0.354
729,control,0,1,0.809
730,control,0,2,0.42
731,control,0,3,0.453
732,control,0,4,0.332
733,control,0,5,0.251
734,control,0,6,0.033
735,control,0,7,0.345
736,control,0,8,0.495
737,control,0,9,0.125
738,control,0,10,0.558
739,control,0,11,0.151
740,control,0,12,0.432
741,control,0,13,0.068
742,control,0,14,0.419
743,control,0,1,0.526
744,control,0,2,0.392
745,control,0,3,0.644
746,control,0,4,0.372
747,control,0,5,0.433
748,control,0,6,0.39
749,control,0,7,0.456
750,control,0,8,0.108
751,control,0,9,0.683
752,control,0,10,0.249
753,control,0,11,0.694
754,control,0,12,0.566
755,control,0,13,0.236
756,control,0,14,0.291
757,control,0,1,0.574
758,control,1,2,0.207
759,control,0,3,0.42
760,control,0,4,0.495
761,control,0,5,0.511
762,control,0,6,0.506
763,control,0,7,0.477
764,control,1,8,0.53
765,control,0,9,0.595
766,control,0,10,0.515
767,control,0,11,0.271
768,control,0,12,0.593
769,control,0,13,0.689
770,control,0,14,0.688
771,control,0,1,0.355
772,control,0,2,0.539
773,control,1,3,0.472
774,control,0,4,0.638
775,control,0,5,0.761
776,control,0,6,0.644
777,control,0,7,0.36
778,control,0,8,0.422
779,control,0,9,0.147
780,control,0,10,0.299
781,control,0,11,0.375
782,control,0,12,0.518
783,control,0,13,0.282
784,control,0,14,0.684
785,control,0,1,0.433
786,control,0,2,0.123
787,control,0,3,0.601
788,control,0,4,0.451
789,control,0,5,0.659
790,control,0,6,0.385
791,control,0,7,0.292
792,control,0,8,0.493
793,control,0,9,0.412
794,control,0,10,0.385
795,control,1,11,0.393
796,control,0,12,0.54
797,control,0,13,0.566
798,control,0,14,0.824
799,control,0,1,0.586
800,control,0,2,0.145
801,control,0,3,0.742
802,control,0,4,0.375
803,control,0,5,0.471
804,control,1,6,0.233
805,control,0,7,0.699
806,control,0,8,0.663
807,control,0,9,0.683
808,control,0,10,0.106
809,control,0,11,0.428
810,control,0,12,0.366
811,control,0,13,0.025
812,control,0,14,0.532
813,control,0,1,0.665
814,control,0,2,0.27
815,control,0,3,0.27
816,control,0,4,0.373
817,control,0,5,0.549
818,control,0,6,0.212
819,control,0,7,0.486
820,control,0,8,0.496
821,control,0,9,0.464
822,control,0,10,0.13
823,control,0,11,0.449
824,control,0,12,0.611
825,control,0,13,0.195
826,control,0,14,0.471
827,control,0,1,0.469
828,control,0,2,0.545
829,control,0,3,0.648
830,control,0,4,0.513
831,control,0,5,0.64
832,control,0,6,0.289
833,control,0,7,0.63
834,control,0,8,0.178
835,control,0,9,0.611
836,control,0,10,0.263
837,control,1,11,0.586
838,control,0,12,0.193
839,control,0,13,0.358
840,control,0,14,0.437
841,control,0,1,0.445
842,control,0,2,0.623
843,control,0,3,0.493
844,control,0,4,0.238
845,control,0,5,0.37
846,control,0,6,0.301
847,control,0,7,0.28
848,control,0,8,0.592
849,control,0,9,0.596
850,control,0,10,0.316
851,control,0,11,0.198
852,control,0,12,0.514
853,control,0,13,0.277
854,control,0,14,0.487
855,control,0,1,0.505
856,control,0,2,0.234
857,control,0,3,0.096
858,control,0,4,0.275
859,control,0,5,0.415
860,control,0,6,0.233
861,control,0,7,0.531
862,control,0,8,0.352
863,control,0,9,0.274
864,control,0,10,0.537
865,control,0,11,0.391
866,control,0,12,0.64
867,control,0,13,0.599
868,control,0,14,0.379
869,control,0,1,0.253
870,control,0,2,0.227
871,control,0,3,0.155
872,control,0,4,0.571
873,control,0,5,0.074
874,control,0,6,0.158
875,control,0,7,0.049
876,control,0,8,0.728
877,control,0,9,0.515
878,control,0,10,0.385
879,control,0,11,0.587
880,control,0,12,0.194
881,control,0,13,0.277
882,control,0,14,0.052
883,control,0,1,0.883
884,control,0,2,0.522
885,control,0,3,0.367
886,control,0,4,0.313
887,control,0,5,0.377
888,control,0,6,0.438
889,control,0,7,0.446
890,control,0,8,0.435
891,control,0,9,0.319
892,control,0,10,0.727
893,control,0,11,0.193
894,control,0,12,0.794
895,control,0,13,0.358
896,control,0,14,0.724
897,control,0,1,0.447
898,control,0,2,0.345
899,control,0,3,0.619
900,control,0,4,0.232
901,control,0,5,0.218
902,control,0,6,0.546
903,control,0,7,0.457
904,control,0,8,0.707
905,control,0,9,0.511
906,control,0,10,0.302
907,control,0,11,0.377
908,control,0,12,0
909,control,0,13,0.491
910,control,0,14,0.371
911,control,0,1,0.481
912,control,0,2,0.302
913,control,0,3,0.3
914,control,0,4,0.325
915,control,0,5,0.655
916,control,0,6,0.459
917,control,0,7,0.077
918,control,0,8,0.533
919,control,0,9,0.446
920,control,0,10,0.423
921,control,0,11,0.066
922,control,0,12,0.294
923,control,0,13,0.148
924,control,0,14,0.684
925,control,0,1,0.367
926,control,0,2,0.303
927,control,0,3,0.421
928,control,0,4,0.513
929,control,0,5,0.108
930,control,0,6,0.46
931,control,0,7,0.752
932,control,0,8,0.269
933,control,0,9,0.539
934,control,0,10,0.472
935,control,0,11,0.535
936,control,0,12,0.432
937,control,0,13,0.387
938,control,0,14,0.32
939,control,0,1,0.454
940,control,0,2,0.312
941,control,0,3,0.335
942,control,0,4,0.707
943,control,0,5,0.666
944,control,0,6,0.368
945,control,0,7,0.127
946,control,0,8,0.871
947,control,0,9,0.326
948,control,0,10,0.588
949,control,0,11,0.333
950,control,0,12,0.525
951,control,0,13,0.483
952,control,0,14,0.602
953,control,0,1,0.265
954,control,0,2,0.186
955,control,0,3,0.638
956,control,0,4,0.807
957,control,0,5,0.448
958,control,0,6,0.4
959,control,0,7,0.703
960,control,0,8,0.506
961,control,0,9,0.718
962,control,0,10,0.18
963,control,0,11,0.175
964,control,0,12,0.36
965,control,0,13,0.707
966,control,0,14,0.425
967,control,0,1,0.454
968,control,0,2,0.245
969,control,0,3,0.282
970,control,0,4,0.54
971,control,0,5,0.587
972,control,0,6,0.44
973,control,0,7,0.064
974,control,0,8,0.376
975,control,0,9,0.307
976,control,0,10,0.125
977,control,0,11,0.416
978,control,0,12,0.461
979,control,0,13,0.468
980,control,0,14,0.6
981,control,0,1,0.548
982,control,0,2,0.447
983,control,0,3,0.333
984,control,0,4,0.35
985,control,0,5,0.324
986,control,0,6,0.891
987,control,0,7,0.397
988,control,0,8,0.246
989,control,0,9,0.203
990,control,0,10,0.645
991,control,0,11,0.573
992,control,1,12,0.078
993,control,0,13,0.539
994,control,0,14,0.355
995,control,0,1,0.452
996,control,0,2,0.494
997,control,0,3,0.533
998,control,0,4,0.517
999,control,0,5,0.16
1000,control,0,6,0.372
1001,control,0,7,0.226
1002,control,0,8,0.764
1003,control,0,9,0.491
1004,control,1,10,0.197
1005,control,0,11,0.405
1006,control,0,12,0.603
1007,control,0,13,0.352
1008,control,0,14,0.551
1009,control,0,1,0.149
1010,control,0,2,0.527
1011,control,1,3,0.462
1012,control,0,4,0.157
1013,control,0,5,0.251
1014,control,0,6,0.574
1015,control,0,7,0.477
1016,control,0,8,0.264
1017,control,0,9,0.523
1018,control,0,10,0.228
1019,control,0,11,0.665
1020,control,0,12,0.289
1021,control,0,13,0.615
1022,control,0,14,0.538
1023,control,0,1,0.269
1024,control,0,2,0.387
1025,control,0,3,0.294
1026,control,0,4,0.229
1027,control,0,5,0.279
1028,control,0,6,0.553
1029,control,0,7,0.409
1030,control,0,8,0.669
1031,control,0,9,0.575
1032,control,0,10,0.186
1033,control,0,11,0.649
1034,control,0,12,0.551
1035,control,0,13,0.47
1036,control,0,14,0.559
1037,control,1,1,0.281
1038,control,0,2,0.365
1039,control,0,3,0.628
1040,control,0,4,0.363
1041,control,0,5,0.632
1042,control,0,6,0.223
1043,control,0,7,0.628
1044,control,0,8,0.439
1045,control,0,9,0.513
1046,control,0,10,0.165
1047,control,0,11,0.489
1048,control,0,12,0.285
1049,control,0,13,0.57
1050,control,0,14,0.405
1051,control,0,1,0.407
1052,control,0,2,0.681
1053,control,0,3,0.435
1054,control,0,4,0.224
1055,control,0,5,0.224
1056,control,0,6,0.268
1057,control,0,7,0.384
1058,control,0,8,0.051
1059,control,0,9,0.296
1060,control,0,10,0.425
1061,control,0,11,0.407
1062,control,0,12,0.258
1063,control,0,13,0.19
1064,control,0,14,0.57
1065,control,0,1,0.425
1066,control,0,2,0.182
1067,control,0,3,0.365
1068,control,0,4,0.573
1069,control,0,5,0.166
1070,control,0,6,0.556
1071,control,0,7,0.576
1072,control,0,8,0.421
1073,control,0,9,0.151
1074,control,0,10,0.412
1075,control,0,11,0.446
1076,control,0,12,0.473
1077,control,0,13,0.263
1078,control,0,14,0.468
1079,control,0,1,0.508
1080,control,0,2,0.608
1081,control,0,3,0.285
1082,control,0,4,0.157
1083,control,0,5,0.337
1084,control,0,6,0.004
1085,control,0,7,0.623
1086,control,0,8,0.637
1087,control,0,9,0.485
1088,control,1,10,0.346
1089,control,0,11,0.44
1090,control,0,12,0.733
1091,control,0,13,0.711
1092,control,0,14,0.588
1093,control,0,1,0.418
1094,control,0,2,0.216
1095,control,0,3,0.297
1096,control,0,4,0.646
1097,control,0,5,0.426
1098,control,0,6,0.392
1099,control,0,7,0.529
1100,control,0,8,0.346
1101,control,0,9,0.415
1102,control,0,10,0.329
1103,control,0,11,0.268
1104,control,0,12,0.256
1105,control,0,13,0.689
1106,control,0,14,0.155
1107,control,0,1,0.311
1108,control,0,2,0.521
1109,control,0,3,0.363
1110,control,0,4,0.494
1111,control,0,5,0.673
1112,control,0,6,0.521
1113,control,0,7,0.131
1114,control,0,8,0.199
1115,control,0,9,0.295
1116,control,0,10,0.529
1117,control,0,11,0.734
1118,control,0,12,0.345
1119,control,0,13,0.459
1120,control,0,14,0.558
1121,control,0,1,0.19
1122,control,0,2,0.351
1123,control,0,3,0.304
1124,control,0,4,0.661
1125,control,0,5,0.517
1126,control,0,6,0.618
1127,control,0,7,0.126
1128,control,0,8,0.605
1129,control,0,9,0.515
1130,control,0,10,0.244
1131,control,0,11,0.324
1132,control,0,12,0.577
1133,control,0,13,0.298
1134,control,0,14,0.293
1135,control,0,1,0.545
1136,control,0,2,0.239
1137,control,0,3,0.19
1138,control,0,4,0.197
1139,control,0,5,0.276
1140,control,0,6,0.095
1141,control,0,7,0.381
1142,control,0,8,0.161
1143,control,0,9,0.399
1144,control,0,10,0.523
1145,control,0,11,0.329
1146,control,0,12,0.387
1147,control,0,13,0.619
1148,control,0,14,0.275
1149,control,0,1,0.624
1150,control,1,2,0.54
1151,control,0,3,0
1152,control,0,4,0.205
1153,control,0,5,0.608
1154,control,0,6,0.335
1155,control,0,7,0.504
1156,control,0,8,0.677
1157,control,0,9,0.364
1158,control,0,10,0.272
1159,control,0,11,0.275
1160,control,0,12,0.369
1161,control,0,13,0.506
1162,control,0,14,0.51
1163,control,0,1,0.415
1164,control,0,2,0.419
1165,control,0,3,0.466
1166,control,0,4,0.252
1167,control,0,5,0.877
1168,control,0,6,0.574
1169,control,0,7,0.401
1170,control,0,8,0.411
1171,control,1,9,0.654
1172,control,0,10,0.522
1173,control,0,11,0.405
1174,control,0,12,0.829
1175,control,0,13,0.149
1176,control,0,14,0.531
1177,control,0,1,0.417
1178,control,0,2,0.312
1179,control,0,3,0.233
1180,control,0,4,0.416
1181,control,0,5,0.375
1182,control,0,6,0.266
1183,control,0,7,0.151
1184,control,0,8,0.401
1185,control,0,9,0.43
1186,control,0,10,0.328
1187,control,1,11,0.255
1188,control,0,12,0.601
1189,control,0,13,0.065
1190,control,0,14,0.405
1191,control,0,1,0.515
1192,control,0,2,0.293
1193,control,0,3,0.437
1194,control,0,4,0.288
1195,control,0,5,0.455
1196,control,0,6,0.642
1197,control,0,7,0.512
1198,control,0,8,0.396
1199,control,0,9,0.363
1200,control,0,10,0.237
1201,control,0,11,0.637
1202,control,0,12,0.578
1203,control,0,13,0.402
1204,control,1,14,0.658
1205,control,0,1,0.382
1206,control,0,2,0.338
1207,control,1,3,0.162
1208,control,0,4,0.258
1209,control,0,5,0.391
1210,control,0,6,0.204
1211,control,0,7,0.325
1212,control,0,8,0.49
1213,control,0,9,0.405
1214,control,0,10,0.417
1215,control,0,11,0.343
1216,control,0,12,0.41
1217,control,0,13,0.411
1218,control,0,14,0.226
1219,control,0,1,0.346
1220,control,0,2,0.37
1221,control,0,3,0.405
1222,control,0,4,0.669
1223,control,0,5,0.364
1224,control,0,6,0.213
1225,control,1,7,0.34
1226,control,0,8,0.716
1227,control,0,9,0.74
1228,control,0,10,0.108
1229,control,0,11,0.536
1230,control,0,12,0.339
1231,control,0,13,0.374
1232,control,0,14,0
1233,control,0,1,0.212
1234,control,0,2,0.415
1235,control,0,3,0.33
1236,control,0,4,0.364
1237,control,0,5,0.29
1238,control,0,6,0.922
1239,control,0,7,0.188
1240,control,0,8,0.44
1241,control,0,9,0.716
1242,control,0,10,0.371
1243,control,0,11,0.691
1244,control,0,12,0.409
1245,control,0,13,0.431
1246,control,0,14,0.127
1247,control,0,1,0.41
1248,control,0,2,0.339
1249,control,0,3,0.708
1250,control,0,4,0.422
1251,control,0,5,0.49
1252,control,0,6,0.361
1253,control,0,7,0.501
1254,control,0,8,0.136
1255,control,0,9,0.619
1256,control,0,10,0.211
1257,control,0,11,0.733
1258,control,0,12,0.533
1259,control,0,13,0.717
1260,control,0,14,0.426
1261,control,0,1,0.267
1262,control,0,2,0.579
1263,control,0,3,0.69
1264,control,0,4,0.625
1265,control,0,5,0.472
1266,control,0,6,0.173
1267,control,0,7,0.763
1268,control,0,8,0.526
1269,control,0,9,0.305
1270,control,0,10,0.57
1271,control,0,11,0.532
1272,control,0,12,0.433
1273,control,0,13,0.241
1274,control,0,14,0.452
1275,control,0,1,0.559
1276,control,0,2,0.525
1277,control,0,3,0.396
1278,control,0,4,0.491
1279,control,0,5,0.692
1280,control,0,6,0.425
1281,control,0,7,0.306
1282,control,0,8,0.444
1283,control,0,9,0.597
1284,control,0,10,0.343
1285,control,0,11,0.516
1286,control,0,12,0.254
1287,control,0,13,0.929
1288,control,1,14,0.403
1289,control,0,1,0.326
1290,control,0,2,0.471
1291,control,0,3,0.575
1292,control,0,4,0.306
1293,control,0,5,0.4
1294,control,0,6,0.309
1295,control,0,7,0.656
1296,control,0,8,0.518
1297,control,1,9,0.33
1298,control,0,10,0.253
1299,control,0,11,0.353
1300,control,0,12,0.301
1301,control,0,13,0.002
1302,control,0,14,0.438
1303,control,0,1,0.406
1304,control,0,2,0.565
1305,control,0,3,0.099
1306,control,0,4,0.527
1307,control,0,5,0.609
1308,control,0,6,0.382
1309,control,0,7,0.643
1310,control,0,8,0.547
1311,control,0,9,0.59
1312,control,0,10,0.363
1313,control,0,11,0.192
1314,control,0,12,0.731
1315,control,0,13,0.345
1316,control,0,14,0.657
1317,control,0,1,0.449
1318,control,0,2,0.655
1319,control,0,3,0.352
1320,control,0,4,0.438
1321,control,0,5,0.622
1322,control,0,6,0.221
1323,control,0,7,0.04
1324,control,0,8,0.646
1325,control,0,9,0.764
1326,control,0,10,0.389
1327,control,0,11,0.348
1328,control,0,12,0.484
1329,control,0,13,0.413
1330,control,0,14,0.016
1331,control,0,1,0.37
1332,control,0,2,0.25
1333,control,0,3,0.576
1334,control,1,4,0.07
1335,control,0,5,0.176
1336,control,0,6,0.448
1337,control,0,7,0.488
1338,control,0,8,0.626
1339,control,0,9,0.427
1340,control,0,10,0.499
1341,control,0,11,0.439
1342,control,0,12,0.347
1343,control,0,13,0.391
1344,control,0,14,0.329
1345,control,0,1,0.455
1346,control,0,2,0.322
1347,control,0,3,0.699
1348,control,0,4,0.46
1349,control,0,5,0.549
1350,control,1,6,0.586
1351,control,1,7,0.552
1352,control,0,8,0.546
1353,control,0,9,0.746
1354,control,0,10,0.757
1355,control,0,11,0.668
1356,control,0,12,0.246
1357,control,0,13,0.346
1358,control,0,14,0.321
1359,control,0,1,0.392
1360,control,0,2,0.233
1361,control,0,3,0.44
1362,control,0,4,0.322
1363,control,0,5,0.264
1364,control,0,6,0.673
1365,control,0,7,0.127
1366,control,0,8,0.478
1367,control,1,9,0.157
1368,control,0,10,0.098
1369,control,0,11,0.391
1370,control,0,12,0.338
1371,control,0,13,0.475
1372,control,0,14,0.498
1373,control,0,1,0.602
1374,control,1,2,0.592
1375,control,0,3,0.538
1376,control,0,4,0.633
1377,control,0,5,0.563
1378,control,0,6,0.557
1379,control,0,7,0.533
1380,control,0,8,0.355
1381,control,0,9,0.254
1382,control,0,10,0.393
1383,control,0,11,0.26
1384,control,0,12,0.188
1385,control,0,13,0.327
1386,control,0,14,0.351
1387,control,0,1,0.448
1388,control,0,2,0.364
1389,control,1,3,0.82
1390,control,0,4,0.064
1391,control,0,5,0.615
1392,control,0,6,0.405
1393,control,0,7,0.352
1394,control,0,8,0.313
1395,control,0,9,0.334
1396,control,0,10,0.576
1397,control,0,11,0.411
1398,control,0,12,0.25
1399,control,0,13,0.234
1400,control,0,14,0.336
1401,control,0,1,0.331
1402,control,0,2,0.451
1403,control,0,3,0.345
1404,control,0,4,0.123
1405,control,0,5,0.471
1406,control,0,6,0.146
1407,control,0,7,0.428
1408,control,0,8,0.13
1409,control,0,9,0.294
1410,control,0,10,0.643
1411,control,0,11,0.33
1412,control,0,12,0.545
1413,control,0,13,0.562
1414,control,0,14,0.659
1415,control,0,1,0.354
1416,control,0,2,0.448
1417,control,0,3,0.466
1418,control,0,4,0.216
1419,control,0,5,0.544
1420,control,0,6,0.217
1421,control,0,7,0.323
1422,control,1,8,0.398
1423,control,0,9,0.349
1424,control,0,10,0.793
1425,control,0,11,0.608
1426,control,0,12,0.27
1427,control,0,13,0.584
1428,control,0,14,0.098
1429,control,0,1,0.445
1430,control,1,2,0.518
1431,control,0,3,0.316
1432,control,0,4,0.131
1433,control,0,5,0.149
1434,control,0,6,0.403
1435,control,1,7,0.623
1436,control,0,8,0.551
1437,control,0,9,0.539
1438,control,0,10,0.37
1439,control,0,11,0.272
1440,control,0,12,0.55
1441,control,0,13,0.403
1442,control,0,14,0.316
1443,control,0,1,0.652
1444,control,0,2,0.546
1445,control,0,3,0.301
1446,control,0,4,0.431
1447,control,0,5,0.392
1448,control,0,6,0.5
1449,control,1,7,0.738
1450,control,0,8,0.431
1451,control,0,9,0.352
1452,control,0,10,0.542
1453,control,0,11,0.682
1454,control,0,12,0.456
1455,control,0,13,0.43
1456,control,0,14,0.25
1457,control,0,1,0.54
1458,control,0,2,0.308
1459,control,0,3,0.394
1460,control,0,4,0.563
1461,control,0,5,0.742
1462,control,0,6,0.453
1463,control,0,7,0.633
1464,control,0,8,0.55
1465,control,0,9,0.444
1466,control,0,10,0.466
1467,control,0,11,0.357
1468,control,0,12,0.539
1469,control,0,13,0.353
1470,control,0,14,0.26
1471,control,0,1,0.103
1472,control,0,2,0.251
1473,control,0,3,0.599
1474,control,0,4,0.267
1475,control,0,5,0.383
1476,control,0,6,0.442
1477,control,0,7,0.567
1478,control,0,8,0.668
1479,control,0,9,0.522
1480,control,0,10,0.422
1481,control,0,11,0
1482,control,0,12,0.466
1483,control,0,13,0.431
1484,control,0,14,0.467
1485,control,0,1,0.188
1486,control,0,2,0.453
1487,control,0,3,0.375
1488,control,0,4,0.67
1489,control,0,5,0.494
1490,control,0,6,0.539
1491,control,0,7,0.466
1492,control,0,8,0.301
1493,control,0,9,0.296
1494,control,0,10,0.513
1495,control,0,11,0.321
1496,control,0,12,0.519
1497,control,0,13,0.112
1498,control,0,14,0.135
1499,control,0,1,0.533
1500,control,0,2,0.506
1501,control,0,3,0.464
1502,control,0,4,0.564
1503,control,0,5,0.519
1504,control,0,6,0.454
1505,control,0,7,0.812
1506,control,0,8,0.242
1507,control,0,9,0.706
1508,control,0,10,0.686
1509,control,0,11,0.599
1510,control,0,12,0.21
1511,control,0,13,0.175
1512,control,0,14,0.164
1513,control,0,1,0.562
1514,control,0,2,0.376
1515,control,0,3,0.284
1516,control,0,4,0.129
1517,control,0,5,0.677
1518,control,0,6,0.378
1519,control,0,7,0.423
1520,control,0,8,0.169
1521,control,0,9,0.337
1522,control,0,10,0.497
1523,control,0,11,0.109
1524,control,0,12,0.317
1525,control,0,13,0.545
1526,control,0,14,0.555
1527,control,0,1,0.288
1528,control,0,2,0.468
1529,control,0,3,0.114
1530,control,0,4,0.282
1531,control,0,5,0.453
1532,control,0,6,0.165
1533,control,0,7,0.484
1534,control,0,8,0.407
1535,control,0,9,0.342
1536,control,0,10,0.204
1537,control,0,11,0.22
1538,control,0,12,0.293
1539,control,0,13,0.216
1540,control,0,14,0.298
1541,control,1,1,0.482
1542,control,0,2,0.039
1543,control,0,3,0.521
1544,control,0,4,0.091
1545,control,0,5,0.277
1546,control,0,6,0.417
1547,control,0,7,0.414
1548,control,0,8,0.191
1549,control,0,9,0.539
1550,control,0,10,0.293
1551,control,1,11,0.586
1552,control,0,12,0.262
1553,control,0,13,0.723
1554,control,0,14,0.287
1555,control,0,1,0.691
1556,control,0,2,0.458
1557,control,0,3,0.298
1558,control,0,4,0.271
1559,control,0,5,0.463
1560,control,0,6,0.278
1561,control,0,7,0.176
1562,control,0,8,0.724
1563,control,0,9,0.416
1564,control,0,10,0.391
1565,control,0,11,0.198
1566,control,0,12,0.578
1567,control,0,13,0.274
1568,control,0,14,0.352
1569,control,0,1,0
1570,control,0,2,0.356
1571,control,0,3,0.27
1572,control,0,4,0.244
1573,control,0,5,0.393
1574,control,0,6,0.274
1575,control,0,7,0.66
1576,control,0,8,0.441
1577,control,0,9,0.586
1578,control,0,10,0.471
1579,control,0,11,0.645
1580,control,1,12,0.389
1581,control,0,13,0.605
1582,control,0,14,0.229
1583,control,0,1,0.625
1584,control,0,2,0.605
1585,control,0,3,0
1586,control,0,4,0.436
1587,control,0,5,0.569
1588,control,0,6,0.519
1589,control,0,7,0.32
1590,control,0,8,0.198
1591,control,1,9,0.396
1592,control,0,10,0.399
1593,control,0,11,0.483
1594,control,0,12,0.171
1595,control,0,13,0.453
1596,control,0,14,0.186
1597,control,0,1,0.507
1598,control,0,2,0.537
1599,control,0,3,0.214
1600,control,0,4,0.233
1601,control,0,5,0.429
1602,control,0,6,0.469
1603,control,0,7,0.212
1604,control,0,8,0.392
1605,control,0,9,0.309
1606,control,0,10,0.292
1607,control,0,11,0.325
1608,control,0,12,0.797
1609,control,0,13,0.277
1610,control,0,14,0.311
1611,control,0,1,0.528
1612,control,0,2,0.346
1613,control,0,3,0.774
1614,control,0,4,0.184
1615,control,0,5,0.24
1616,control,0,6,0.267
1617,control,0,7,0.444
1618,control,0,8,0.021
1619,control,1,9,0.572
1620,control,1,10,0.599
1621,control,0,11,0.657
1622,control,0,12,0.527
1623,control,0,13,0.535
1624,control,0,14,0.31
1625,control,0,1,0.495
1626,control,0,2,0.677
1627,control,0,3,0.773
1628,control,0,4,0.472
1629,control,0,5,0.363
1630,control,0,6,0.403
1631,control,0,7,0.473
1632,control,0,8,0.392
1633,control,0,9,0.546
1634,control,0,10,0.615
1635,control,0,11,0.595
1636,control,0,12,0.701
1637,control,0,13,0.551
1638,control,1,14,0.485
1639,control,0,1,0.567
1640,control,0,2,0.569
1641,control,0,3,0.225
1642,control,0,4,0.765
1643,control,0,5,0.206
1644,control,0,6,0.549
1645,control,0,7,0.486
1646,control,0,8,0.366
1647,control,0,9,0.468
1648,control,0,10,0.294
1649,control,0,11,0.256
1650,control,0,12,0.412
1651,control,0,13,0.501
1652,control,0,14,0.202
1653,control,0,1,0.553
1654,control,0,2,0.263
1655,control,0,3,0.202
1656,control,0,4,0.374
1657,control,0,5,0.338
1658,control,0,6,0.516
1659,control,0,7,0.59
1660,control,0,8,0.596
1661,control,0,9,0.312
1662,control,0,10,0.591
1663,control,0,11,0.054
1664,control,0,12,0.352
1665,control,0,13,0.446
1666,control,0,14,0.479
1667,control,0,1,0.725
1668,control,0,2,0.406
1669,control,0,3,0.458
1670,control,0,4,0.587
1671,control,0,5,0.332
1672,control,0,6,0.61
1673,control,0,7,0.179
1674,control,0,8,0.411
1675,control,0,9,0.125
1676,control,0,10,0.367
1677,control,0,11,0
1678,control,0,12,0.549
1679,control,0,13,0.558
1680,control,0,14,0.438
1681,control,0,1,0.417
1682,control,0,2,0.392
1683,control,0,3,0.787
1684,control,0,4,0.428
1685,control,0,5,0.45
1686,control,0,6,0.503
1687,control,0,7,0.394
1688,control,0,8,0.377
1689,control,0,9,0.304
1690,control,0,10,0.301
1691,control,0,11,0.638
1692,control,0,12,0.612
1693,control,0,13,0.2
1694,control,0,14,0.426
1695,control,0,1,0.651
1696,control,0,2,0.212
1697,control,0,3,0.822
1698,control,0,4,0.766
1699,control,0,5,0.501
1700,control,0,6,0.014
1701,control,0,7,0.346
1702,control,1,8,0.544
1703,control,0,9,0.482
1704,control,0,10,0.635
1705,control,0,11,0.335
1706,control,0,12,0.541
1707,control,0,13,0.517
1708,control,0,14,0.347
1709,control,0,1,0.542
1710,control,0,2,0.501
1711,control,0,3,0.441
1712,control,0,4,0.477
1713,control,0,5,0.498
1714,control,0,6,0.437
1715,control,0,7,0.187
1716,control,0,8,0.523
1717,control,0,9,0.251
1718,control,0,10,0.087
1719,control,0,11,0.477
1720,control,0,12,0.445
1721,control,0,13,0.227
1722,control,0,14,0.743
1723,control,0,1,0.531
1724,control,0,2,0.182
1725,control,0,3,0.372
1726,control,0,4,0.241
1727,control,0,5,0.564
1728,control,0,6,0.232
1729,control,0,7,0.565
1730,control,0,8,0.455
1731,control,0,9,0.471
1732,control,0,10,0.643
1733,control,0,11,0.468
1734,control,0,12,0.409
1735,control,0,13,0.702
1736,control,0,14,0.364
1737,control,0,1,0.424
1738,control,0,2,0.727
1739,control,0,3,0.06
1740,control,0,4,0.189
1741,control,0,5,0.221
1742,control,0,6,0.141
1743,control,0,7,0.436
1744,control,0,8,0.598
1745,control,0,9,0.251
1746,control,0,10,0.131
1747,control,0,11,0.444
1748,control,0,12,0.353
1749,control,0,13,0.304
1750,control,0,14,0.475
1751,control,0,1,0.534
1752,control,0,2,0.416
1753,control,0,3,0.522
1754,control,0,4,0.506
1755,control,0,5,0.81
1756,control,0,6,0.329
1757,control,1,7,0.477
1758,control,0,8,0.347
1759,control,0,9,0.486
1760,control,0,10,0.775
1761,control,0,11,0.314
1762,control,0,12,0.697
1763,control,0,13,0.384
1764,control,1,14,0.344
1765,control,0,1,0.366
1766,control,0,2,0.195
1767,control,0,3,0.182
1768,control,0,4,0.607
1769,control,0,5,0.581
1770,control,0,6,0.499
1771,control,0,7,0.315
1772,control,0,8,0.336
1773,control,0,9,0.144
1774,control,0,10,0.344
1775,control,0,11,0.384
1776,control,0,12,0.058
1777,control,0,13,0.427
1778,control,0,14,0.598
1779,control,0,1,0.407
1780,control,0,2,0.34
1781,control,0,3,0.457
1782,control,0,4,0.643
1783,control,0,5,0.282
1784,control,0,6,0.323
1785,control,0,7,0.448
1786,control,0,8,0.652
1787,control,0,9,0.667
1788,control,0,10,0.476
1789,control,0,11,0.341
1790,control,0,12,0.201
1791,control,0,13,0.342
1792,control,0,14,0.569
1793,control,0,1,0.068
1794,control,0,2,0.389
1795,control,0,3,0.552
1796,control,0,4,0.616
1797,control,0,5,0.148
1798,control,0,6,0.355
1799,control,0,7,0.732
1800,control,0,8,0.57
1801,control,0,9,0.446
1802,control,0,10,0.484
1803,control,0,11,0.314
1804,control,0,12,0.584
1805,control,0,13,0.427
1806,control,0,14,0.46
1807,control,0,1,0.593
1808,control,0,2,0.449
1809,control,0,3,0.36
1810,control,0,4,0.357
1811,control,0,5,0.4
1812,control,0,6,0.19
1813,control,0,7,0.576
1814,control,0,8,0.535
1815,control,0,9,0.635
1816,control,0,10,0
1817,control,0,11,0.525
1818,control,0,12,0.466
1819,control,0,13,0.484
1820,control,0,14,0.335
1821,control,0,1,0.458
1822,control,0,2,0.578
1823,control,0,3,0.283
1824,control,0,4,0.219
1825,control,0,5,0.262
1826,control,0,6,0.154
1827,control,0,7,0.047
1828,control,0,8,0.473
1829,control,0,9,0.381
1830,control,0,10,0.23
1831,control,0,11,0.412
1832,control,0,12,0.632
1833,control,0,13,0.362
1834,control,0,14,0.145
1835,control,0,1,0.311
1836,control,0,2,0.268
1837,control,0,3,0.084
1838,control,0,4,0.311
1839,control,0,5,0.411
1840,control,0,6,0.421
1841,control,0,7,0.595
1842,control,0,8,0.166
1843,control,0,9,0.573
1844,control,0,10,0.495
1845,control,0,11,0.643
1846,control,0,12,0.5
1847,control,0,13,0.458
1848,control,0,14,0.39
1849,control,0,1,0.673
1850,control,0,2,0.614
1851,control,0,3,0.467
1852,control,0,4,0.43
1853,control,0,5,0.495
1854,control,0,6,0.065
1855,control,0,7,0.148
1856,control,0,8,0.539
1857,control,0,9,0.505
1858,control,0,10,0.58
1859,control,0,11,0.084
1860,control,0,12,0.817
1861,control,0,13,0.066
1862,control,0,14,0.394
1863,control,0,1,0.492
1864,control,0,2,0.258
1865,control,0,3,0.111
1866,control,0,4,0.151
1867,control,0,5,0.623
1868,control,0,6,0.385
1869,control,0,7,0.557
1870,control,0,8,0.182
1871,control,0,9,0.356
1872,control,0,10,0.229
1873,control,0,11,0.399
1874,control,0,12,0.702
1875,control,0,13,0.234
1876,control,0,14,0.257
1877,control,0,1,0.571
1878,control,0,2,0.325
1879,control,0,3,0.24
1880,control,0,4,0.463
1881,control,0,5,0.46
1882,control,0,6,0.438
1883,control,0,7,0.286
1884,control,1,8,0.503
1885,control,0,9,0.274
1886,control,0,10,0.603
1887,control,0,11,0.198
1888,control,0,12,0.299
1889,control,0,13,0.491
1890,control,0,14,0.416
1891,control,0,1,0.301
1892,control,0,2,0.404
1893,control,1,3,0.189
1894,control,0,4,0.539
1895,control,0,5,0.092
1896,control,0,6,0.432
1897,control,0,7,0.204
1898,control,0,8,0.723
1899,control,0,9,0.638
1900,control,0,10,0.33
1901,control,0,11,0.285
1902,control,0,12,0.252
1903,control,0,13,0.569
1904,control,0,14,0.199
1905,control,0,1,0.162
1906,control,0,2,0.6
1907,control,0,3,0.221
1908,control,0,4,0.39
1909,control,0,5,0.452
1910,control,0,6,0.218
1911,control,0,7,0.44
1912,control,0,8,0.143
1913,control,0,9,0.45
1914,control,0,10,0.261
1915,control,0,11,0.543
1916,control,0,12,0.589
1917,control,0,13,0.562
1918,control,0,14,0.545
1919,control,0,1,0.091
1920,control,1,2,0.414
1921,control,0,3,0.468
1922,control,0,4,0.857
1923,control,0,5,0.448
1924,control,0,6,0.379
1925,control,0,7,0.186
1926,control,0,8,0.096
1927,control,0,9,0.363
1928,control,0,10,0.523
1929,control,0,11,0.391
1930,control,0,12,0.473
1931,control,0,13,0.326
1932,control,0,14,0.523
1933,control,0,1,0.486
1934,control,0,2,0.626
1935,control,0,3,0.603
1936,control,0,4,0.267
1937,control,0,5,0.3
1938,control,0,6,0.723
1939,control,1,7,0.236
1940,control,0,8,0.405
1941,control,0,9,0.397
1942,control,0,10,0.325
1943,control,0,11,0.346
1944,control,0,12,0.443
1945,control,1,13,0.17
1946,control,0,14,0.384
1947,control,0,1,0.47
1948,control,0,2,0.494
1949,control,0,3,0.501
1950,control,0,4,0.743
1951,control,0,5,0.417
1952,control,0,6,0.506
1953,control,0,7,0.296
1954,control,0,8,0.361
1955,control,0,9,0.066
1956,control,0,10,0.504
1957,control,0,11,0.161
1958,control,0,12,0.461
1959,control,0,13,0.501
1960,control,0,14,0.297
1961,control,0,1,0.532
1962,control,0,2,0.294
1963,control,0,3,0.526
1964,control,0,4,0.196
1965,control,0,5,0.417
1966,control,0,6,0.753
1967,control,0,7,0.705
1968,control,0,8,0.291
1969,control,0,9,0.483
1970,control,0,10,0.361
1971,control,0,11,0.447
1972,control,0,12,0.384
1973,control,1,13,0.676
1974,control,0,14,0.564
1975,control,0,1,0.427
1976,control,0,2,0.503
1977,control,0,3,0.575
1978,control,0,4,0.204
1979,control,0,5,0.257
1980,control,0,6,0.335
1981,control,0,7,0.464
1982,control,0,8,0.302
1983,control,0,9,0.483
1984,control,0,10,0.239
1985,control,0,11,0.555
1986,control,0,12,0.204
1987,control,0,13,0.543
1988,control,0,14,0.35
1989,control,0,1,0.042
1990,control,0,2,0.663
1991,control,0,3,0.58
1992,control,0,4,0.362
1993,control,0,5,0.48
1994,control,0,6,0.612
1995,control,0,7,0.641
1996,control,0,8,0.58
1997,control,0,9,0.426
1998,control,0,10,0.577
1999,control,0,11,0.123
2000,control,0,12,0.625
2001,control,0,13,0.533
2002,control,0,14,0.204
2003,control,0,1,0.518
2004,control,0,2,0.388
2005,control,0,3,0.179
2006,control,0,4,0.442
2007,control,0,5,0.47
2008,control,0,6,0.458
2009,control,1,7,0.159
2010,control,1,8,0.464
2011,control,0,9,0.236
2012,control,1,10,0.607
2013,control,0,11,0.454
2014,control,0,12,0.242
2015,control,0,13,0.426
2016,control,0,14,0.331
2017,control,0,1,0.479
2018,control,0,2,0.373
2019,control,0,3,0.591
2020,control,1,4,0.411
2021,control,0,5,0.417
2022,control,0,6,0.495
2023,control,1,7,0.255
2024,control,0,8,0.291
2025,control,0,9,0.084
2026,control,0,10,0.51
2027,control,0,11,0.55
2028,control,0,12,0.421
2029,control,0,13,0.469
2030,control,0,14,0.571
2031,control,0,1,0.431
2032,control,0,2,0.697
2033,control,0,3,0.362
2034,control,1,4,0.37
2035,control,0,5,0.246
2036,control,0,6,0.162
2037,control,0,7,0.4
2038,control,0,8,0.471
2039,control,0,9,0.624
2040,control,0,10,0.492
2041,control,0,11,0.124
2042,control,1,12,0.228
2043,control,0,13,0.14
2044,control,0,14,0.429
2045,control,0,1,0.287
2046,control,0,2,0.247
2047,control,0,3,0.492
2048,control,0,4,0.725
2049,control,0,5,0.37
2050,control,0,6,0.424
2051,control,0,7,0.215
2052,control,0,8,0.377
2053,control,0,9,0.326
2054,control,0,10,0.371
2055,control,0,11,0.722
2056,control,0,12,0.38
2057,control,0,13,0.284
2058,control,0,14,0.462
2059,control,0,1,0.201
2060,control,0,2,0.679
2061,control,0,3,0.239
2062,control,0,4,0.45
2063,control,0,5,0.318
2064,control,0,6,0.701
2065,control,0,7,0.289
2066,control,0,8,0.195
2067,control,0,9,0.364
2068,control,0,10,0.031
2069,control,0,11,0.297
2070,control,0,12,0.394
2071,control,0,13,0.397
2072,control,0,14,0.579
2073,control,0,1,0.394
2074,control,1,2,0.17
2075,control,0,3,0.379
2076,control,0,4,0.622
2077,control,0,5,0.368
2078,control,0,6,0.2
2079,control,0,7,0.562
2080,control,0,8,0.397
2081,control,0,9,0.784
2082,control,0,10,0.484
2083,control,0,11,0.558
2084,control,0,12,0.377
2085,control,0,13,0.836
2086,control,0,14,0.46
2087,control,0,1,0.279
2088,control,0,2,0.095
2089,control,0,3,0.317
2090,control,0,4,0.505
2091,control,0,5,0.245
2092,control,0,6,0.343
2093,control,0,7,0.275
2094,control,0,8,0.393
2095,control,0,9,0.454
2096,control,0,10,0.442
2097,control,0,11,0.193
2098,control,0,12,0.38
2099,control,0,13,0.462
2100,control,0,14,0.711
2101,control,0,1,0.494
2102,control,0,2,0.267
2103,control,0,3,0.626
2104,control,0,4,0.678
2105,control,0,5,0.223
2106,control,0,6,0.444
2107,control,0,7,0.45
2108,control,0,8,0.286
2109,control,0,9,0.211
2110,control,0,10,0.336
2111,control,0,11,0.441
2112,control,0,12,0.413
2113,control,0,13,0.534
2114,control,0,14,0.323
2115,control,0,1,0.556
2116,control,0,2,0.517
2117,control,0,3,0.564
2118,control,0,4,0.285
2119,control,0,5,0.754
2120,control,0,6,0.717
2121,control,0,7,0.539
2122,control,0,8,0.582
2123,control,0,9,0.371
2124,control,0,10,0.515
2125,control,0,11,0.246
2126,control,0,12,0.84
2127,control,0,13,0.44
2128,control,0,14,0.264
2129,control,0,1,0.475
2130,control,0,2,0.499
2131,control,0,3,0.172
2132,control,0,4,0.289
2133,control,0,5,0.246
2134,control,0,6,0.261
2135,control,0,7,0.624
2136,control,0,8,0.337
2137,control,0,9,0.776
2138,control,0,10,0.159
2139,control,0,11,0.233
2140,control,0,12,0.531
2141,control,0,13,0.396
2142,control,0,14,0.105
2143,control,0,1,0.78
2144,control,0,2,0.082
2145,control,0,3,0.34
2146,control,0,4,0.286
2147,control,0,5,0.372
2148,control,0,6,0.191
2149,control,0,7,0.394
2150,control,0,8,0.424
2151,control,0,9,0.583
2152,control,0,10,0.623
2153,control,0,11,0.838
2154,control,0,12,0.321
2155,control,0,13,0.663
2156,control,0,14,0.511
2157,control,0,1,0.285
2158,control,0,2,0.52
2159,control,0,3,0.266
2160,control,0,4,0.696
2161,control,0,5,0.557
2162,control,0,6,0.525
2163,control,0,7,0.336
2164,control,0,8,0.721
2165,control,0,9,0.414
2166,control,0,10,0.38
2167,control,0,11,0.746
2168,control,0,12,0.534
2169,control,0,13,0.221
2170,control,0,14,0.608
2171,control,0,1,0.332
2172,control,0,2,0.448
2173,control,0,3,0.466
2174,control,0,4,0.367
2175,control,0,5,0.495
2176,control,0,6,0.286
2177,control,0,7,0.486
2178,control,0,8,0.368
2179,control,0,9,0.255
2180,control,0,10,0.257
2181,control,0,11,0.21
2182,control,0,12,0.15
2183,control,0,13,0.787
2184,control,0,14,0.617
2185,control,0,1,0.689
2186,control,0,2,0.734
2187,control,0,3,0.317
2188,control,0,4,0.427
2189,control,0,5,0.284
2190,control,0,6,0.276
2191,control,0,7,0.573
2192,control,0,8,0.844
2193,control,0,9,0.091
2194,control,0,10,0.375
2195,control,0,11,0.551
2196,control,0,12,0.772
2197,control,0,13,0.238
2198,control,0,14,0.151
2199,control,0,1,0.703
2200,control,0,2,0.167
2201,control,0,3,0.394
2202,control,0,4,0.551
2203,control,0,5,0.374
2204,control,0,6,0.166
2205,control,0,7,0.345
2206,control,0,8,0.286
2207,control,0,9,0.489
2208,control,0,10,0.22
2209,control,0,11,0.607
2210,control,0,12,0.333
2211,control,0,13,0.405
2212,control,0,14,0.441
2213,control,0,1,0.735
2214,control,0,2,0.608
2215,control,0,3,0.483
2216,control,0,4,0.643
2217,control,0,5,0.516
2218,control,0,6,0.473
2219,control,0,7,0.412
2220,control,0,8,0.519
2221,control,0,9,0.358
2222,control,0,10,0.396
2223,control,0,11,0.354
2224,control,0,12,0.645
2225,control,0,13,0.375
2226,control,0,14,0.521
2227,control,0,1,0.478
2228,control,0,2,0.415
2229,control,0,3,0.124
2230,control,0,4,0.288
2231,control,0,5,0.439
2232,control,0,6,0.483
2233,control,0,7,0.677
2234,control,0,8,0.462
2235,control,0,9,0.557
2236,control,0,10,0.471
2237,control,0,11,0.445
2238,control,0,12,0.241
2239,control,0,13,0.593
2240,control,0,14,0.101
2241,control,1,1,0.483
2242,control,0,2,0.28
2243,control,1,3,0.778
2244,control,1,4,0.669
2245,control,0,5,0.403
2246,control,0,6,0.469
2247,control,0,7,0.353
2248,control,0,8,0.488
2249,control,1,9,0.546
2250,control,0,10,0.421
2251,control,0,11,0.248
2252,control,0,12,0.348
2253,control,0,13,0.504
2254,control,0,14,0.308
2255,control,0,1,0.422
2256,control,0,2,0.439
2257,control,0,3,0.679
2258,control,0,4,0.454
2259,control,0,5,0.207
2260,control,0,6,0
2261,control,0,7,0.421
2262,control,0,8,0.216
2263,control,0,9,0.302
2264,control,0,10,0.404
2265,control,0,11,0.52
2266,control,1,12,0.619
2267,control,0,13,0.631
2268,control,0,14,0.241
2269,control,0,1,0.41
2270,control,0,2,0.393
2271,control,0,3,0.493
2272,control,0,4,0.207
2273,control,0,5,0.109
2274,control,0,6,0.411
2275,control,0,7,0.726
2276,control,0,8,0.743
2277,control,0,9,0.707
2278,control,0,10,0.329
2279,control,0,11,0.042
2280,control,0,12,0.143
2281,control,0,13,0.255
2282,control,0,14,0.675
2283,control,0,1,0.248
2284,control,1,2,0.415
2285,control,0,3,0.47
2286,control,0,4,0.443
2287,control,0,5,0.643
2288,control,0,6,0.482
2289,control,0,7,0.296
2290,control,0,8,0.348
2291,control,0,9,0.321
2292,control,0,10,0.432
2293,control,0,11,0.386
2294,control,0,12,0.531
2295,control,0,13,0.702
2296,control,0,14,0.173
2297,control,0,1,0.642
2298,control,0,2,0.704
2299,control,0,3,0.265
2300,control,0,4,0.675
2301,control,0,5,0.279
2302,control,0,6,0.269
2303,control,0,7,0.451
2304,control,0,8,0.696
2305,control,0,9,0.374
2306,control,0,10,0.306
2307,control,0,11,0.448
2308,control,0,12,0.295
2309,control,0,13,0.199
2310,control,0,14,0.682
2311,control,0,1,0.374
2312,control,0,2,0.193
2313,control,0,3,0.216
2314,control,0,4,0.479
2315,control,0,5,0.599
2316,control,0,6,0.431
2317,control,0,7,0.485
2318,control,0,8,0.458
2319,control,0,9,0.31
2320,control,0,10,0.371
2321,control,0,11,0.32
2322,control,0,12,0.648
2323,control,0,13,0.234
2324,control,0,14,0.565
2325,control,0,1,0.352
2326,control,0,2,0.197
2327,control,0,3,0.788
2328,control,0,4,0.377
2329,control,0,5,0.644
2330,control,0,6,0.183
2331,control,0,7,0.397
2332,control,0,8,0.646
2333,control,0,9,0.326
2334,control,0,10,0.53
2335,control,0,11,0.391
2336,control,1,12,0.643
2337,control,0,13,0.207
2338,control,0,14,0.325
2339,control,0,1,0.559
2340,control,0,2,0.199
2341,control,0,3,0.516
2342,control,0,4,0.768
2343,control,0,5,0.503
2344,control,0,6,0.655
2345,control,0,7,0.721
2346,control,0,8,0.65
2347,control,0,9,0.398
2348,control,0,10,0.306
2349,control,0,11,0.251
2350,control,0,12,0.315
2351,control,0,13,0.407
2352,control,0,14,0.502
2353,control,0,1,0.372
2354,control,0,2,0.429
2355,control,0,3,0.198
2356,control,0,4,0.631
2357,control,0,5,0.216
2358,control,0,6,0.267
2359,control,0,7,0.261
2360,control,0,8,0.379
2361,control,0,9,0.255
2362,control,0,10,0.638
2363,control,0,11,0.608
2364,control,0,12,0.255
2365,control,0,13,0.258
2366,control,0,14,0.397
2367,control,0,1,0.426
2368,control,0,2,0.668
2369,control,0,3,0.38
2370,control,0,4,0.381
2371,control,0,5,0.647
2372,control,0,6,0.464
2373,control,0,7,0.513
2374,control,0,8,0.481
2375,control,0,9,0.478
2376,control,0,10,0.555
2377,control,0,11,0.105
2378,control,0,12,0.485
2379,control,0,13,0.417
2380,control,0,14,0.298
2381,control,0,1,0.539
2382,control,0,2,0.639
2383,control,0,3,0.324
2384,control,0,4,0.809
2385,control,0,5,0.639
2386,control,0,6,0.532
2387,control,0,7,0.512
2388,control,0,8,0.284
2389,control,0,9,0.43
2390,control,0,10,0.494
2391,control,0,11,0.583
2392,control,0,12,0.453
2393,control,0,13,0.214
2394,control,0,14,0.375
2395,control,0,1,0.152
2396,control,0,2,0.377
2397,control,0,3,0.569
2398,control,0,4,0.551
2399,control,0,5,0.716
2400,control,0,6,0.242
2401,control,0,7,0.169
2402,control,1,8,0.439
2403,control,0,9,0.614
2404,control,0,10,0.671
2405,control,0,11,0.272
2406,control,0,12,0.328
2407,control,0,13,0.454
2408,control,0,14,0.257
2409,control,0,1,0.353
2410,control,0,2,0.182
2411,control,0,3,0.401
2412,control,0,4,0.499
2413,control,0,5,0.408
2414,control,0,6,0.733
2415,control,0,7,0.186
2416,control,0,8,0.716
2417,control,0,9,0.385
2418,control,0,10,0.395
2419,control,0,11,0.427
2420,control,0,12,0.294
2421,control,0,13,0.108
2422,control,0,14,0.459
2423,control,0,1,0.732
2424,control,0,2,0.447
2425,control,0,3,0.8
2426,control,0,4,0.692
2427,control,0,5,0.022
2428,control,0,6,0.388
2429,control,0,7,0.394
2430,control,0,8,0
2431,control,0,9,0.292
2432,control,0,10,0.53
2433,control,0,11,0.313
2434,control,0,12,0.364
2435,control,0,13,0.372
2436,control,0,14,0.522
2437,control,0,1,0.098
2438,control,0,2,0.737
2439,control,0,3,0.429
2440,control,0,4,0.451
2441,control,0,5,0.132
2442,control,0,6,0.355
2443,control,0,7,0.31
2444,control,0,8,0.376
2445,control,0,9,0.424
2446,control,0,10,0.347
2447,control,0,11,0.44
2448,control,0,12,0.325
2449,control,0,13,0.464
2450,control,0,14,0.538
2451,control,0,1,0.613
2452,control,0,2,0.57
2453,control,0,3,0.236
2454,control,0,4,0.574
2455,control,0,5,0.421
2456,control,0,6,0.49
2457,control,0,7,0.479
2458,control,0,8,0.498
2459,control,0,9,0.506
2460,control,0,10,0.409
2461,control,0,11,0.035
2462,control,0,12,0.424
2463,control,0,13,0.622
2464,control,0,14,0.216
2465,control,0,1,0.077
2466,control,0,2,0.606
2467,control,0,3,0.495
2468,control,0,4,0.255
2469,control,0,5,0.641
2470,control,0,6,0.722
2471,control,0,7,0.508
2472,control,0,8,0.333
2473,control,0,9,0.161
2474,control,0,10,0.181
2475,control,0,11,0.676
2476,control,0,12,0.316
2477,control,1,13,0.353
2478,control,0,14,0.422
2479,control,0,1,0.482
2480,control,0,2,0.327
2481,control,0,3,0.297
2482,control,0,4,0.566
2483,control,0,5,0.768
2484,control,0,6,0.635
2485,control,0,7,0.155
2486,control,0,8,0.543
2487,control,0,9,0.388
2488,control,0,10,0
2489,control,0,11,0.395
2490,control,0,12,0.294
2491,control,0,13,0.583
2492,control,0,14,0.214
2493,control,0,1,0.036
2494,control,0,2,0.439
2495,control,0,3,0.485
2496,control,0,4,0.334
2497,control,0,5,0.157
2498,control,0,6,0.528
2499,control,0,7,0.122
2500,control,0,8,0.33
2501,control,1,9,0
2502,control,0,10,0.591
2503,control,0,11,0.036
2504,control,0,12,0.463
2505,control,0,13,0.46
2506,control,0,14,0.28
2507,control,0,1,0.248
2508,control,0,2,0.177
2509,control,0,3,0.402
2510,control,0,4,0.623
2511,control,0,5,0.631
2512,control,0,6,0.641
2513,control,0,7,0.376
2514,control,0,8,0.639
2515,control,0,9,0.412
2516,control,0,10,0
2517,control,0,11,0.282
2518,control,0,12,0.365
2519,control,0,13,0.356
2520,control,0,14,0.619
2521,control,1,1,0.149
2522,control,0,2,0.55
2523,control,0,3,0.228
2524,control,0,4,0.606
2525,control,0,5,0.39
2526,control,0,6,0.425
2527,control,0,7,0.45
2528,control,0,8,0.077
2529,control,0,9,0.495
2530,control,0,10,0.553
2531,control,0,11,0.519
2532,control,0,12,0.441
2533,control,0,13,0.552
2534,control,0,14,0.203
2535,control,0,1,0.794
2536,control,0,2,0.299
2537,control,0,3,0.376
2538,control,0,4,0.639
2539,control,0,5,0.433
2540,control,0,6,0.338
2541,control,0,7,0.357
2542,control,0,8,0.55
2543,control,0,9,0.324
2544,control,0,10,0.235
2545,control,0,11,0.482
2546,control,1,12,0.421
2547,control,0,13,0.422
2548,control,0,14,0.434
2549,control,0,1,0.431
2550,control,0,2,0.459
2551,control,0,3,0.554
2552,control,0,4,0.426
2553,control,0,5,0.31
2554,control,0,6,0.414
2555,control,0,7,0.362
2556,control,0,8,0.048
2557,control,0,9,0.902
2558,control,1,10,0.459
2559,control,0,11,0.363
2560,control,0,12,0.48
2561,control,0,13,0.26
2562,control,0,14,0.552
2563,control,0,1,0.154
2564,control,0,2,0.425
2565,control,0,3,0.365
2566,control,0,4,0.385
2567,control,0,5,0.389
2568,control,0,6,0.781
2569,control,1,7,0.423
2570,control,0,8,0.695
2571,control,0,9,0.414
2572,control,0,10,0.641
2573,control,0,11,0.603
2574,control,0,12,0.092
2575,control,0,13,0.303
2576,control,0,14,0.495
2577,control,0,1,0.431
2578,control,0,2,0.622
2579,control,0,3,0.591
2580,control,0,4,0.595
2581,control,0,5,0.343
2582,control,0,6,0.499
2583,control,0,7,0.447
2584,control,0,8,0.638
2585,control,0,9,0.287
2586,control,0,10,0.075
2587,control,1,11,0.29
2588,control,0,12,0.362
2589,control,0,13,0.654
2590,control,0,14,0.333
2591,control,0,1,0.499
2592,control,0,2,0.378
2593,control,0,3,0.765
2594,control,0,4,0.572
2595,control,0,5,0.497
2596,control,0,6,0.123
2597,control,0,7,0.511
2598,control,0,8,0.653
2599,control,0,9,0.403
2600,control,0,10,0.408
2601,control,0,11,0.55
2602,control,0,12,0.346
2603,control,0,13,0.952
2604,control,0,14,0.321
2605,control,0,1,0.425
2606,control,0,2,0.263
2607,control,0,3,0.234
2608,control,0,4,0.561
2609,control,0,5,0.074
2610,control,0,6,0.506
2611,control,0,7,0
2612,control,0,8,0.264
2613,control,0,9,0.323
2614,control,0,10,0.383
2615,control,0,11,0.008
2616,control,0,12,0.498
2617,control,0,13,0.493
2618,control,0,14,0.726
2619,control,0,1,0.635
2620,control,0,2,0.331
2621,control,0,3,0.276
2622,control,0,4,0.594
2623,control,0,5,0.323
2624,control,0,6,0.415
2625,control,0,7,0.001
2626,control,0,8,0.45
2627,control,0,9,0.465
2628,control,0,10,0.145
2629,control,0,11,0.468
2630,control,0,12,0.363
2631,control,0,13,0.387
2632,control,0,14,0.329
2633,control,0,1,0.014
2634,control,0,2,0.49
2635,control,0,3,0.308
2636,control,0,4,0.437
2637,control,0,5,0.5
2638,control,0,6,0.342
2639,control,0,7,0.188
2640,control,0,8,0.629
2641,control,0,9,0.163
2642,control,0,10,0.135
2643,control,0,11,0.331
2644,control,0,12,0.702
2645,control,0,13,0.504
2646,control,0,14,0.24
2647,control,0,1,0.462
2648,control,0,2,0.559
2649,control,0,3,0.457
2650,control,0,4,0.439
2651,control,0,5,0.62
2652,control,0,6,0.328
2653,control,0,7,0.52
2654,control,0,8,0.304
2655,control,0,9,0.494
2656,control,0,10,0.475
2657,control,0,11,0.139
2658,control,0,12,0.516
2659,control,0,13,0.349
2660,control,0,14,0.252
2661,control,0,1,0.622
2662,control,0,2,0.359
2663,control,0,3,0.131
2664,control,1,4,0.356
2665,control,0,5,0.7
2666,control,0,6,0.339
2667,control,0,7,0.481
2668,control,0,8,0.287
2669,control,0,9,0.298
2670,control,0,10,0.236
2671,control,0,11,0.462
2672,control,0,12,0.632
2673,control,0,13,0.344
2674,control,0,14,0.492
2675,control,1,1,0.618
2676,control,0,2,0.363
2677,control,0,3,0.289
2678,control,0,4,0.661
2679,control,0,5,0.345
2680,control,0,6,0.35
2681,control,0,7,0.419
2682,control,1,8,0.45
2683,control,0,9,0.281
2684,control,0,10,0.42
2685,control,0,11,0.454
2686,control,0,12,0.662
2687,control,0,13,0.325
2688,control,0,14,0.236
2689,control,0,1,0.414
2690,control,0,2,0.164
2691,control,0,3,0.393
2692,control,0,4,0.67
2693,control,0,5,0.36
2694,control,0,6,0.439
2695,control,0,7,0.432
2696,control,1,8,0.609
2697,control,0,9,0.618
2698,control,0,10,0.595
2699,control,0,11,0.293
2700,control,0,12,0.401
2701,control,0,13,0.236
2702,control,0,14,0.42
2703,control,0,1,0.423
2704,control,0,2,0.52
2705,control,0,3,0.665
2706,control,0,4,0.422
2707,control,0,5,0.28
2708,control,0,6,0.371
2709,control,0,7,0.728
2710,control,0,8,0.73
2711,control,0,9,0.49
2712,control,0,10,0.592
2713,control,0,11,0.263
2714,control,0,12,0.651
2715,control,0,13,0.444
2716,control,0,14,0.552
2717,control,0,1,0.391
2718,control,0,2,0.241
2719,control,0,3,0.717
2720,control,0,4,0.961
2721,control,0,5,0.32
2722,control,0,6,0.496
2723,control,0,7,0.673
2724,control,0,8,0.634
2725,control,1,9,0.663
2726,control,0,10,0.145
2727,control,0,11,0.465
2728,control,0,12,0.604
2729,control,0,13,0.374
2730,control,0,14,0.817
2731,control,0,1,0.538
2732,control,0,2,0.598
2733,control,0,3,0.413
2734,control,0,4,0.503
2735,control,0,5,0.636
2736,control,0,6,0.222
2737,control,0,7,0.493
2738,control,1,8,0.491
2739,control,0,9,0.422
2740,control,0,10,0.473
2741,control,0,11,0.671
2742,control,0,12,0.662
2743,control,0,13,0.251
2744,control,0,14,0.371
2745,control,0,1,0.335
2746,control,0,2,0.209
2747,control,0,3,0.325
2748,control,0,4,0.266
2749,control,0,5,0.698
2750,control,0,6,0.452
2751,control,0,7,0.484
2752,control,0,8,0.54
2753,control,0,9,0.389
2754,control,0,10,0.292
2755,control,0,11,0.445
2756,control,0,12,0.433
2757,control,0,13,0.242
2758,control,0,14,0.516
2759,control,0,1,0.55
2760,control,0,2,0.324
2761,control,0,3,0.367
2762,control,0,4,0.499
2763,control,0,5,0.399
2764,control,0,6,0.11
2765,control,0,7,0.214
2766,control,0,8,0.453
2767,control,0,9,0.351
2768,control,0,10,0.365
2769,control,0,11,0.382
2770,control,0,12,0.526
2771,control,0,13,0.683
2772,control,0,14,0.455
2773,control,0,1,0.259
2774,control,0,2,0.42
2775,control,0,3,0.283
2776,control,0,4,0.47
2777,control,0,5,0.339
2778,control,0,6,0.591
2779,control,1,7,0.401
2780,control,0,8,0.547
2781,control,0,9,0.579
2782,control,0,10,0.524
2783,control,0,11,0.551
2784,control,0,12,0.51
2785,control,0,13,0.428
2786,control,0,14,0.333
2787,control,0,1,0.578
2788,control,0,2,0.214
2789,control,0,3,0.324
2790,control,0,4,0.589
2791,control,0,5,0.379
2792,control,0,6,0.419
2793,control,0,7,0.262
2794,control,0,8,0.342
2795,control,0,9,0.336
2796,control,0,10,0.411
2797,control,1,11,0.256
2798,control,0,12,0.363
2799,control,0,13,0.499
2800,control,0,14,0.772
2801,control,0,1,0.196
2802,control,0,2,0.481
2803,control,0,3,0.254
2804,control,0,4,0.397
2805,control,0,5,0.474
2806,control,0,6,0.393
2807,control,0,7,0.495
2808,control,0,8,0.837
2809,control,0,9,0.5
2810,control,0,10,0.39
2811,control,0,11,0
2812,control,0,12,0.488
2813,control,0,13,0.312
2814,control,0,14,0.514
2815,control,0,1,0.244
2816,control,0,2,0.757
2817,control,1,3,0.466
2818,control,0,4,0.496
2819,control,0,5,0.182
2820,control,0,6,0.034
2821,control,0,7,0.357
2822,control,0,8,0.125
2823,control,0,9,0.222
2824,control,0,10,0.4
2825,control,0,11,0.269
2826,control,0,12,0.58
2827,control,0,13,0.234
2828,control,0,14,0.128
2829,control,0,1,0.465
2830,control,0,2,0.349
2831,control,0,3,0.699
2832,control,0,4,0.44
2833,control,1,5,0.652
2834,control,0,6,0.066
2835,control,0,7,0.208
2836,control,0,8,0.164
2837,control,0,9,0.517
2838,control,0,10,0.697
2839,control,0,11,0.342
2840,control,0,12,0.356
2841,control,0,13,0.482
2842,control,0,14,0.476
2843,control,0,1,0.398
2844,control,0,2,0.39
2845,control,0,3,0.506
2846,control,0,4,0.562
2847,control,0,5,0.423
2848,control,0,6,0.249
2849,control,0,7,0.553
2850,control,0,8,0.333
2851,control,0,9,0.31
2852,control,0,10,0.515
2853,control,0,11,0.288
2854,control,0,12,0.362
2855,control,0,13,0.614
2856,control,0,14,0.53
2857,control,0,1,0.675
2858,control,0,2,0.31
2859,control,0,3,0.387
2860,control,0,4,0.332
2861,control,0,5,0.637
2862,control,0,6,0.57
2863,control,0,7,0.512
2864,control,0,8,0.506
2865,control,0,9,0.444
2866,control,0,10,0.524
2867,control,0,11,0.366
2868,control,0,12,0.255
2869,control,0,13,0.536
2870,control,0,14,0.422
2871,control,0,1,0.243
2872,control,0,2,0.298
2873,control,0,3,0.41
2874,control,0,4,0.282
2875,control,0,5,0.346
2876,control,0,6,0.493
2877,control,0,7,0.419
2878,control,0,8,0.348
2879,control,0,9,0.673
2880,control,0,10,0.355
2881,control,0,11,0.814
2882,control,0,12,0.302
2883,control,0,13,0.469
2884,control,0,14,0.368
2885,control,1,1,0.529
2886,control,0,2,0.581
2887,control,0,3,0.58
2888,control,0,4,0.373
2889,control,0,5,0.425
2890,control,0,6,0.245
2891,control,0,7,0.351
2892,control,0,8,0.639
2893,control,0,9,0.259
2894,control,0,10,0.439
2895,control,0,11,0.597
2896,control,0,12,0.679
2897,control,0,13,0.259
2898,control,0,14,0.521
2899,control,0,1,0.78
2900,control,0,2,0.303
2901,control,0,3,0.473
2902,control,0,4,0.704
2903,control,0,5,0.545
2904,control,0,6,0.295
2905,control,0,7,0.421
2906,control,0,8,0.626
2907,control,0,9,0.675
2908,control,0,10,0.509
2909,control,0,11,0.109
2910,control,0,12,0.722
2911,control,0,13,0.241
2912,control,0,14,0.26
2913,control,0,1,0.665
2914,control,0,2,0.067
2915,control,0,3,0.314
2916,control,0,4,0.486
2917,control,0,5,0.187
2918,control,0,6,0.56
2919,control,0,7,0.263
2920,control,0,8,0.551
2921,control,0,9,0.378
2922,control,0,10,0.335
2923,control,0,11,0.756
2924,control,0,12,0.421
2925,control,0,13,0.646
2926,control,0,14,0.556
2927,control,0,1,0.134
2928,control,0,2,0.398
2929,control,0,3,0.162
2930,control,0,4,0.672
2931,control,0,5,0.603
2932,control,0,6,0.222
2933,control,0,7,0
2934,control,0,8,0.377
2935,control,0,9,0.483
2936,control,0,10,0.181
2937,control,0,11,0.231
2938,control,0,12,0.461
2939,control,1,13,0.445
2940,control,0,14,0.17
2941,control,0,1,0.541
2942,control,0,2,0.521
2943,control,0,3,0.539
2944,control,0,4,0.489
2945,control,0,5,0.636
2946,control,0,6,0.221
2947,control,0,7,0.126
2948,control,0,8,0.444
2949,control,0,9,0.584
2950,control,0,10,0.438
2951,control,0,11,0.41
2952,control,0,12,0.325
2953,control,0,13,0.423
2954,control,0,14,0.434
2955,control,0,1,0.299
2956,control,0,2,0.493
2957,control,0,3,0.433
2958,control,0,4,0.377
2959,control,0,5,0.62
2960,control,0,6,0.724
2961,control,0,7,0.348
2962,control,0,8,0.598
2963,control,0,9,0.817
2964,control,0,10,0.245
2965,control,0,11,0.425
2966,control,0,12,0.599
2967,control,0,13,0.3
2968,control,0,14,0.262
2969,control,0,1,0.342
2970,control,0,2,0.321
2971,control,0,3,0.119
2972,control,0,4,0.357
2973,control,0,5,0.565
2974,control,0,6,0.074
2975,control,0,7,0.432
2976,control,0,8,0.317
2977,control,0,9,0.488
2978,control,0,10,0.412
2979,control,0,11,0.5
2980,control,0,12,0.524
2981,control,0,13,0.098
2982,control,0,14,0.056
2983,control,0,1,0.639
2984,control,0,2,0
2985,control,0,3,0.574
2986,control,0,4,0.738
2987,control,0,5,0.675
2988,control,0,6,0.245
2989,control,0,7,0.459
2990,control,1,8,0.355
2991,control,0,9,0.639
2992,control,0,10,0.445
2993,control,0,11,0.447
2994,control,0,12,0.43
2995,control,0,13,0.515
2996,control,0,14,0.395
2997,control,0,1,0.449
2998,control,0,2,0.356
2999,control,0,3,0.56
3000,control,0,4,0.19
3001,control,0,5,0.377
3002,control,0,6,0.398
3003,control,0,7,0.434
3004,control,0,8,0.18
3005,control,0,9,0.349
3006,control,0,10,0.36
3007,control,0,11,0.317
3008,control,0,12,0.297
3009,control,0,13,0.205
3010,control,0,14,0.518
3011,control,0,1,0.164
3012,control,0,2,0.362
3013,control,0,3,0.081
3014,control,0,4,0.274
3015,control,0,5,0.228
3016,control,0,6,0.515
3017,control,0,7,0.409
3018,control,0,8,0.658
3019,control,0,9,0.66
3020,control,0,10,0.074
3021,control,0,11,0.491
3022,control,0,12,0.23
3023,control,0,13,0.699
3024,control,0,14,0.294
3025,control,0,1,0.365
3026,control,0,2,0.297
3027,control,0,3,0.421
3028,control,0,4,0.124
3029,control,0,5,0.556
3030,control,0,6,0.372
3031,control,0,7,0.24
3032,control,0,8,0.151
3033,control,0,9,0.56
3034,control,0,10,0.234
3035,control,0,11,0.579
3036,control,0,12,0.779
3037,control,0,13,0.346
3038,control,1,14,0.267
3039,control,0,1,0.52
3040,control,0,2,0.365
3041,control,0,3,0.161
3042,control,0,4,0.369
3043,control,0,5,0.087
3044,control,0,6,0.517
3045,control,0,7,0.645
3046,control,0,8,0.541
3047,control,0,9,0.512
3048,control,0,10,0.299
3049,control,0,11,0.385
3050,control,0,12,0.368
3051,control,0,13,0.306
3052,control,0,14,0.187
3053,control,1,1,0.47
3054,control,0,2,0.323
3055,control,0,3,0.506
3056,control,0,4,0.34
3057,control,0,5,0.312
3058,control,0,6,0.65
3059,control,0,7,0.217
3060,control,0,8,0.376
3061,control,0,9,0.647
3062,control,0,10,0.351
3063,control,0,11,0.376
3064,control,0,12,0.346
3065,control,0,13,0.261
3066,control,0,14,0.575
3067,control,0,1,0.617
3068,control,0,2,0.539
3069,control,0,3,0.567
3070,control,0,4,0.428
3071,control,1,5,0.746
3072,control,0,6,0.444
3073,control,0,7,0.306
3074,control,0,8,0.317
3075,control,0,9,0.407
3076,control,0,10,0.395
3077,control,0,11,0.244
3078,control,0,12,0.309
3079,control,1,13,0.482
3080,control,0,14,0.199
3081,control,0,1,0.346
3082,control,0,2,0.284
3083,control,0,3,0.273
3084,control,0,4,0.453
3085,control,0,5,0.401
3086,control,0,6,0.334
3087,control,0,7,0.226
3088,control,0,8,0.441
3089,control,0,9,0.395
3090,control,0,10,0.176
3091,control,0,11,0.25
3092,control,0,12,0.629
3093,control,0,13,0.583
3094,control,0,14,0.206
3095,control,0,1,0.595
3096,control,0,2,0.458
3097,control,0,3,0.539
3098,control,0,4,0.42
3099,control,0,5,0.556
3100,control,0,6,0.401
3101,control,0,7,0.481
3102,control,0,8,0.506
3103,control,0,9,0.287
3104,control,0,10,0.743
3105,control,0,11,0.472
3106,control,0,12,0.275
3107,control,0,13,0.322
3108,control,0,14,0.408
3109,control,0,1,0.449
3110,control,0,2,0.687
3111,control,0,3,0.326
3112,control,0,4,0.594
3113,control,0,5,0.706
3114,control,0,6,0.295
3115,control,0,7,0.721
3116,control,0,8,0.494
3117,control,0,9,0.444
3118,control,0,10,0.325
3119,control,0,11,0.548
3120,control,0,12,0.628
3121,control,0,13,0.497
3122,control,0,14,0.307
3123,control,0,1,0.413
3124,control,0,2,0.334
3125,control,0,3,0.404
3126,control,0,4,0.525
3127,control,0,5,0.449
3128,control,0,6,0.262
3129,control,0,7,0.316
3130,control,0,8,0.339
3131,control,0,9,0.573
3132,control,0,10,0.536
3133,control,0,11,0.4
3134,control,0,12,0.667
3135,control,0,13,0.523
3136,control,0,14,0.376
3137,control,0,1,0.338
3138,control,0,2,0.261
3139,control,0,3,0.63
3140,control,0,4,0.358
3141,control,0,5,0.211
3142,control,0,6,0.597
3143,control,0,7,0.281
3144,control,0,8,0.313
3145,control,0,9,0.528
3146,control,0,10,0.31
3147,control,0,11,0.357
3148,control,0,12,0.486
3149,control,0,13,0.469
3150,control,0,14,0.932
3151,control,0,1,0.859
3152,control,0,2,0.777
3153,control,0,3,0.519
3154,control,1,4,0.557
3155,control,0,5,0.429
3156,control,0,6,0.251
3157,control,0,7,0.78
3158,control,0,8,0.409
3159,control,0,9,0.157
3160,control,0,10,0.669
3161,control,0,11,0.513
3162,control,0,12,0.388
3163,control,0,13,0.409
3164,control,0,14,0.163
3165,control,0,1,0.657
3166,control,0,2,0.704
3167,control,0,3,0.793
3168,control,0,4,0.261
3169,control,0,5,0.191
3170,control,0,6,0.081
3171,control,0,7,0.34
3172,control,0,8,0.289
3173,control,0,9,0.606
3174,control,0,10,0.366
3175,control,0,11,0.462
3176,control,1,12,0.464
3177,control,1,13,0.112
3178,control,0,14,0.285
3179,control,0,1,0.671
3180,control,0,2,0.761
3181,control,0,3,0.137
3182,control,0,4,0.349
3183,control,0,5,0.147
3184,control,0,6,0.267
3185,control,0,7,0.363
3186,control,0,8,0.655
3187,control,0,9,0.526
3188,control,0,10,0.522
3189,control,0,11,0.487
3190,control,0,12,0.474
3191,control,0,13,0.715
3192,control,0,14,0.586
3193,control,0,1,0.516
3194,control,0,2,0.335
3195,control,0,3,0.165
3196,control,0,4,0.027
3197,control,0,5,0.345
3198,control,0,6,0.052
3199,control,0,7,0.423
3200,control,0,8,0.566
3201,control,0,9,0.351
3202,control,0,10,0.515
3203,control,1,11,0.303
3204,control,0,12,0.664
3205,control,0,13,0.345
3206,control,0,14,0.397
3207,control,0,1,0.509
3208,control,0,2,0.48
3209,control,0,3,0.292
3210,control,0,4,0.663
3211,control,0,5,0.302
3212,control,0,6,0.351
3213,control,0,7,0.39
3214,control,0,8,0.589
3215,control,0,9,0.469
3216,control,0,10,0.308
3217,control,0,11,0.521
3218,control,0,12,0.651
3219,control,0,13,0.46
3220,control,0,14,0.318
3221,control,0,1,0.611
3222,control,0,2,0.391
3223,control,0,3,0.07
3224,control,0,4,0.528
3225,control,0,5,0.456
3226,control,0,6,0.244
3227,control,0,7,0.342
3228,control,0,8,0.09
3229,control,0,9,0.746
3230,control,0,10,0.451
3231,control,0,11,0.159
3232,control,0,12,0.145
3233,control,0,13,0.289
3234,control,0,14,0.195
3235,control,0,1,0.496
3236,control,0,2,0.627
3237,control,0,3,0.245
3238,control,0,4,0
3239,control,0,5,0.413
3240,control,0,6,0.344
3241,control,0,7,0.4
3242,control,0,8,0.121
3243,control,0,9,0.461
3244,control,0,10,0.356
3245,control,0,11,0.51
3246,control,0,12,0.286
3247,control,0,13,0.621
3248,control,0,14,0.453
3249,control,0,1,0.316
3250,control,0,2,0.23
3251,control,0,3,0.534
3252,control,0,4,0.362
3253,control,0,5,0.39
3254,control,0,6,0.692
3255,control,0,7,0.575
3256,control,0,8,0.305
3257,control,0,9,0.396
3258,control,0,10,0.319
3259,control,0,11,0.379
3260,control,0,12,0.471
3261,control,0,13,0.542
3262,control,0,14,0.288
3263,control,0,1,0.225
3264,control,0,2,0.533
3265,control,0,3,0.752
3266,control,0,4,0.314
3267,control,0,5,0.307
3268,control,0,6,0.666
3269,control,0,7,0.468
3270,control,0,8,0.319
3271,control,0,9,0.465
3272,control,0,10,0.592
3273,control,0,11,0.404
3274,control,0,12,0.331
3275,control,0,13,0.645
3276,control,0,14,0.608
3277,control,0,1,0.537
3278,control,0,2,0.39
3279,control,0,3,0.239
3280,control,0,4,0.393
3281,control,0,5,0.431
3282,control,1,6,0.434
3283,control,0,7,0.742
3284,control,0,8,0.528
3285,control,0,9,0.514
3286,control,0,10,0.429
3287,control,0,11,0.342
3288,control,0,12,0.207
3289,control,0,13,0.318
3290,control,1,14,0.664
3291,control,0,1,0.732
3292,control,0,2,0.629
3293,control,0,3,0.198
3294,control,0,4,0.19
3295,control,0,5,0.27
3296,control,0,6,0.473
3297,control,0,7,0.577
3298,control,0,8,0.297
3299,control,0,9,0.292
3300,control,0,10,0.675
3301,control,0,11,0.28
3302,control,0,12,0.65
3303,control,0,13,0.138
3304,control,0,14,0.721
3305,control,0,1,0.221
3306,control,0,2,0.673
3307,control,0,3,0.578
3308,control,0,4,0.428
3309,control,0,5,0.583
3310,control,0,6,0.241
3311,control,0,7,0.575
3312,control,0,8,0.618
3313,control,0,9,0.211
3314,control,0,10,0.397
3315,control,0,11,0.728
3316,control,0,12,0.435
3317,control,0,13,0.563
3318,control,0,14,0.477
3319,control,0,1,0.835
3320,control,0,2,0.451
3321,control,0,3,0.426
3322,control,0,4,0.64
3323,control,0,5,0.802
3324,control,0,6,0.163
3325,control,0,7,0.314
3326,control,0,8,0.441
3327,control,0,9,0.648
3328,control,0,10,0.411
3329,control,0,11,0.435
3330,control,0,12,0.17
3331,control,0,13,0.707
3332,control,0,14,0.143
3333,control,0,1,0.301
3334,control,0,2,0.567
3335,control,0,3,0.459
3336,control,0,4,0.445
3337,control,0,5,0.24
3338,control,0,6,0.788
3339,control,0,7,0.444
3340,control,0,8,0.508
3341,control,0,9,0.464
3342,control,0,10,0.493
3343,control,0,11,0.528
3344,control,0,12,0.266
3345,control,0,13,0.303
3346,control,0,14,0.334
3347,control,0,1,0.374
3348,control,0,2,0.452
3349,control,0,3,0.451
3350,control,0,4,0.566
3351,control,0,5,0.403
3352,control,0,6,0.416
3353,control,0,7,0.789
3354,control,0,8,0.481
3355,control,0,9,0.163
3356,control,0,10,0.645
3357,control,0,11,0.435
3358,control,0,12,0.282
3359,control,0,13,0.317
3360,control,0,14,0.238
3361,control,0,1,0.544
3362,control,0,2,0.344
3363,control,0,3,0.445
3364,control,0,4,0.596
3365,control,0,5,0.297
3366,control,0,6,0.225
3367,control,0,7,0.265
3368,control,0,8,0.347
3369,control,0,9,0.642
3370,control,0,10,0.471
3371,control,0,11,0.887
3372,control,0,12,0.349
3373,control,0,13,0.148
3374,control,0,14,0.467
3375,control,0,1,0.924
3376,control,0,2,0.322
3377,control,0,3,0.405
3378,control,0,4,0.266
3379,control,0,5,0.367
3380,control,0,6,0.613
3381,control,0,7,0.355
3382,control,0,8,0.381
3383,control,1,9,0.304
3384,control,0,10,0.445
3385,control,0,11,0.427
3386,control,0,12,0.26
3387,control,0,13,0.685
3388,control,0,14,0.775
3389,control,0,1,0.063
3390,control,0,2,0.606
3391,control,0,3,0.549
3392,control,0,4,0.236
3393,control,0,5,0.214
3394,control,0,6,0.488
3395,control,0,7,0.002
3396,control,0,8,0.466
3397,control,0,9,0.191
3398,control,0,10,0.265
3399,control,0,11,0.627
3400,control,0,12,0.286
3401,control,0,13,0.569
3402,control,0,14,0.54
3403,control,0,1,0.432
3404,control,0,2,0.36
3405,control,0,3,0.112
3406,control,0,4,0.343
3407,control,0,5,0.454
3408,control,0,6,0.408
3409,control,0,7,0.523
3410,control,0,8,0.86
3411,control,0,9,0.117
3412,control,0,10,0.563
3413,control,0,11,0.593
3414,control,0,12,0.744
3415,control,0,13,0.378
3416,control,0,14,0.652
3417,control,0,1,0.461
3418,control,0,2,0.312
3419,control,0,3,0.497
3420,control,0,4,0.24
3421,control,0,5,0.382
3422,control,0,6,0.308
3423,control,0,7,0.671
3424,control,0,8,0.469
3425,control,0,9,0.189
3426,control,0,10,0
3427,control,0,11,0.709
3428,control,0,12,0.678
3429,control,0,13,0.565
3430,control,0,14,0.641
3431,control,0,1,0.489
3432,control,0,2,0.36
3433,control,0,3,0.856
3434,control,0,4,0.58
3435,control,0,5,0.192
3436,control,0,6,0.593
3437,control,0,7,0.892
3438,control,0,8,0.672
3439,control,0,9,0.727
3440,control,0,10,0.527
3441,control,0,11,0.585
3442,control,0,12,0.315
3443,control,0,13,0.49
3444,control,0,14,0.335
3445,control,0,1,0.724
3446,control,0,2,0.355
3447,control,0,3,0.432
3448,control,0,4,0.484
3449,control,0,5,0.239
3450,control,0,6,0.907
3451,control,0,7,0.692
3452,control,0,8,0.343
3453,control,0,9,0.387
3454,control,0,10,0.191
3455,control,0,11,0.509
3456,control,0,12,0.321
3457,control,0,13,0.491
3458,control,0,14,0.433
3459,control,0,1,0.084
3460,control,0,2,0.295
3461,control,0,3,0.436
3462,control,0,4,0.139
3463,control,0,5,0.244
3464,control,0,6,0.325
3465,control,0,7,0.173
3466,control,0,8,0.319
3467,control,0,9,0.256
3468,control,0,10,0.233
3469,control,0,11,0.316
3470,control,0,12,0.368
3471,control,0,13,0.107
3472,control,0,14,0.418
3473,control,0,1,0.567
3474,control,0,2,0.225
3475,control,0,3,0.501
3476,control,0,4,0.486
3477,control,0,5,0.383
3478,control,1,6,0.286
3479,control,0,7,0.541
3480,control,0,8,0.701
3481,control,0,9,0.47
3482,control,0,10,0.085
3483,control,0,11,0.266
3484,control,0,12,0.55
3485,control,0,13,0.475
3486,control,0,14,0.417
3487,control,0,1,0.232
3488,control,0,2,0.52
3489,control,0,3,0.235
3490,control,0,4,0.392
3491,control,0,5,0.417
3492,control,0,6,0.471
3493,control,0,7,0.618
3494,control,0,8,0.477
3495,control,0,9,0.332
3496,control,0,10,0.457
3497,control,0,11,0.46
3498,control,0,12,0.218
3499,control,0,13,0.09
3500,control,0,14,0.542
3501,control,0,1,0.434
3502,control,0,2,0.478
3503,control,0,3,0.101
3504,control,0,4,0.292
3505,control,0,5,0.586
3506,control,0,6,0.449
3507,control,0,7,0
3508,control,0,8,0.591
3509,control,0,9,0.465
3510,control,0,10,0.191
3511,control,0,11,0.407
3512,control,0,12,0.18
3513,control,0,13,0.388
3514,control,0,14,0.12
3515,control,0,1,0.298
3516,control,0,2,0.408
3517,control,0,3,0.343
3518,control,0,4,0.628
3519,control,0,5,0.663
3520,control,0,6,0.521
3521,control,0,7,0.454
3522,control,0,8,0.449
3523,control,1,9,0.626
3524,control,0,10,0.649
3525,control,0,11,0.305
3526,control,0,12,0.613
3527,control,0,13,0.311
3528,control,0,14,0.065
3529,control,0,1,0.501
3530,control,0,2,0.564
3531,control,0,3,0.361
3532,control,0,4,0.396
3533,control,0,5,0.473
3534,control,0,6,0.325
3535,control,0,7,0.468
3536,control,0,8,0.353
3537,control,0,9,0.804
3538,control,0,10,0.344
3539,control,0,11,0.542
3540,control,0,12,0.54
3541,control,0,13,0.6
3542,control,0,14,0.521
3543,control,0,1,0.319
3544,control,0,2,0.554
3545,control,0,3,0.757
3546,control,0,4,0.306
3547,control,0,5,0.595
3548,control,0,6,0.35
3549,control,0,7,0.236
3550,control,0,8,0.281
3551,control,0,9,0.27
3552,control,0,10,0.295
3553,control,0,11,0.377
3554,control,0,12,0.202
3555,control,0,13,0.1
3556,control,0,14,0.096
3557,control,0,1,0.188
3558,control,0,2,0.482
3559,control,0,3,0
3560,control,0,4,0.445
3561,control,0,5,0.427
3562,control,0,6,0.139
3563,control,0,7,0.502
3564,control,0,8,0.294
3565,control,0,9,0.545
3566,control,0,10,0.158
3567,control,0,11,0.431
3568,control,0,12,0.549
3569,control,0,13,0.389
3570,control,0,14,0.466
3571,control,0,1,0.516
3572,control,0,2,0.362
3573,control,0,3,0.503
3574,control,0,4,0.273
3575,control,0,5,0.358
3576,control,0,6,0.811
3577,control,0,7,0.368
3578,control,0,8,0.25
3579,control,0,9,0.498
3580,control,0,10,0.187
3581,control,0,11,0.301
3582,control,0,12,0.31
3583,control,0,13,0.583
3584,control,0,14,0.364
3585,control,0,1,0.463
3586,control,0,2,0.402
3587,control,0,3,0.338
3588,control,0,4,0.142
3589,control,0,5,0.554
3590,control,0,6,0.469
3591,control,0,7,0.494
3592,control,0,8,0.213
3593,control,0,9,0.748
3594,control,1,10,0.321
3595,control,0,11,0.415
3596,control,0,12,0.561
3597,control,0,13,0.556
3598,control,0,14,0.627
3599,control,0,1,0.457
3600,control,0,2,0.423
3601,control,1,3,0.564
3602,control,0,4,0.603
3603,control,0,5,0.198
3604,control,0,6,0.529
3605,control,0,7,0.527
3606,control,0,8,0.36
3607,control,0,9,0.226
3608,control,0,10,0.59
3609,control,0,11,0.503
3610,control,0,12,0.169
3611,control,0,13,0.17
3612,control,0,14,0.678
3613,control,0,1,0.73
3614,control,0,2,0.219
3615,control,0,3,0.448
3616,control,0,4,0.406
3617,control,0,5,0.358
3618,control,0,6,0.63
3619,control,0,7,0.246
3620,control,0,8,0.477
3621,control,0,9,0.72
3622,control,0,10,0.188
3623,control,0,11,0.514
3624,control,0,12,0
3625,control,0,13,0.62
3626,control,0,14,0.6
3627,control,0,1,0.0
3628,control,0,2,0.564
3629,control,1,3,0.721
3630,control,0,4,0.427
3631,control,0,5,0.166
3632,control,0,6,0.243
3633,control,0,7,0.032
3634,control,0,8,0.259
3635,control,0,9,0.735
3636,control,0,10,0.739
3637,control,0,11,0.179
3638,control,0,12,0.627
3639,control,0,13,0.353
3640,control,0,14,0.495
3641,control,0,1,0.283
3642,control,0,2,0.518
3643,control,0,3,0.496
3644,control,0,4,0.336
3645,control,0,5,0.505
3646,control,0,6,0.425
3647,control,0,7,0
3648,control,0,8,0.87
3649,control,0,9,0.735
3650,control,1,10,0.035
3651,control,0,11,0.376
3652,control,0,12,0.273
3653,control,0,13,0.406
3654,control,0,14,0.398
3655,control,0,1,0.546
3656,control,0,2,0.374
3657,control,0,3,0.239
3658,control,0,4,0.486
3659,control,0,5,0.353
3660,control,0,6,0.43
3661,control,0,7,0.387
3662,control,0,8,0.363
3663,control,0,9,0.437
3664,control,0,10,0.209
3665,control,0,11,0.381
3666,control,0,12,0.316
3667,control,0,13,0.392
3668,control,0,14,0.291
3669,control,0,1,0.179
3670,control,0,2,0.857
3671,control,0,3,0.462
3672,control,0,4,0.55
3673,control,0,5,0.4
3674,control,0,6,0.468
3675,control,0,7,0.476
3676,control,0,8,0.639
3677,control,0,9,0.37
3678,control,0,10,0.371
3679,control,0,11,0.688
3680,control,0,12,0.628
3681,control,0,13,0.272
3682,control,0,14,0.465
3683,control,0,1,0.476
3684,control,0,2,0.039
3685,control,0,3,0.328
3686,control,0,4,0.387
3687,control,0,5,0.557
3688,control,0,6,0.375
3689,control,1,7,0.624
3690,control,0,8,0.548
3691,control,0,9,0.113
3692,control,0,10,0.656
3693,control,0,11,0.335
3694,control,0,12,0.742
3695,control,0,13,0.073
3696,control,0,14,0.3
3697,control,0,1,0.331
3698,control,0,2,0.43
3699,control,0,3,0.534
3700,control,0,4,0.55
3701,control,0,5,0.383
3702,control,0,6,0.299
3703,control,0,7,0.595
3704,control,0,8,0.285
3705,control,1,9,0.695
3706,control,0,10,0.244
3707,control,0,11,0.364
3708,control,0,12,0.395
3709,control,0,13,0.526
3710,control,0,14,0.44
3711,control,0,1,0.661
3712,control,0,2,0.48
3713,control,0,3,0.539
3714,control,0,4,0.326
3715,control,1,5,0.243
3716,control,0,6,0.602
3717,control,0,7,0.378
3718,control,0,8,0.271
3719,control,0,9,0.394
3720,control,0,10,0.371
3721,control,0,11,0.452
3722,control,0,12,0.258
3723,control,0,13,0.265
3724,control,0,14,0.605
3725,control,0,1,0.357
3726,control,1,2,0.041
3727,control,0,3,0.565
3728,control,0,4,0.344
3729,control,0,5,0.578
3730,control,0,6,0.311
3731,control,0,7,0.565
3732,control,0,8,0.629
3733,control,0,9,0.757
3734,control,0,10,0.663
3735,control,0,11,0.623
3736,control,0,12,0.485
3737,control,0,13,0.377
3738,control,0,14,0.524
3739,control,0,1,0
3740,control,0,2,0.66
3741,control,0,3,0.582
3742,control,0,4,0.475
3743,control,0,5,0.454
3744,control,0,6,0.485
3745,control,0,7,0.165
3746,control,0,8,0.495
3747,control,0,9,0.476
3748,control,0,10,0.395
3749,control,0,11,0.571
3750,control,0,12,0.531
3751,control,0,13,0.518
3752,control,0,14,0.26
3753,control,0,1,0.478
3754,control,0,2,0.312
3755,control,0,3,0.581
3756,control,0,4,0.77
3757,control,0,5,0.724
3758,control,0,6,0.269
3759,control,0,7,0.245
3760,control,0,8,0.647
3761,control,0,9,0.666
3762,control,0,10,0.5
3763,control,0,11,0.487
3764,control,1,12,0.362
3765,control,0,13,0.545
3766,control,0,14,0.571
3767,control,0,1,0.334
3768,control,0,2,0.412
3769,control,0,3,0.184
3770,control,0,4,0.216
3771,control,0,5,0.352
3772,control,0,6,0.736
3773,control,0,7,0.585
3774,control,0,8,0.227
3775,control,0,9,0.495
3776,control,0,10,0.43
3777,control,0,11,0.539
3778,control,0,12,0.638
3779,control,0,13,0.679
3780,control,1,14,0.502
3781,control,0,1,0.322
3782,control,0,2,0.566
3783,control,0,3,0.559
3784,control,1,4,0.364
3785,control,0,5,0.695
3786,control,0,6,0.208
3787,control,0,7,0.449
3788,control,0,8,0.277
3789,control,0,9,0.175
3790,control,0,10,0.322
3791,control,0,11,0.579
3792,control,0,12,0.259
3793,control,0,13,0.254
3794,control,0,14,0.413
3795,control,0,1,0.442
3796,control,0,2,0.481
3797,control,0,3,0.298
3798,control,0,4,0.677
3799,control,0,5,0.403
3800,control,0,6,0.062
3801,control,0,7,0
3802,control,0,8,0.497
3803,control,0,9,0.112
3804,control,0,10,0.396
3805,control,0,11,0.492
3806,control,0,12,0.089
3807,control,0,13,0.314
3808,control,0,14,0.423
3809,control,0,1,0.455
3810,control,0,2,0.879
3811,control,0,3,0.46
3812,control,0,4,0.499
3813,control,0,5,0.662
3814,control,0,6,0.471
3815,control,0,7,0.584
3816,control,0,8,0.561
3817,control,0,9,0.416
3818,control,0,10,0.474
3819,control,0,11,0.371
3820,control,0,12,0.652
3821,control,0,13,0.224
3822,control,0,14,0.425
3823,control,0,1,0.055
3824,control,0,2,0.14
3825,control,0,3,0.647
3826,control,0,4,0.442
3827,control,0,5,0.568
3828,control,0,6,0.574
3829,control,0,7,0
3830,control,0,8,0.548
3831,control,0,9,1
3832,control,0,10,0.301
3833,control,0,11,0.521
3834,control,0,12,0.293
3835,control,0,13,0.649
3836,control,0,14,0.467
3837,control,0,1,0.617
3838,control,0,2,0.336
3839,control,0,3,0.409
3840,control,0,4,0.961
3841,control,0,5,0.749
3842,control,0,6,0.33
3843,control,0,7,0.435
3844,control,0,8,0.233
3845,control,0,9,0.111
3846,control,0,10,0.615
3847,control,0,11,0.43
3848,control,0,12,0.471
3849,control,0,13,0.563
3850,control,0,14,0.598
3851,control,0,1,0.118
3852,control,0,2,0.319
3853,control,0,3,0.358
3854,control,0,4,0.344
3855,control,0,5,0.235
3856,control,0,6,0.464
3857,control,0,7,0.528
3858,control,0,8,0.735
3859,control,0,9,0.166
3860,control,0,10,0.38
3861,control,0,11,0.389
3862,control,0,12,0.442
3863,control,0,13,0.447
3864,control,0,14,0.551
3865,control,1,1,0.08
3866,control,0,2,0.423
3867,control,0,3,0.249
3868,control,0,4,0.678
3869,control,0,5,0.361
3870,control,0,6,0.505
3871,control,0,7,0.589
3872,control,0,8,0.281
3873,control,0,9,0.483
3874,control,0,10,0.314
3875,control,0,11,0.443
3876,control,0,12,0.416
3877,control,0,13,0.529
3878,control,0,14,0.28
3879,control,0,1,0.636
3880,control,0,2,0.94
3881,control,0,3,0.512
3882,control,0,4,0.22
3883,control,0,5,0.567
3884,control,0,6,0.607
3885,control,0,7,0.437
3886,control,0,8,0.875
3887,control,0,9,0.455
3888,control,0,10,0.442
3889,control,0,11,0.338
3890,control,0,12,0.324
3891,control,0,13,0.858
3892,control,0,14,0.459
3893,control,0,1,0.13
3894,control,0,2,0.54
3895,control,0,3,0.604
3896,control,0,4,0.27
3897,control,0,5,0.559
3898,control,0,6,0.505
3899,control,0,7,0.182
3900,control,0,8,0.378
3901,control,0,9,0.269
3902,control,0,10,0.507
3903,control,0,11,0.228
3904,control,0,12,0.299
3905,control,0,13,0.843
3906,control,0,14,0.238
3907,control,0,1,0.178
3908,control,0,2,0.275
3909,control,0,3,0.505
3910,control,0,4,0.323
3911,control,0,5,0.396
3912,control,0,6,0.229
3913,control,1,7,0.646
3914,control,0,8,0.329
3915,control,0,9,0.314
3916,control,0,10,0.443
3917,control,0,11,0.236
3918,control,0,12,0.41
3919,control,0,13,0.572
3920,control,0,14,0.127
3921,control,0,1,0.475
3922,control,0,2,0.226
3923,control,0,3,0.021
3924,control,0,4,0.585
3925,control,0,5,0.486
3926,control,0,6,0.487
3927,control,0,7,0.459
3928,control,0,8,0.531
3929,control,0,9,0.476
3930,control,0,10,0.178
3931,control,0,11,0.425
3932,control,0,12,0.608
3933,control,0,13,0.47
3934,control,0,14,0.591
3935,control,0,1,0.348
3936,control,0,2,0.802
3937,control,0,3,0.444
3938,control,0,4,0.454
3939,control,0,5,0.349
3940,control,0,6,0.399
3941,control,0,7,0.65
3942,control,0,8,0.271
3943,control,0,9,0.58
3944,control,0,10,0.494
3945,control,0,11,0.309
3946,control,0,12,0.147
3947,control,0,13,0.455
3948,control,0,14,0.435
3949,control,0,1,0.391
3950,control,0,2,0.381
3951,control,0,3,0.116
3952,control,0,4,0.571
3953,control,0,5,0.298
3954,control,0,6,0.673
3955,control,0,7,0.566
3956,control,0,8,0.39
3957,control,0,9,0.449
3958,control,0,10,0.232
3959,control,0,11,0.299
3960,control,0,12,0.707
3961,control,0,13,0.463
3962,control,0,14,0.277
3963,control,0,1,0.427
3964,control,0,2,0.504
3965,control,1,3,0.759
3966,control,0,4,0.448
3967,control,0,5,0.26
3968,control,0,6,0.553
3969,control,0,7,0.609
3970,control,0,8,0.535
3971,control,0,9,0.288
3972,control,0,10,0.775
3973,control,0,11,0.495
3974,control,0,12,0.499
3975,control,0,13,0.507
3976,control,0,14,0.487
3977,control,0,1,0.376
3978,control,0,2,0.315
3979,control,0,3,0.317
3980,control,0,4,0.371
3981,control,0,5,0.301
3982,control,0,6,0.24
3983,control,0,7,0.813
3984,control,0,8,0.611
3985,control,0,9,0.25
3986,control,0,10,0.507
3987,control,0,11,0.124
3988,control,0,12,0.133
3989,control,0,13,0.49
3990,control,0,14,0.314
3991,control,0,1,0.526
3992,control,0,2,0
3993,control,0,3,0.213
3994,control,0,4,0.662
3995,control,0,5,0.518
3996,control,0,6,0.502
3997,control,0,7,0.546
3998,control,0,8,0.181
3999,control,0,9,0.598
4000,control,0,10,0.561
4001,control,0,11,0.366
4002,control,0,12,0.356
4003,control,1,13,0.182
4004,control,0,14,0.399
4005,control,0,1,0.627
4006,control,0,2,0.59
4007,control,0,3,0.643
4008,control,0,4,0.584
4009,control,0,5,0.212
4010,control,0,6,0.5
4011,control,0,7,0.557
4012,control,0,8,0.815
4013,control,0,9,0.449
4014,control,0,10,0.392
4015,control,0,11,0.514
4016,control,0,12,0.541
4017,control,0,13,0.318
4018,control,0,14,0.453
4019,control,0,1,0.274
4020,control,0,2,0.343
4021,control,0,3,0.732
4022,control,0,4,0.432
4023,control,0,5,0.523
4024,control,0,6,0.261
4025,control,0,7,0.276
4026,control,0,8,0.437
4027,control,0,9,0.065
4028,control,0,10,0.41
4029,control,0,11,0.441
4030,control,0,12,0.274
4031,control,0,13,0.216
4032,control,0,14,0.334
4033,control,0,1,0.292
4034,control,0,2,0.579
4035,control,0,3,0.584
4036,control,0,4,0.343
4037,control,0,5,0.444
4038,control,1,6,0.73
4039,control,0,7,0.449
4040,control,0,8,0.347
4041,control,0,9,0.452
4042,control,0,10,0.491
4043,control,0,11,0.837
4044,control,1,12,0.595
4045,control,0,13,0.506
4046,control,0,14,0.39
4047,control,0,1,0.292
4048,control,0,2,0.535
4049,control,0,3,0.359
4050,control,0,4,0.388
4051,control,0,5,0.273
4052,control,1,6,0.663
4053,control,0,7,0.388
4054,control,0,8,0.145
4055,control,0,9,0.582
4056,control,0,10,0.614
4057,control,0,11,0.61
4058,control,0,12,0.513
4059,control,0,13,0.387
4060,control,0,14,0.545
4061,control,0,1,0.399
4062,control,0,2,0.207
4063,control,0,3,0.161
4064,control,0,4,0.463
4065,control,0,5,0.662
4066,control,0,6,0.61
4067,control,0,7,0.644
4068,control,0,8,0.452
4069,control,0,9,0.78
4070,control,0,10,0.393
4071,control,0,11,0.467
4072,control,1,12,0.384
4073,control,0,13,0.653
4074,control,0,14,0.641
4075,control,0,1,0.274
4076,control,0,2,0.409
4077,control,0,3,0.388
4078,control,0,4,0.713
4079,control,0,5,0.499
4080,control,0,6,0.603
4081,control,0,7,0.488
4082,control,1,8,0.478
4083,control,0,9,0.234
4084,control,0,10,0.702
4085,control,0,11,0.547
4086,control,0,12,0.279
4087,control,0,13,0.583
4088,control,0,14,0.107
4089,control,0,1,0.342
4090,control,0,2,0.39
4091,control,0,3,0.275
4092,control,0,4,0.519
4093,control,0,5,0.51
4094,control,0,6,0.41
4095,control,0,7,0.823
4096,control,0,8,0.428
4097,control,0,9,0.374
4098,control,0,10,0.286
4099,control,0,11,0.504
4100,control,0,12,0.464
4101,control,0,13,0.408
4102,control,0,14,0.554
4103,control,0,1,0.069
4104,control,0,2,0.126
4105,control,0,3,0.312
4106,control,0,4,0.796
4107,control,0,5,0.404
4108,control,0,6,0.436
4109,control,0,7,0.242
4110,control,0,8,0.575
4111,control,0,9,0.551
4112,control,0,10,0.073
4113,control,0,11,0.463
4114,control,0,12,0.37
4115,control,0,13,0.51
4116,control,0,14,0.551
4117,control,0,1,0.357
4118,control,0,2,0.294
4119,control,0,3,0.719
4120,control,0,4,0.786
4121,control,0,5,0.458
4122,control,0,6,0.358
4123,control,0,7,0.326
4124,control,0,8,0.628
4125,control,0,9,0.621
4126,control,0,10,0.174
4127,control,0,11,0.535
4128,control,0,12,0.748
4129,control,0,13,0.107
4130,control,0,14,0.557
4131,control,0,1,0.348
4132,control,1,2,0.17
4133,control,0,3,0.458
4134,control,0,4,0.349
4135,control,0,5,0.349
4136,control,0,6,0.36
4137,control,0,7,0.215
4138,control,0,8,0.406
4139,control,0,9,0.458
4140,control,0,10,0.341
4141,control,0,11,0.635
4142,control,0,12,0.507
4143,control,0,13,0.409
4144,control,0,14,0.513
4145,control,0,1,0.367
4146,control,0,2,0.736
4147,control,0,3,0.503
4148,control,0,4,0.199
4149,control,0,5,0.204
4150,control,0,6,0.253
4151,control,0,7,0.391
4152,control,0,8,0.279
4153,control,0,9,0.56
4154,control,0,10,0.439
4155,control,0,11,0.317
4156,control,0,12,0.511
4157,control,0,13,0.274
4158,control,0,14,0.197
4159,control,0,1,0.101
4160,control,0,2,0.373
4161,control,0,3,0.464
4162,control,0,4,0.006
4163,control,0,5,0.617
4164,control,0,6,0.244
4165,control,0,7,0.503
4166,control,0,8,0.042
4167,control,0,9,0.645
4168,control,0,10,0.143
4169,control,0,11,0.226
4170,control,0,12,0.65
4171,control,0,13,0.36
4172,control,0,14,0.476
4173,control,0,1,0.451
4174,control,0,2,0.409
4175,control,0,3,0.474
4176,control,0,4,0.104
4177,control,1,5,0.524
4178,control,0,6,0.533
4179,control,0,7,0.633
4180,control,0,8,0.198
4181,control,0,9,0.439
4182,control,0,10,0.452
4183,control,0,11,0.35
4184,control,0,12,0.497
4185,control,0,13,0.468
4186,control,0,14,0.125
4187,control,0,1,0.165
4188,control,0,2,0.729
4189,control,0,3,0.328
4190,control,0,4,0.75
4191,control,0,5,0.259
4192,control,0,6,0.293
4193,control,0,7,0.243
4194,control,0,8,0.895
4195,control,0,9,0.205
4196,control,1,10,0.348
4197,control,0,11,0.814
4198,control,0,12,0.549
4199,control,0,13,0.339
4200,control,0,14,0.471
4201,control,0,1,0.208
4202,control,0,2,0.453
4203,control,0,3,0.65
4204,control,0,4,0.393
4205,control,0,5,0.254
4206,control,0,6,0.815
4207,control,0,7,0.247
4208,control,0,8,0.162
4209,control,0,9,0.657
4210,control,0,10,0.508
4211,control,0,11,0.422
4212,control,0,12,0.223
4213,control,0,13,0.502
4214,control,0,14,0.501
4215,control,0,1,0.702
4216,control,0,2,0.019
4217,control,0,3,0.643
4218,control,0,4,0.213
4219,control,0,5,0.431
4220,control,0,6,0.777
4221,control,0,7,0.154
4222,control,0,8,0.564
4223,control,0,9,0.515
4224,control,0,10,0.277
4225,control,0,11,0.315
4226,control,0,12,0.267
4227,control,0,13,0.445
4228,control,0,14,0.448
4229,control,0,1,0.342
4230,control,0,2,0.09
4231,control,0,3,0.303
4232,control,0,4,0.244
4233,control,0,5,0.44
4234,control,0,6,0.451
4235,control,0,7,0.226
4236,control,0,8,0.383
4237,control,0,9,0.386
4238,control,0,10,0.313
4239,control,0,11,0.326
4240,control,0,12,0.331
4241,control,0,13,0.591
4242,control,0,14,0.355
4243,control,0,1,0.409
4244,control,0,2,0.861
4245,control,0,3,0.3
4246,control,0,4,0.581
4247,control,0,5,0.646
4248,control,0,6,0.197
4249,control,0,7,0.34
4250,control,0,8,0.554
4251,control,0,9,0.558
4252,control,0,10,0.327
4253,control,0,11,0.225
4254,control,0,12,0.476
4255,control,0,13,0.606
4256,control,0,14,0.393
4257,control,0,1,0.807
4258,control,0,2,0.354
4259,control,0,3,0.106
4260,control,0,4,0.168
4261,control,1,5,0.703
4262,control,0,6,0.535
4263,control,0,7,0.476
4264,control,0,8,0.369
4265,control,0,9,0.311
4266,control,0,10,0.575
4267,control,0,11,0.295
4268,control,0,12,0.501
4269,control,0,13,0.324
4270,control,0,14,0.281
4271,control,0,1,0.35
4272,control,0,2,0.003
4273,control,0,3,0.628
4274,control,0,4,0.542
4275,control,0,5,0.512
4276,control,0,6,0.266
4277,control,0,7,0.39
4278,control,0,8,0.464
4279,control,0,9,0.358
4280,control,0,10,0.596
4281,control,0,11,0.484
4282,control,0,12,0.358
4283,control,0,13,0.058
4284,control,0,14,0.391
4285,control,0,1,0.545
4286,control,0,2,0.329
4287,control,0,3,0.328
4288,control,0,4,0.57
4289,control,0,5,0.136
4290,control,0,6,0.63
4291,control,0,7,0.519
4292,control,0,8,0.796
4293,control,0,9,0.219
4294,control,0,10,0.225
4295,control,0,11,0.266
4296,control,0,12,0.24
4297,control,0,13,0.673
4298,control,0,14,0.54
4299,control,0,1,0.239
4300,control,0,2,0.015
4301,control,0,3,0.237
4302,control,0,4,0.624
4303,control,0,5,0.406
4304,control,0,6,0.403
4305,control,0,7,0.516
4306,control,0,8,0.546
4307,control,0,9,0.352
4308,control,0,10,0.051
4309,control,0,11,0.513
4310,control,0,12,0.262
4311,control,0,13,0.279
4312,control,0,14,0.411
4313,control,0,1,0.311
4314,control,0,2,0.556
4315,control,0,3,0.569
4316,control,0,4,0.777
4317,control,0,5,0.311
4318,control,0,6,0.267
4319,control,0,7,0.284
4320,control,0,8,0.373
4321,control,0,9,0.126
4322,control,0,10,0.361
4323,control,0,11,0.267
4324,control,0,12,0.694
4325,control,0,13,0.353
4326,control,0,14,0.436
4327,control,0,1,0.385
4328,control,0,2,0.204
4329,control,0,3,0.353
4330,control,0,4,0.243
4331,control,0,5,0.105
4332,control,0,6,0.624
4333,control,0,7,0.204
4334,control,0,8,0.129
4335,control,0,9,0.82
4336,control,0,10,0.597
4337,control,0,11,0.578
4338,control,0,12,0.275
4339,control,0,13,0.424
4340,control,0,14,0.577
4341,control,0,1,0.282
4342,control,0,2,0.38
4343,control,0,3,0.016
4344,control,0,4,0.48
4345,control,0,5,0.079
4346,control,0,6,0.514
4347,control,0,7,0.187
4348,control,0,8,0.28
4349,control,0,9,0.107
4350,control,0,10,0.242
4351,control,0,11,0.197
4352,control,0,12,0.28
4353,control,0,13,0.264
4354,control,0,14,0.267
4355,control,0,1,0.262
4356,control,0,2,0.502
4357,control,0,3,0.19
4358,control,0,4,0.197
4359,control,0,5,0.319
4360,control,0,6,0.377
4361,control,1,7,0.21
4362,control,0,8,0.57
4363,control,0,9,0.246
4364,control,0,10,0.451
4365,control,0,11,0.449
4366,control,0,12,0.569
4367,control,0,13,0.512
4368,control,1,14,0.118
4369,control,0,1,0.486
4370,control,0,2,0.119
4371,control,0,3,0.429
4372,control,0,4,0.241
4373,control,0,5,0.831
4374,control,0,6,0.591
4375,control,0,7,0.406
4376,control,0,8,0.597
4377,control,0,9,0.664
4378,control,0,10,0.381
4379,control,0,11,0.428
4380,control,0,12,0.371
4381,control,0,13,0.145
4382,control,0,14,0.379
4383,control,0,1,0.518
4384,control,0,2,0.501
4385,control,0,3,0.463
4386,control,0,4,0.408
4387,control,0,5,0.522
4388,control,0,6,0.347
4389,control,0,7,0.098
4390,control,0,8,0.172
4391,control,0,9,0.518
4392,control,0,10,0.089
4393,control,0,11,0.247
4394,control,0,12,0.703
4395,control,0,13,0.543
4396,control,0,14,0.602
4397,control,0,1,0.144
4398,control,0,2,0.323
4399,control,0,3,0.405
4400,control,0,4,0.511
4401,control,0,5,0.342
4402,control,0,6,0.476
4403,control,0,7,0.512
4404,control,0,8,0.423
4405,control,0,9,0.361
4406,control,0,10,0.632
4407,control,0,11,0.527
4408,control,0,12,0.371
4409,control,0,13,0.267
4410,control,0,14,0.426
4411,control,0,1,0.593
4412,control,0,2,0.304
4413,control,0,3,0.43
4414,control,0,4,0.606
4415,control,0,5,0.452
4416,control,0,6,0.477
4417,control,0,7,0.231
4418,control,0,8,0.544
4419,control,0,9,0.518
4420,control,0,10,0.414
4421,control,0,11,0.367
4422,control,0,12,0.545
4423,control,0,13,0.503
4424,control,0,14,0.444
4425,control,0,1,0.607
4426,control,0,2,0.611
4427,control,0,3,0.301
4428,control,0,4,0.443
4429,control,0,5,0.354
4430,control,0,6,0.616
4431,control,0,7,0.762
4432,control,0,8,0.536
4433,control,0,9,0.229
4434,control,0,10,0.43
4435,control,0,11,0.238
4436,control,0,12,0.206
4437,control,0,13,0.592
4438,control,0,14,0.057
4439,control,0,1,0.304
4440,control,0,2,0.584
4441,control,0,3,0.479
4442,control,0,4,0.302
4443,control,0,5,0.517
4444,control,0,6,0.37
4445,control,0,7,0.222
4446,control,0,8,0.255
4447,control,0,9,0.516
4448,control,0,10,0.666
4449,control,0,11,0.122
4450,control,0,12,0.243
4451,control,0,13,0
4452,control,0,14,0.29
4453,control,0,1,0.372
4454,control,0,2,0.514
4455,control,0,3,0.302
4456,control,0,4,0.387
4457,control,0,5,0.492
4458,control,0,6,0.464
4459,control,0,7,0.438
4460,control,0,8,0.396
4461,control,0,9,0.449
4462,control,0,10,0.482
4463,control,0,11,0.286
4464,control,0,12,0.308
4465,control,0,13,0.135
4466,control,0,14,0.488
4467,control,0,1,0.026
4468,control,0,2,0.512
4469,control,0,3,0.266
4470,control,1,4,0.564
4471,control,1,5,0.535
4472,control,0,6,0.357
4473,control,0,7,0.478
4474,control,0,8,0.481
4475,control,0,9,0.445
4476,control,0,10,0.315
4477,control,0,11,0.538
4478,control,0,12,0.371
4479,control,0,13,0.168
4480,control,0,14,0
4481,control,0,1,0.403
4482,control,0,2,0.171
4483,control,0,3,0.695
4484,control,0,4,0.445
4485,control,0,5,0.367
4486,control,0,6,0.29
4487,control,0,7,0.409
4488,control,0,8,0.529
4489,control,0,9,0.347
4490,control,0,10,0.158
4491,control,0,11,0.457
4492,control,0,12,0.312
4493,control,0,13,0.536
4494,control,0,14,0.34
4495,control,0,1,0.048
4496,control,0,2,0.318
4497,control,0,3,0.359
4498,control,0,4,0
4499,control,0,5,0.374
4500,control,0,6,0.751
4501,treatment,0,7,0.269
4502,treatment,0,8,0.344
4503,treatment,0,9,0.435
4504,treatment,0,10,0.341
4505,treatment,0,11,0.481
4506,treatment,0,12,0.121
4507,treatment,0,13,0.097
4508,treatment,0,14,0.637
4509,treatment,0,1,0
4510,treatment,0,2,0.962
4511,treatment,0,3,0.28
4512,treatment,0,4,0.495
4513,treatment,0,5,0.57
4514,treatment,0,6,0.207
4515,treatment,0,7,0.513
4516,treatment,0,8,0.257
4517,treatment,0,9,0.086
4518,treatment,0,10,0.568
4519,treatment,0,11,0.308
4520,treatment,0,12,0.425
4521,treatment,0,13,0.399
4522,treatment,0,14,0.459
4523,treatment,0,1,0.317
4524,treatment,0,2,0.65
4525,treatment,0,3,0.596
4526,treatment,0,4,0
4527,treatment,0,5,0.523
4528,treatment,0,6,0.296
4529,treatment,0,7,0.56
4530,treatment,0,8,0.43
4531,treatment,0,9,0.545
4532,treatment,0,10,0.424
4533,treatment,0,11,0.329
4534,treatment,0,12,0
4535,treatment,0,13,0.421
4536,treatment,0,14,0.658
4537,treatment,0,1,0.416
4538,treatment,0,2,0.235
4539,treatment,0,3,0.232
4540,treatment,0,4,0.589
4541,treatment,0,5,0.187
4542,treatment,0,6,0.302
4543,treatment,0,7,0.019
4544,treatment,0,8,0.587
4545,treatment,0,9,0.639
4546,treatment,0,10,0.158
4547,treatment,0,11,0.205
4548,treatment,0,12,0.494
4549,treatment,0,13,0.285
4550,treatment,0,14,0.368
4551,treatment,0,1,0.415
4552,treatment,0,2,0.452
4553,treatment,0,3,0.251
4554,treatment,0,4,0.417
4555,treatment,0,5,0.061
4556,treatment,0,6,0.269
4557,treatment,0,7,0.35
4558,treatment,0,8,0
4559,treatment,0,9,0.276
4560,treatment,0,10,0.276
4561,treatment,0,11,0.509
4562,treatment,0,12,0.423
4563,treatment,0,13,0.906
4564,treatment,0,14,0.542
4565,treatment,0,1,0.362
4566,treatment,0,2,0.289
4567,treatment,0,3,0.338
4568,treatment,0,4,0.538
4569,treatment,0,5,0.549
4570,treatment,0,6,0.311
4571,treatment,0,7,0.389
4572,treatment,0,8,0.52
4573,treatment,0,9,0
4574,treatment,0,10,0.463
4575,treatment,0,11,0.386
4576,treatment,0,12,0.383
4577,treatment,0,13,0.651
4578,treatment,0,14,0.586
4579,treatment,0,1,0.588
4580,treatment,0,2,0.674
4581,treatment,0,3,0.356
4582,treatment,0,4,0.466
4583,treatment,0,5,0.512
4584,treatment,0,6,0.384
4585,treatment,0,7,0.751
4586,treatment,0,8,0.208
4587,treatment,0,9,0.228
4588,treatment,1,10,0.431
4589,treatment,0,11,0.742
4590,treatment,0,12,0.372
4591,treatment,0,13,0.287
4592,treatment,0,14,0.415
4593,treatment,0,1,0.138
4594,treatment,0,2,0.356
4595,treatment,0,3,0.264
4596,treatment,0,4,0.411
4597,treatment,0,5,0.316
4598,treatment,0,6,0.245
4599,treatment,0,7,0.362
4600,treatment,0,8,0.369
4601,treatment,0,9,0.438
4602,treatment,0,10,0.076
4603,treatment,1,11,0.603
4604,treatment,0,12,0.512
4605,treatment,0,13,0.264
4606,treatment,0,14,0.392
4607,treatment,0,1,0.283
4608,treatment,0,2,0.553
4609,treatment,0,3,0.149
4610,treatment,0,4,0.385
4611,treatment,0,5,0.648
4612,treatment,0,6,0.265
4613,treatment,0,7,0.582
4614,treatment,0,8,0.124
4615,treatment,0,9,0.295
4616,treatment,0,10,0.527
4617,treatment,0,11,0.437
4618,treatment,0,12,0.536
4619,treatment,0,13,0.575
4620,treatment,0,14,0.44
4621,treatment,0,1,0.483
4622,treatment,0,2,0.209
4623,treatment,0,3,0.345
4624,treatment,0,4,0.358
4625,treatment,1,5,0.314
4626,treatment,0,6,0.346
4627,treatment,0,7,0.315
4628,treatment,0,8,0.639
4629,treatment,0,9,0.302
4630,treatment,0,10,0.306
4631,treatment,0,11,0.592
4632,treatment,0,12,0.722
4633,treatment,0,13,0.327
4634,treatment,0,14,0.755
4635,treatment,0,1,0.197
4636,treatment,0,2,0.339
4637,treatment,0,3,0.704
4638,treatment,0,4,0.211
4639,treatment,0,5,0.43
4640,treatment,0,6,0.535
4641,treatment,0,7,0.577
4642,treatment,1,8,0.391
4643,treatment,0,9,0.423
4644,treatment,0,10,0.335
4645,treatment,0,11,0.656
4646,treatment,0,12,0.417
4647,treatment,0,13,0.644
4648,treatment,0,14,0.272
4649,treatment,0,1,0.39
4650,treatment,0,2,0.396
4651,treatment,0,3,0.328
4652,treatment,0,4,0.229
4653,treatment,1,5,0.599
4654,treatment,0,6,0.285
4655,treatment,0,7,0.497
4656,treatment,0,8,0.859
4657,treatment,0,9,0.626
4658,treatment,0,10,0.273
4659,treatment,0,11,0.52
4660,treatment,0,12,0.472
4661,treatment,0,13,0.161
4662,treatment,0,14,0.287
4663,treatment,0,1,0.595
4664,treatment,0,2,0.571
4665,treatment,0,3,0.245
4666,treatment,0,4,0.235
4667,treatment,0,5,0.433
4668,treatment,0,6,0.303
4669,treatment,0,7,0.16
4670,treatment,0,8,0.213
4671,treatment,0,9,0.514
4672,treatment,0,10,0.411
4673,treatment,0,11,0.705
4674,treatment,0,12,0.352
4675,treatment,0,13,0.704
4676,treatment,0,14,0.177
4677,treatment,0,1,0.468
4678,treatment,0,2,0.513
4679,treatment,0,3,0.644
4680,treatment,0,4,0.18
4681,treatment,0,5,0.07
4682,treatment,0,6,0.264
4683,treatment,0,7,0.54
4684,treatment,0,8,0.37
4685,treatment,1,9,0
4686,treatment,0,10,0.549
4687,treatment,0,11,0.238
4688,treatment,0,12,0.256
4689,treatment,0,13,0.409
4690,treatment,0,14,0.352
4691,treatment,0,1,0.249
4692,treatment,0,2,0.343
4693,treatment,0,3,0.616
4694,treatment,0,4,0.705
4695,treatment,0,5,0.202
4696,treatment,0,6,0.422
4697,treatment,1,7,0.404
4698,treatment,0,8,0.332
4699,treatment,0,9,0.449
4700,treatment,0,10,0.601
4701,treatment,0,11,0
4702,treatment,0,12,0.606
4703,treatment,0,13,0.334
4704,treatment,0,14,0.549
4705,treatment,0,1,0.553
4706,treatment,0,2,0.598
4707,treatment,0,3,0.303
4708,treatment,0,4,0.559
4709,treatment,0,5,0.249
4710,treatment,0,6,0.738
4711,treatment,0,7,0.731
4712,treatment,0,8,0.342
4713,treatment,0,9,0.199
4714,treatment,0,10,0.843
4715,treatment,0,11,0.398
4716,treatment,0,12,0.459
4717,treatment,0,13,0.441
4718,treatment,0,14,0.488
4719,treatment,0,1,0.537
4720,treatment,0,2,0.324
4721,treatment,0,3,0.478
4722,treatment,0,4,0.429
4723,treatment,0,5,0.339
4724,treatment,0,6,0.89
4725,treatment,0,7,0.322
4726,treatment,0,8,0.614
4727,treatment,0,9,0.585
4728,treatment,0,10,0.356
4729,treatment,0,11,0.553
4730,treatment,0,12,0.749
4731,treatment,0,13,0.803
4732,treatment,0,14,0.53
4733,treatment,0,1,0.741
4734,treatment,0,2,0.417
4735,treatment,0,3,0.825
4736,treatment,0,4,0.774
4737,treatment,0,5,0.74
4738,treatment,0,6,0.277
4739,treatment,0,7,0.188
4740,treatment,0,8,0.151
4741,treatment,1,9,0.506
4742,treatment,0,10,0.186
4743,treatment,0,11,0.442
4744,treatment,0,12,0.22
4745,treatment,0,13,0.068
4746,treatment,0,14,0.485
4747,treatment,0,1,0.658
4748,treatment,0,2,0.708
4749,treatment,0,3,0.127
4750,treatment,0,4,0.499
4751,treatment,0,5,0.306
4752,treatment,0,6,0.257
4753,treatment,0,7,0.434
4754,treatment,0,8,0.319
4755,treatment,0,9,0.624
4756,treatment,0,10,0.525
4757,treatment,0,11,0.105
4758,treatment,0,12,0.498
4759,treatment,0,13,0.278
4760,treatment,1,14,0.485
4761,treatment,0,1,0.289
4762,treatment,0,2,0.554
4763,treatment,0,3,0.378
4764,treatment,0,4,0.497
4765,treatment,0,5,0.345
4766,treatment,0,6,0.586
4767,treatment,0,7,0.437
4768,treatment,0,8,0.414
4769,treatment,0,9,0.324
4770,treatment,0,10,0.303
4771,treatment,0,11,0.311
4772,treatment,0,12,0.444
4773,treatment,0,13,0.57
4774,treatment,0,14,0.704
4775,treatment,0,1,0.346
4776,treatment,0,2,0.399
4777,treatment,0,3,0.498
4778,treatment,0,4,0.495
4779,treatment,0,5,0.501
4780,treatment,0,6,0.414
4781,treatment,0,7,0.168
4782,treatment,0,8,0.36
4783,treatment,0,9,0.397
4784,treatment,0,10,0.551
4785,treatment,0,11,0.475
4786,treatment,0,12,0.806
4787,treatment,1,13,0.463
4788,treatment,0,14,0.448
4789,treatment,1,1,0.481
4790,treatment,0,2,0.489
4791,treatment,0,3,0.181
4792,treatment,0,4,0.465
4793,treatment,0,5,0.469
4794,treatment,0,6,0.224
4795,treatment,0,7,0.126
4796,treatment,0,8,0.525
4797,treatment,0,9,0.572
4798,treatment,0,10,0.441
4799,treatment,0,11,0.252
4800,treatment,0,12,0.477
4801,treatment,0,13,0.47
4802,treatment,0,14,0.178
4803,treatment,0,1,0.462
4804,treatment,0,2,0.656
4805,treatment,0,3,0.318
4806,treatment,0,4,0.648
4807,treatment,0,5,0.575
4808,treatment,0,6,0.328
4809,treatment,0,7,0.276
4810,treatment,0,8,0.347
4811,treatment,0,9,0.303
4812,treatment,0,10,0.349
4813,treatment,0,11,0.73
4814,treatment,0,12,0.275
4815,treatment,0,13,0.33
4816,treatment,0,14,0.324
4817,treatment,0,1,0.371
4818,treatment,0,2,0.361
4819,treatment,0,3,0.848
4820,treatment,0,4,0.356
4821,treatment,0,5,0.43
4822,treatment,0,6,0.412
4823,treatment,0,7,0.479
4824,treatment,0,8,0.343
4825,treatment,0,9,0.491
4826,treatment,0,10,0.344
4827,treatment,0,11,0.403
4828,treatment,0,12,0.309
4829,treatment,0,13,0.545
4830,treatment,0,14,0.137
4831,treatment,0,1,0.523
4832,treatment,0,2,0
4833,treatment,0,3,0.43
4834,treatment,0,4,0.359
4835,treatment,0,5,0.135
4836,treatment,0,6,0.22
4837,treatment,0,7,0.46
4838,treatment,0,8,0.392
4839,treatment,0,9,0.41
4840,treatment,0,10,0.543
4841,treatment,0,11,0.482
4842,treatment,0,12,0.408
4843,treatment,0,13,0.36
4844,treatment,0,14,0.775
4845,treatment,0,1,0.507
4846,treatment,0,2,0.325
4847,treatment,0,3,0.562
4848,treatment,0,4,0.358
4849,treatment,0,5,0.547
4850,treatment,1,6,0.442
4851,treatment,0,7,0.491
4852,treatment,0,8,0.463
4853,treatment,0,9,0.173
4854,treatment,0,10,0.399
4855,treatment,0,11,0.898
4856,treatment,0,12,0.176
4857,treatment,1,13,0
4858,treatment,0,14,0.285
4859,treatment,0,1,0.543
4860,treatment,0,2,0.583
4861,treatment,0,3,0.378
4862,treatment,0,4,0.075
4863,treatment,0,5,0.9
4864,treatment,0,6,0.416
4865,treatment,0,7,0.537
4866,treatment,0,8,0.24
4867,treatment,0,9,0.425
4868,treatment,0,10,0.445
4869,treatment,1,11,0.249
4870,treatment,0,12,0.312
4871,treatment,0,13,0.346
4872,treatment,0,14,0.409
4873,treatment,0,1,0.549
4874,treatment,0,2,0.281
4875,treatment,0,3,0.495
4876,treatment,0,4,0.557
4877,treatment,0,5,0.287
4878,treatment,0,6,0.52
4879,treatment,0,7,0.294
4880,treatment,0,8,0.317
4881,treatment,0,9,0.517
4882,treatment,0,10,0.66
4883,treatment,0,11,0.569
4884,treatment,0,12,0.393
4885,treatment,0,13,0.596
4886,treatment,0,14,0.622
4887,treatment,1,1,0.477
4888,treatment,1,2,0.392
4889,treatment,0,3,0.703
4890,treatment,0,4,0.375
4891,treatment,0,5,0.564
4892,treatment,0,6,0.409
4893,treatment,0,7,0.602
4894,treatment,0,8,0.195
4895,treatment,0,9,0.306
4896,treatment,1,10,0.692
4897,treatment,0,11,0.669
4898,treatment,0,12,0.694
4899,treatment,0,13,0.577
4900,treatment,0,14,0.496
4901,treatment,0,1,0.526
4902,treatment,0,2,0.215
4903,treatment,0,3,0.17
4904,treatment,0,4,0.309
4905,treatment,0,5,0.17
4906,treatment,0,6,0.265
4907,treatment,0,7,0.27
4908,treatment,0,8,0.475
4909,treatment,0,9,0.382
4910,treatment,0,10,0.592
4911,treatment,0,11,0.362
4912,treatment,0,12,0.559
4913,treatment,0,13,0.421
4914,treatment,0,14,0.691
4915,treatment,0,1,0.519
4916,treatment,0,2,0.152
4917,treatment,0,3,0.422
4918,treatment,1,4,0.332
4919,treatment,0,5,0.691
4920,treatment,0,6,0.548
4921,treatment,0,7,0.458
4922,treatment,0,8,0.463
4923,treatment,0,9,0.305
4924,treatment,0,10,0.35
4925,treatment,0,11,0.51
4926,treatment,0,12,0.463
4927,treatment,0,13,0.484
4928,treatment,0,14,0.521
4929,treatment,0,1,0.494
4930,treatment,0,2,0.678
4931,treatment,0,3,0.202
4932,treatment,0,4,0.3
4933,treatment,0,5,0.488
4934,treatment,0,6,0.507
4935,treatment,0,7,0.389
4936,treatment,0,8,0.43
4937,treatment,0,9,0.692
4938,treatment,0,10,0.315
4939,treatment,0,11,0.545
4940,treatment,0,12,0.372
4941,treatment,0,13,0.527
4942,treatment,0,14,0.253
4943,treatment,0,1,0.257
4944,treatment,0,2,0.693
4945,treatment,0,3,0.479
4946,treatment,0,4,0.366
4947,treatment,0,5,0.183
4948,treatment,0,6,0.21
4949,treatment,0,7,0.548
4950,treatment,0,8,0.231
4951,treatment,0,9,0.731
4952,treatment,0,10,0.383
4953,treatment,0,11,0.468
4954,treatment,0,12,0.499
4955,treatment,0,13,0.642
4956,treatment,0,14,0.533
4957,treatment,0,1,0.31
4958,treatment,0,2,0.609
4959,treatment,0,3,0.412
4960,treatment,0,4,0.231
4961,treatment,0,5,0.269
4962,treatment,0,6,0.135
4963,treatment,0,7,0.215
4964,treatment,0,8,0.361
4965,treatment,0,9,0.383
4966,treatment,1,10,0.541
4967,treatment,0,11,0.527
4968,treatment,0,12,0.359
4969,treatment,0,13,0.504
4970,treatment,0,14,0.399
4971,treatment,0,1,0.279
4972,treatment,0,2,0.149
4973,treatment,0,3,0.486
4974,treatment,0,4,0.638
4975,treatment,0,5,0.308
4976,treatment,0,6,0.402
4977,treatment,0,7,0.349
4978,treatment,0,8,0.292
4979,treatment,0,9,0.676
4980,treatment,0,10,0.415
4981,treatment,0,11,0.474
4982,treatment,0,12,0.665
4983,treatment,0,13,0.266
4984,treatment,0,14,0.461
4985,treatment,0,1,0.417
4986,treatment,0,2,0.64
4987,treatment,0,3,0.204
4988,treatment,0,4,0.501
4989,treatment,0,5,0.425
4990,treatment,0,6,0.54
4991,treatment,0,7,0.345
4992,treatment,0,8,0.871
4993,treatment,0,9,0.252
4994,treatment,0,10,0.459
4995,treatment,0,11,0.387
4996,treatment,0,12,0.251
4997,treatment,0,13,0.464
4998,treatment,0,14,0.405
4999,treatment,0,1,0.375
5000,treatment,0,2,0.275
5001,treatment,0,3,0.356
5002,treatment,0,4,0.357
5003,treatment,0,5,0.838
5004,treatment,1,6,0.309
5005,treatment,0,7,0.491
5006,treatment,0,8,0.38
5007,treatment,0,9,0.298
5008,treatment,0,10,0.404
5009,treatment,0,11,0.558
5010,treatment,0,12,0.278
5011,treatment,0,13,0.195
5012,treatment,0,14,0.416
5013,treatment,0,1,0.758
5014,treatment,0,2,0.379
5015,treatment,0,3,0.459
5016,treatment,0,4,0.331
5017,treatment,0,5,0.399
5018,treatment,0,6,0.43
5019,treatment,0,7,0.411
5020,treatment,0,8,0.498
5021,treatment,0,9,0.639
5022,treatment,0,10,0.344
5023,treatment,0,11,0.244
5024,treatment,0,12,0.234
5025,treatment,0,13,0.357
5026,treatment,0,14,0.34
5027,treatment,0,1,0.493
5028,treatment,0,2,0.695
5029,treatment,0,3,0.491
5030,treatment,0,4,0.306
5031,treatment,0,5,0.119
5032,treatment,0,6,0.293
5033,treatment,0,7,0.318
5034,treatment,0,8,0.398
5035,treatment,0,9,0.555
5036,treatment,0,10,0.473
5037,treatment,0,11,0.376
5038,treatment,0,12,0.151
5039,treatment,0,13,0.586
5040,treatment,0,14,0.565
5041,treatment,0,1,0.343
5042,treatment,0,2,0.589
5043,treatment,0,3,0.375
5044,treatment,0,4,0.509
5045,treatment,0,5,0.491
5046,treatment,0,6,0.168
5047,treatment,0,7,0.139
5048,treatment,0,8,0.68
5049,treatment,0,9,0.035
5050,treatment,0,10,0.39
5051,treatment,0,11,0.411
5052,treatment,0,12,0.392
5053,treatment,0,13,0.055
5054,treatment,0,14,0.441
5055,treatment,0,1,0.415
5056,treatment,0,2,0.101
5057,treatment,0,3,0.376
5058,treatment,0,4,0.265
5059,treatment,0,5,0.343
5060,treatment,0,6,0.403
5061,treatment,0,7,0.347
5062,treatment,0,8,0.229
5063,treatment,0,9,0.418
5064,treatment,0,10,0.536
5065,treatment,0,11,0.408
5066,treatment,0,12,0.438
5067,treatment,0,13,0.207
5068,treatment,0,14,0.32
5069,treatment,0,1,0.663
5070,treatment,0,2,0.149
5071,treatment,0,3,0.624
5072,treatment,0,4,0.351
5073,treatment,0,5,0.165
5074,treatment,0,6,0.355
5075,treatment,0,7,0.202
5076,treatment,1,8,0.095
5077,treatment,1,9,0.472
5078,treatment,0,10,0.161
5079,treatment,0,11,0.591
5080,treatment,0,12,0.288
5081,treatment,0,13,0.493
5082,treatment,0,14,0.473
5083,treatment,1,1,0.438
5084,treatment,0,2,0.319
5085,treatment,0,3,0.458
5086,treatment,0,4,0.384
5087,treatment,0,5,0.605
5088,treatment,0,6,0.5
5089,treatment,0,7,0.158
5090,treatment,0,8,0.451
5091,treatment,0,9,0.64
5092,treatment,0,10,0.699
5093,treatment,0,11,0.163
5094,treatment,0,12,0.759
5095,treatment,0,13,0.421
5096,treatment,0,14,0.505
5097,treatment,0,1,0.191
5098,treatment,0,2,0.41
5099,treatment,0,3,0.28
5100,treatment,0,4,0.567
5101,treatment,0,5,0.242
5102,treatment,0,6,0.276
5103,treatment,0,7,0.644
5104,treatment,0,8,0.505
5105,treatment,0,9,0.474
5106,treatment,0,10,0.673
5107,treatment,0,11,0.62
5108,treatment,0,12,0.28
5109,treatment,0,13,0.602
5110,treatment,0,14,0.709
5111,treatment,0,1,0.496
5112,treatment,0,2,0.352
5113,treatment,0,3,0.217
5114,treatment,0,4,0.35
5115,treatment,0,5,0.387
5116,treatment,0,6,0.378
5117,treatment,0,7,0.43
5118,treatment,0,8,0.383
5119,treatment,0,9,0.417
5120,treatment,0,10,0.192
5121,treatment,0,11,0.29
5122,treatment,0,12,0.473
5123,treatment,0,13,0.421
5124,treatment,0,14,0.818
5125,treatment,0,1,0.267
5126,treatment,0,2,0.483
5127,treatment,0,3,0.471
5128,treatment,0,4,0.275
5129,treatment,0,5,0.268
5130,treatment,1,6,0.105
5131,treatment,0,7,0.57
5132,treatment,0,8,0.724
5133,treatment,0,9,0.697
5134,treatment,0,10,0.278
5135,treatment,0,11,0.379
5136,treatment,0,12,0.581
5137,treatment,0,13,0.348
5138,treatment,0,14,0.461
5139,treatment,0,1,0.349
5140,treatment,0,2,0.763
5141,treatment,0,3,0.816
5142,treatment,0,4,0.393
5143,treatment,0,5,0.38
5144,treatment,0,6,0.301
5145,treatment,0,7,0.399
5146,treatment,0,8,0.45
5147,treatment,0,9,0.56
5148,treatment,0,10,0.371
5149,treatment,0,11,0.33
5150,treatment,0,12,0.42
5151,treatment,0,13,0.444
5152,treatment,0,14,0.103
5153,treatment,0,1,0.237
5154,treatment,0,2,0.273
5155,treatment,0,3,0.1
5156,treatment,0,4,0.651
5157,treatment,0,5,0.31
5158,treatment,0,6,0.226
5159,treatment,0,7,0.404
5160,treatment,0,8,0.283
5161,treatment,0,9,0.459
5162,treatment,0,10,0.474
5163,treatment,0,11,0.094
5164,treatment,0,12,0.233
5165,treatment,0,13,0.546
5166,treatment,0,14,0.611
5167,treatment,0,1,0.497
5168,treatment,0,2,0.149
5169,treatment,0,3,0.479
5170,treatment,0,4,0.302
5171,treatment,0,5,0.422
5172,treatment,1,6,0.408
5173,treatment,0,7,0.284
5174,treatment,0,8,0.421
5175,treatment,0,9,0.792
5176,treatment,0,10,0.528
5177,treatment,0,11,0.77
5178,treatment,0,12,0.564
5179,treatment,0,13,0
5180,treatment,0,14,0.8
5181,treatment,0,1,0.499
5182,treatment,0,2,0.488
5183,treatment,0,3,0.385
5184,treatment,0,4,0.457
5185,treatment,0,5,0.771
5186,treatment,0,6,0.62
5187,treatment,0,7,0.464
5188,treatment,0,8,0.4
5189,treatment,0,9,0.322
5190,treatment,0,10,0.668
5191,treatment,0,11,0.519
5192,treatment,0,12,0.115
5193,treatment,0,13,0.588
5194,treatment,0,14,0.469
5195,treatment,0,1,0.51
5196,treatment,0,2,0.628
5197,treatment,0,3,0.462
5198,treatment,0,4,0.372
5199,treatment,0,5,0.561
5200,treatment,0,6,0.422
5201,treatment,0,7,0.416
5202,treatment,0,8,0.15
5203,treatment,0,9,0.474
5204,treatment,0,10,0.27
5205,treatment,0,11,0.439
5206,treatment,0,12,0.263
5207,treatment,0,13,0.281
5208,treatment,0,14,0.332
5209,treatment,0,1,0.552
5210,treatment,0,2,0.629
5211,treatment,0,3,0.097
5212,treatment,0,4,0.427
5213,treatment,0,5,0.473
5214,treatment,0,6,0.438
5215,treatment,0,7,0.453
5216,treatment,0,8,0.572
5217,treatment,0,9,0.568
5218,treatment,0,10,0.722
5219,treatment,0,11,0.642
5220,treatment,0,12,0.267
5221,treatment,1,13,0.559
5222,treatment,0,14,0.215
5223,treatment,0,1,0.21
5224,treatment,0,2,0.614
5225,treatment,0,3,0.527
5226,treatment,0,4,0.399
5227,treatment,0,5,0.64
5228,treatment,0,6,0.428
5229,treatment,0,7,0.339
5230,treatment,0,8,0.309
5231,treatment,0,9,0.569
5232,treatment,0,10,0.316
5233,treatment,0,11,0.316
5234,treatment,0,12,0.57
5235,treatment,0,13,0.437
5236,treatment,0,14,0.344
5237,treatment,0,1,0.378
5238,treatment,0,2,0.736
5239,treatment,0,3,0.265
5240,treatment,0,4,0.402
5241,treatment,0,5,0.551
5242,treatment,0,6,0.496
5243,treatment,0,7,0.217
5244,treatment,0,8,0.566
5245,treatment,0,9,0.222
5246,treatment,0,10,0.39
5247,treatment,0,11,0.575
5248,treatment,0,12,0.236
5249,treatment,0,13,0.363
5250,treatment,0,14,0.656
5251,treatment,0,1,0.642
5252,treatment,0,2,0.345
5253,treatment,0,3,0.442
5254,treatment,1,4,0.628
5255,treatment,0,5,0.497
5256,treatment,0,6,0.482
5257,treatment,0,7,0.297
5258,treatment,0,8,0.366
5259,treatment,0,9,0.631
5260,treatment,0,10,0.535
5261,treatment,0,11,0.642
5262,treatment,0,12,0.505
5263,treatment,0,13,0.69
5264,treatment,0,14,0.483
5265,treatment,0,1,0.476
5266,treatment,0,2,0.561
5267,treatment,0,3,0.424
5268,treatment,0,4,0.323
5269,treatment,0,5,0.159
5270,treatment,0,6,0.443
5271,treatment,0,7,0.443
5272,treatment,0,8,0.192
5273,treatment,0,9,0.197
5274,treatment,0,10,0.419
5275,treatment,0,11,0.701
5276,treatment,0,12,0.376
5277,treatment,0,13,0.082
5278,treatment,0,14,0.444
5279,treatment,0,1,0.512
5280,treatment,0,2,0.66
5281,treatment,0,3,0.368
5282,treatment,0,4,0.238
5283,treatment,0,5,0.615
5284,treatment,0,6,0.371
5285,treatment,0,7,0.544
5286,treatment,0,8,0.244
5287,treatment,0,9,0.765
5288,treatment,0,10,0.218
5289,treatment,0,11,0.495
5290,treatment,0,12,0.61
5291,treatment,0,13,0.457
5292,treatment,0,14,0.193
5293,treatment,0,1,0.317
5294,treatment,0,2,0.157
5295,treatment,0,3,0.315
5296,treatment,0,4,0.311
5297,treatment,0,5,0.248
5298,treatment,0,6,0.597
5299,treatment,0,7,0.303
5300,treatment,0,8,0.47
5301,treatment,0,9,0.391
5302,treatment,0,10,0.253
5303,treatment,0,11,0.598
5304,treatment,0,12,0.475
5305,treatment,0,13,0.442
5306,treatment,0,14,0.438
5307,treatment,0,1,0.771
5308,treatment,0,2,0.525
5309,treatment,0,3,0.313
5310,treatment,0,4,0.25
5311,treatment,0,5,0.233
5312,treatment,0,6,0.293
5313,treatment,0,7,0.375
5314,treatment,0,8,0.571
5315,treatment,0,9,0.513
5316,treatment,0,10,0.282
5317,treatment,0,11,0.325
5318,treatment,0,12,0.447
5319,treatment,0,13,0.378
5320,treatment,0,14,0.413
5321,treatment,0,1,0.408
5322,treatment,0,2,0.589
5323,treatment,0,3,0.587
5324,treatment,0,4,0.689
5325,treatment,0,5,0.382
5326,treatment,0,6,0.682
5327,treatment,0,7,0.626
5328,treatment,0,8,0.268
5329,treatment,1,9,0.46
5330,treatment,0,10,0.477
5331,treatment,0,11,0.509
5332,treatment,0,12,0.239
5333,treatment,0,13,0.666
5334,treatment,0,14,0.329
5335,treatment,0,1,0.419
5336,treatment,1,2,0.438
5337,treatment,0,3,0.225
5338,treatment,0,4,0.767
5339,treatment,0,5,0.789
5340,treatment,0,6,0.693
5341,treatment,0,7,0.367
5342,treatment,0,8,0.498
5343,treatment,0,9,0.447
5344,treatment,0,10,0.536
5345,treatment,0,11,0.411
5346,treatment,0,12,0.404
5347,treatment,0,13,0.326
5348,treatment,0,14,0.388
5349,treatment,0,1,0.211
5350,treatment,0,2,0.477
5351,treatment,0,3,0.181
5352,treatment,0,4,0.33
5353,treatment,0,5,0.592
5354,treatment,0,6,0.341
5355,treatment,1,7,0.438
5356,treatment,0,8,0.127
5357,treatment,0,9,0.452
5358,treatment,0,10,0.492
5359,treatment,0,11,0.312
5360,treatment,0,12,0.435
5361,treatment,0,13,0.302
5362,treatment,0,14,0.521
5363,treatment,0,1,0.15
5364,treatment,0,2,0.41
5365,treatment,0,3,0.33
5366,treatment,0,4,0.346
5367,treatment,0,5,0.176
5368,treatment,0,6,0.43
5369,treatment,1,7,0.52
5370,treatment,0,8,0.095
5371,treatment,0,9,0.319
5372,treatment,0,10,0.024
5373,treatment,0,11,0.138
5374,treatment,0,12,0.456
5375,treatment,0,13,0.58
5376,treatment,0,14,0.12
5377,treatment,0,1,0.442
5378,treatment,0,2,0
5379,treatment,0,3,0.44
5380,treatment,1,4,0.763
5381,treatment,0,5,0.414
5382,treatment,0,6,0.632
5383,treatment,0,7,0.183
5384,treatment,0,8,0.403
5385,treatment,0,9,0.534
5386,treatment,0,10,0.434
5387,treatment,0,11,0.775
5388,treatment,0,12,0.372
5389,treatment,0,13,0.275
5390,treatment,0,14,0.275
5391,treatment,0,1,0.181
5392,treatment,0,2,0.329
5393,treatment,0,3,0.235
5394,treatment,0,4,0.695
5395,treatment,0,5,0.46
5396,treatment,0,6,0.637
5397,treatment,0,7,0.37
5398,treatment,0,8,0.326
5399,treatment,0,9,0.059
5400,treatment,0,10,0.339
5401,treatment,0,11,0.501
5402,treatment,0,12,0.339
5403,treatment,0,13,0.479
5404,treatment,0,14,0.33
5405,treatment,0,1,0.368
5406,treatment,0,2,0.694
5407,treatment,0,3,0.345
5408,treatment,0,4,0.486
5409,treatment,0,5,0.558
5410,treatment,0,6,0.854
5411,treatment,0,7,0.655
5412,treatment,0,8,0.47
5413,treatment,0,9,0.652
5414,treatment,0,10,0.078
5415,treatment,0,11,0.103
5416,treatment,0,12,0.453
5417,treatment,0,13,0.186
5418,treatment,0,14,0.591
5419,treatment,0,1,0.55
5420,treatment,0,2,0.434
5421,treatment,0,3,0.206
5422,treatment,0,4,0.376
5423,treatment,0,5,0.419
5424,treatment,0,6,0.375
5425,treatment,0,7,0.332
5426,treatment,0,8,0.344
5427,treatment,0,9,0.655
5428,treatment,0,10,0.522
5429,treatment,0,11,0.314
5430,treatment,0,12,0.505
5431,treatment,0,13,0.657
5432,treatment,0,14,0.562
5433,treatment,0,1,0.356
5434,treatment,0,2,0.499
5435,treatment,0,3,0.432
5436,treatment,0,4,0.457
5437,treatment,0,5,0.577
5438,treatment,0,6,0.116
5439,treatment,0,7,0.472
5440,treatment,0,8,0.707
5441,treatment,0,9,0.878
5442,treatment,0,10,0.514
5443,treatment,0,11,0.604
5444,treatment,0,12,0.555
5445,treatment,0,13,0.417
5446,treatment,0,14,0.255
5447,treatment,0,1,0.507
5448,treatment,0,2,0.114
5449,treatment,0,3,0.292
5450,treatment,0,4,0.255
5451,treatment,0,5,0.482
5452,treatment,0,6,0.729
5453,treatment,0,7,0.459
5454,treatment,0,8,0.445
5455,treatment,0,9,0.446
5456,treatment,0,10,0.477
5457,treatment,0,11,0.509
5458,treatment,0,12,0.356
5459,treatment,0,13,0.179
5460,treatment,0,14,0.538
5461,treatment,0,1,0.687
5462,treatment,0,2,0.077
5463,treatment,0,3,0.413
5464,treatment,0,4,0.547
5465,treatment,0,5,0.537
5466,treatment,0,6,0.514
5467,treatment,0,7,0.455
5468,treatment,0,8,0.447
5469,treatment,0,9,0.481
5470,treatment,0,10,0.289
5471,treatment,0,11,0.194
5472,treatment,0,12,0.245
5473,treatment,0,13,0.531
5474,treatment,0,14,0.357
5475,treatment,0,1,0.309
5476,treatment,1,2,0.654
5477,treatment,0,3,0.464
5478,treatment,0,4,0.661
5479,treatment,0,5,0.26
5480,treatment,0,6,0.088
5481,treatment,0,7,0.119
5482,treatment,0,8,0.507
5483,treatment,0,9,0.429
5484,treatment,0,10,0.362
5485,treatment,0,11,0.253
5486,treatment,0,12,0.333
5487,treatment,0,13,0.731
5488,treatment,0,14,0.483
5489,treatment,0,1,0.446
5490,treatment,0,2,0.581
5491,treatment,0,3,0.394
5492,treatment,0,4,0.558
5493,treatment,0,5,0.607
5494,treatment,0,6,0.461
5495,treatment,0,7,0.106
5496,treatment,0,8,0.409
5497,treatment,0,9,0.601
5498,treatment,0,10,0.398
5499,treatment,0,11,0.013
5500,treatment,0,12,0.372
5501,treatment,1,13,0.498
5502,treatment,0,14,0.644
5503,treatment,0,1,0.337
5504,treatment,0,2,0.5
5505,treatment,0,3,0.308
5506,treatment,0,4,0.051
5507,treatment,0,5,0.462
5508,treatment,0,6,0.589
5509,treatment,0,7,0.572
5510,treatment,0,8,0.708
5511,treatment,0,9,0.357
5512,treatment,0,10,0.313
5513,treatment,0,11,0.202
5514,treatment,0,12,0.435
5515,treatment,0,13,0.752
5516,treatment,0,14,0.502
5517,treatment,0,1,0.336
5518,treatment,0,2,0.313
5519,treatment,0,3,0.11
5520,treatment,0,4,0.86
5521,treatment,0,5,0.241
5522,treatment,0,6,0.533
5523,treatment,0,7,0.556
5524,treatment,0,8,0.479
5525,treatment,0,9,0.642
5526,treatment,0,10,0.455
5527,treatment,0,11,0.465
5528,treatment,0,12,0.461
5529,treatment,0,13,0.206
5530,treatment,0,14,0.731
5531,treatment,0,1,0.533
5532,treatment,0,2,0.476
5533,treatment,0,3,0.458
5534,treatment,0,4,0.309
5535,treatment,0,5,0.38
5536,treatment,0,6,0.473
5537,treatment,1,7,0.183
5538,treatment,0,8,0.238
5539,treatment,0,9,0.403
5540,treatment,0,10,0.418
5541,treatment,0,11,0.424
5542,treatment,0,12,0.361
5543,treatment,0,13,0.428
5544,treatment,0,14,0.598
5545,treatment,0,1,0.115
5546,treatment,0,2,0.503
5547,treatment,0,3,0.374
5548,treatment,0,4,0.525
5549,treatment,0,5,0.569
5550,treatment,0,6,0.355
5551,treatment,0,7,0.642
5552,treatment,0,8,0.694
5553,treatment,0,9,0.522
5554,treatment,0,10,0.348
5555,treatment,0,11,0.472
5556,treatment,0,12,0.654
5557,treatment,0,13,0.347
5558,treatment,0,14,0.467
5559,treatment,0,1,0.795
5560,treatment,0,2,0.596
5561,treatment,0,3,0.41
5562,treatment,1,4,0.262
5563,treatment,0,5,0.644
5564,treatment,0,6,0.174
5565,treatment,0,7,0.495
5566,treatment,0,8,0.416
5567,treatment,0,9,0.623
5568,treatment,0,10,0.53
5569,treatment,0,11,0.768
5570,treatment,0,12,0.601
5571,treatment,0,13,0.518
5572,treatment,0,14,0.429
5573,treatment,0,1,0.418
5574,treatment,0,2,0.525
5575,treatment,0,3,0.277
5576,treatment,0,4,0.243
5577,treatment,0,5,0.241
5578,treatment,0,6,0.388
5579,treatment,0,7,0.638
5580,treatment,0,8,0.545
5581,treatment,0,9,0.438
5582,treatment,1,10,0.23
5583,treatment,0,11,0.235
5584,treatment,0,12,0.308
5585,treatment,0,13,0.488
5586,treatment,0,14,0.514
5587,treatment,0,1,0.592
5588,treatment,0,2,0.786
5589,treatment,1,3,0.507
5590,treatment,0,4,0.23
5591,treatment,0,5,0.518
5592,treatment,0,6,0.446
5593,treatment,0,7,0.399
5594,treatment,0,8,0.333
5595,treatment,0,9,0.358
5596,treatment,0,10,0.395
5597,treatment,0,11,0.656
5598,treatment,0,12,0.403
5599,treatment,0,13,0.473
5600,treatment,0,14,0.722
5601,treatment,0,1,0.347
5602,treatment,0,2,0.637
5603,treatment,0,3,0.507
5604,treatment,0,4,0.358
5605,treatment,0,5,0.548
5606,treatment,0,6,0.686
5607,treatment,0,7,0.424
5608,treatment,0,8,0.358
5609,treatment,0,9,0.293
5610,treatment,0,10,0.206
5611,treatment,0,11,0.616
5612,treatment,0,12,0.178
5613,treatment,0,13,0.291
5614,treatment,0,14,0.371
5615,treatment,0,1,0.428
5616,treatment,0,2,0.353
5617,treatment,0,3,0.582
5618,treatment,0,4,0.375
5619,treatment,0,5,0.309
5620,treatment,0,6,0.286
5621,treatment,0,7,0.441
5622,treatment,0,8,0.436
5623,treatment,0,9,0.484
5624,treatment,0,10,0.2
5625,treatment,0,11,0.671
5626,treatment,0,12,0.498
5627,treatment,0,13,0.393
5628,treatment,0,14,0.249
5629,treatment,0,1,0.144
5630,treatment,0,2,0.297
5631,treatment,0,3,0.73
5632,treatment,0,4,0.182
5633,treatment,0,5,0.571
5634,treatment,0,6,0.557
5635,treatment,0,7,0.551
5636,treatment,0,8,0.262
5637,treatment,0,9,0.319
5638,treatment,0,10,0.325
5639,treatment,0,11,0.177
5640,treatment,0,12,0.467
5641,treatment,0,13,0.525
5642,treatment,0,14,0
5643,treatment,0,1,0.536
5644,treatment,0,2,0.829
5645,treatment,0,3,0.458
5646,treatment,0,4,0.459
5647,treatment,0,5,0.351
5648,treatment,0,6,0.194
5649,treatment,0,7,0.168
5650,treatment,0,8,0.55
5651,treatment,0,9,0.581
5652,treatment,0,10,0.7
5653,treatment,0,11,0.048
5654,treatment,0,12,0.467
5655,treatment,0,13,0.17
5656,treatment,0,14,0.429
5657,treatment,0,1,0.777
5658,treatment,0,2,0.651
5659,treatment,0,3,0.509
5660,treatment,0,4,0.546
5661,treatment,0,5,0.433
5662,treatment,1,6,0.384
5663,treatment,0,7,0.205
5664,treatment,0,8,0.04
5665,treatment,0,9,0.283
5666,treatment,0,10,0.29
5667,treatment,0,11,0.475
5668,treatment,1,12,0.836
5669,treatment,0,13,0.403
5670,treatment,0,14,0.325
5671,treatment,0,1,0.102
5672,treatment,0,2,0.161
5673,treatment,0,3,0.275
5674,treatment,0,4,0.262
5675,treatment,0,5,0.353
5676,treatment,0,6,0.713
5677,treatment,0,7,0.281
5678,treatment,0,8,0.633
5679,treatment,0,9,0.715
5680,treatment,0,10,0.355
5681,treatment,0,11,0.43
5682,treatment,0,12,0.477
5683,treatment,0,13,0.41
5684,treatment,0,14,0.348
5685,treatment,0,1,0.309
5686,treatment,0,2,0.658
5687,treatment,0,3,0.341
5688,treatment,0,4,0.474
5689,treatment,0,5,0.564
5690,treatment,0,6,0.588
5691,treatment,0,7,0.592
5692,treatment,0,8,0.394
5693,treatment,0,9,0.338
5694,treatment,0,10,0.588
5695,treatment,0,11,0.015
5696,treatment,0,12,0.891
5697,treatment,0,13,0.518
5698,treatment,0,14,0.573
5699,treatment,0,1,0.565
5700,treatment,0,2,0.372
5701,treatment,0,3,0.299
5702,treatment,0,4,0.49
5703,treatment,0,5,0.258
5704,treatment,0,6,0.541
5705,treatment,0,7,0.235
5706,treatment,0,8,0.6
5707,treatment,0,9,0.409
5708,treatment,0,10,0.661
5709,treatment,0,11,0.853
5710,treatment,0,12,0.25
5711,treatment,0,13,0.427
5712,treatment,0,14,0.343
5713,treatment,1,1,0.722
5714,treatment,0,2,0.195
5715,treatment,0,3,0.243
5716,treatment,0,4,0.376
5717,treatment,0,5,0.497
5718,treatment,0,6,0.46
5719,treatment,0,7,0.528
5720,treatment,0,8,0.254
5721,treatment,0,9,0.164
5722,treatment,0,10,0.752
5723,treatment,1,11,0.309
5724,treatment,0,12,0.37
5725,treatment,0,13,0.279
5726,treatment,0,14,0.431
5727,treatment,0,1,0.051
5728,treatment,1,2,0.406
5729,treatment,0,3,0.151
5730,treatment,0,4,0.606
5731,treatment,0,5,0.56
5732,treatment,0,6,0.418
5733,treatment,0,7,0.381
5734,treatment,0,8,0.438
5735,treatment,0,9,0.303
5736,treatment,0,10,0.397
5737,treatment,0,11,0.539
5738,treatment,0,12,0.198
5739,treatment,0,13,0.269
5740,treatment,0,14,0.355
5741,treatment,0,1,0.47
5742,treatment,0,2,0.657
5743,treatment,0,3,0.673
5744,treatment,0,4,0.385
5745,treatment,0,5,0.458
5746,treatment,0,6,0.349
5747,treatment,0,7,0.309
5748,treatment,0,8,0.14
5749,treatment,0,9,0.417
5750,treatment,0,10,0.261
5751,treatment,0,11,0.329
5752,treatment,0,12,0.488
5753,treatment,0,13,0.354
5754,treatment,0,14,0.469
5755,treatment,0,1,0.063
5756,treatment,0,2,0.11
5757,treatment,0,3,0.356
5758,treatment,0,4,0.733
5759,treatment,1,5,0.42
5760,treatment,0,6,0.393
5761,treatment,0,7,0.464
5762,treatment,0,8,0.695
5763,treatment,0,9,0.586
5764,treatment,0,10,0.55
5765,treatment,0,11,0
5766,treatment,0,12,0.31
5767,treatment,0,13,0.423
5768,treatment,0,14,0.189
5769,treatment,0,1,0.719
5770,treatment,0,2,0.428
5771,treatment,0,3,0.072
5772,treatment,0,4,0.5
5773,treatment,0,5,0.751
5774,treatment,0,6,0.267
5775,treatment,0,7,0.037
5776,treatment,0,8,0.399
5777,treatment,0,9,0.489
5778,treatment,0,10,0.424
5779,treatment,0,11,0.576
5780,treatment,0,12,0.538
5781,treatment,0,13,0.441
5782,treatment,0,14,0.223
5783,treatment,0,1,0.426
5784,treatment,0,2,0.163
5785,treatment,0,3,0.603
5786,treatment,0,4,0.4
5787,treatment,0,5,0.387
5788,treatment,0,6,0.166
5789,treatment,0,7,0.183
5790,treatment,0,8,0.676
5791,treatment,0,9,0.19
5792,treatment,0,10,0.373
5793,treatment,0,11,0.413
5794,treatment,0,12,0.378
5795,treatment,0,13,0.585
5796,treatment,0,14,0.416
5797,treatment,1,1,0.293
5798,treatment,0,2,0.543
5799,treatment,0,3,0.456
5800,treatment,0,4,0.455
5801,treatment,0,5,0.502
5802,treatment,0,6,0.012
5803,treatment,0,7,0.549
5804,treatment,0,8,0.448
5805,treatment,0,9,0.596
5806,treatment,0,10,0.514
5807,treatment,0,11,0.276
5808,treatment,0,12,0.61
5809,treatment,0,13,0.049
5810,treatment,0,14,0.751
5811,treatment,0,1,0.332
5812,treatment,0,2,0.342
5813,treatment,0,3,0.459
5814,treatment,0,4,0.563
5815,treatment,0,5,0.55
5816,treatment,0,6,0.339
5817,treatment,1,7,0.49
5818,treatment,0,8,0.462
5819,treatment,0,9,0.331
5820,treatment,1,10,0.616
5821,treatment,0,11,0.468
5822,treatment,0,12,0.731
5823,treatment,0,13,0
5824,treatment,0,14,0.243
5825,treatment,0,1,0.524
5826,treatment,0,2,0.245
5827,treatment,0,3,0.311
5828,treatment,0,4,0.197
5829,treatment,0,5,0.403
5830,treatment,0,6,0.636
5831,treatment,0,7,0.388
5832,treatment,0,8,0.337
5833,treatment,0,9,0.687
5834,treatment,0,10,0.388
5835,treatment,0,11,0.485
5836,treatment,0,12,0.183
5837,treatment,0,13,0.724
5838,treatment,1,14,0.174
5839,treatment,0,1,0.54
5840,treatment,0,2,0.336
5841,treatment,0,3,0.25
5842,treatment,0,4,0.286
5843,treatment,0,5,0.548
5844,treatment,0,6,0.387
5845,treatment,0,7,0.349
5846,treatment,0,8,0.219
5847,treatment,0,9,0.655
5848,treatment,0,10,0.522
5849,treatment,0,11,0.597
5850,treatment,0,12,0.638
5851,treatment,0,13,0.868
5852,treatment,0,14,0.43
5853,treatment,0,1,0.44
5854,treatment,1,2,0.454
5855,treatment,0,3,0.71
5856,treatment,0,4,0.543
5857,treatment,0,5,0.685
5858,treatment,0,6,0.615
5859,treatment,0,7,0.345
5860,treatment,0,8,0.727
5861,treatment,0,9,0.575
5862,treatment,0,10,0.421
5863,treatment,1,11,0.221
5864,treatment,0,12,0.903
5865,treatment,0,13,0.31
5866,treatment,0,14,0.54
5867,treatment,0,1,0.15
5868,treatment,0,2,0.366
5869,treatment,0,3,0.579
5870,treatment,0,4,0.434
5871,treatment,0,5,0.623
5872,treatment,0,6,0.411
5873,treatment,0,7,0.314
5874,treatment,0,8,0.361
5875,treatment,0,9,0.535
5876,treatment,0,10,0.613
5877,treatment,0,11,0.196
5878,treatment,0,12,0.252
5879,treatment,0,13,0.499
5880,treatment,0,14,0.222
5881,treatment,0,1,0.416
5882,treatment,0,2,0.254
5883,treatment,0,3,0.402
5884,treatment,0,4,0.172
5885,treatment,0,5,0.379
5886,treatment,0,6,0.134
5887,treatment,0,7,0.52
5888,treatment,0,8,0.193
5889,treatment,0,9,0.453
5890,treatment,0,10,0.762
5891,treatment,0,11,0.341
5892,treatment,0,12,0.49
5893,treatment,0,13,0.532
5894,treatment,0,14,0.361
5895,treatment,0,1,0.648
5896,treatment,0,2,0.323
5897,treatment,0,3,0.153
5898,treatment,0,4,0.253
5899,treatment,0,5,0.66
5900,treatment,0,6,0.811
5901,treatment,0,7,0.018
5902,treatment,0,8,0.668
5903,treatment,0,9,0.474
5904,treatment,0,10,0.639
5905,treatment,0,11,0.485
5906,treatment,0,12,0.564
5907,treatment,0,13,0.386
5908,treatment,0,14,0.436
5909,treatment,0,1,0.301
5910,treatment,0,2,0.423
5911,treatment,0,3,0.606
5912,treatment,0,4,0.486
5913,treatment,0,5,0.458
5914,treatment,0,6,0.408
5915,treatment,0,7,0.319
5916,treatment,0,8,0.233
5917,treatment,0,9,0.418
5918,treatment,0,10,0.223
5919,treatment,0,11,0.485
5920,treatment,1,12,0.856
5921,treatment,0,13,0.388
5922,treatment,0,14,0.766
5923,treatment,0,1,0.631
5924,treatment,0,2,0.211
5925,treatment,0,3,0.519
5926,treatment,0,4,0.394
5927,treatment,0,5,0.873
5928,treatment,0,6,0.318
5929,treatment,0,7,0.557
5930,treatment,0,8,0.577
5931,treatment,0,9,0.434
5932,treatment,0,10,0.5
5933,treatment,0,11,0.262
5934,treatment,0,12,0.414
5935,treatment,0,13,0.462
5936,treatment,0,14,0.532
5937,treatment,0,1,0.443
5938,treatment,0,2,0.636
5939,treatment,0,3,0.488
5940,treatment,1,4,0.331
5941,treatment,0,5,0.494
5942,treatment,0,6,0.338
5943,treatment,0,7,0.339
5944,treatment,1,8,0.616
5945,treatment,1,9,0.453
5946,treatment,0,10,0.682
5947,treatment,0,11,0.518
5948,treatment,1,12,0.279
5949,treatment,0,13,0.679
5950,treatment,0,14,0.534
5951,treatment,0,1,0.268
5952,treatment,0,2,0.352
5953,treatment,0,3,0.505
5954,treatment,0,4,0.602
5955,treatment,0,5,0.141
5956,treatment,0,6,0.07
5957,treatment,0,7,0.394
5958,treatment,0,8,0.448
5959,treatment,0,9,0.436
5960,treatment,0,10,0.715
5961,treatment,0,11,0.409
5962,treatment,0,12,0.477
5963,treatment,1,13,0.35
5964,treatment,0,14,0.307
5965,treatment,0,1,0.557
5966,treatment,0,2,0.54
5967,treatment,1,3,0.178
5968,treatment,0,4,0.726
5969,treatment,0,5,0.351
5970,treatment,0,6,0.504
5971,treatment,0,7,0.629
5972,treatment,0,8,0.49
5973,treatment,0,9,0.683
5974,treatment,0,10,0.639
5975,treatment,1,11,0.552
5976,treatment,0,12,0.11
5977,treatment,0,13,0.406
5978,treatment,0,14,0.403
5979,treatment,0,1,0.484
5980,treatment,0,2,0.256
5981,treatment,0,3,0.265
5982,treatment,0,4,0.408
5983,treatment,0,5,0.481
5984,treatment,0,6,0.575
5985,treatment,0,7,0.55
5986,treatment,0,8,0.28
5987,treatment,0,9,0.299
5988,treatment,0,10,0.854
5989,treatment,0,11,0.408
5990,treatment,0,12,0
5991,treatment,0,13,0.553
5992,treatment,0,14,0.099
5993,treatment,0,1,0.413
5994,treatment,0,2,0.512
5995,treatment,0,3,0.419
5996,treatment,0,4,0.506
5997,treatment,0,5,0.586
5998,treatment,0,6,0.453
5999,treatment,0,7,0.442
6000,treatment,0,8,0.648
6001,treatment,0,9,0.667
6002,treatment,0,10,0.451
6003,treatment,0,11,0.335
6004,treatment,0,12,0.198
6005,treatment,0,13,0
6006,treatment,0,14,0.395
6007,treatment,0,1,0.078
6008,treatment,0,2,0.476
6009,treatment,0,3,0.485
6010,treatment,0,4,0.322
6011,treatment,0,5,0.102
6012,treatment,0,6,0.752
6013,treatment,0,7,0.136
6014,treatment,0,8,0.423
6015,treatment,0,9,0.561
6016,treatment,0,10,0.195
6017,treatment,1,11,0.215
6018,treatment,0,12,0.359
6019,treatment,0,13,0.528
6020,treatment,0,14,0.618
6021,treatment,0,1,0.477
6022,treatment,0,2,0.389
6023,treatment,0,3,0.395
6024,treatment,0,4,0.434
6025,treatment,0,5,0.421
6026,treatment,0,6,0.113
6027,treatment,0,7,0.185
6028,treatment,0,8,0.771
6029,treatment,0,9,0.357
6030,treatment,0,10,0.332
6031,treatment,0,11,0.528
6032,treatment,0,12,0.465
6033,treatment,0,13,0.577
6034,treatment,0,14,0.346
6035,treatment,0,1,0.494
6036,treatment,0,2,0.451
6037,treatment,0,3,0.481
6038,treatment,0,4,0.749
6039,treatment,0,5,0.472
6040,treatment,0,6,0.144
6041,treatment,0,7,0.436
6042,treatment,0,8,0.521
6043,treatment,0,9,0.562
6044,treatment,0,10,0.638
6045,treatment,0,11,0.159
6046,treatment,0,12,0.322
6047,treatment,0,13,0.494
6048,treatment,0,14,0.459
6049,treatment,0,1,0.5
6050,treatment,0,2,0.313
6051,treatment,0,3,0.072
6052,treatment,0,4,0.47
6053,treatment,0,5,0.419
6054,treatment,0,6,0.699
6055,treatment,0,7,0.56
6056,treatment,0,8,0.381
6057,treatment,0,9,0.34
6058,treatment,0,10,0.552
6059,treatment,0,11,0.826
6060,treatment,0,12,0.614
6061,treatment,0,13,0.183
6062,treatment,0,14,0.698
6063,treatment,0,1,0.342
6064,treatment,0,2,0.49
6065,treatment,0,3,0.455
6066,treatment,0,4,0.556
6067,treatment,0,5,0.615
6068,treatment,0,6,0.066
6069,treatment,0,7,0.774
6070,treatment,0,8,0.135
6071,treatment,1,9,0.15
6072,treatment,0,10,0.56
6073,treatment,0,11,0.28
6074,treatment,0,12,0.239
6075,treatment,0,13,0.408
6076,treatment,0,14,0.295
6077,treatment,0,1,0.118
6078,treatment,0,2,0.144
6079,treatment,0,3,0.419
6080,treatment,0,4,0.367
6081,treatment,0,5,0.549
6082,treatment,0,6,0.785
6083,treatment,0,7,0.313
6084,treatment,0,8,0.262
6085,treatment,0,9,0.576
6086,treatment,0,10,0.474
6087,treatment,0,11,0.149
6088,treatment,0,12,0.397
6089,treatment,0,13,0.382
6090,treatment,0,14,0.349
6091,treatment,1,1,0.235
6092,treatment,0,2,0.373
6093,treatment,0,3,0.138
6094,treatment,0,4,0.256
6095,treatment,0,5,0.488
6096,treatment,1,6,0.067
6097,treatment,0,7,0.394
6098,treatment,0,8,0.206
6099,treatment,0,9,0.677
6100,treatment,0,10,0.134
6101,treatment,0,11,0.387
6102,treatment,0,12,0.219
6103,treatment,0,13,0.432
6104,treatment,0,14,0.385
6105,treatment,1,1,0.358
6106,treatment,0,2,0.412
6107,treatment,0,3,0.408
6108,treatment,0,4,0.455
6109,treatment,0,5,0.665
6110,treatment,0,6,0.753
6111,treatment,0,7,0.074
6112,treatment,0,8,0.102
6113,treatment,0,9,0.512
6114,treatment,0,10,0.354
6115,treatment,0,11,0.361
6116,treatment,0,12,0.526
6117,treatment,0,13,0.425
6118,treatment,0,14,0.49
6119,treatment,0,1,0.223
6120,treatment,0,2,0.121
6121,treatment,0,3,0.147
6122,treatment,0,4,0.494
6123,treatment,0,5,0.39
6124,treatment,0,6,0.827
6125,treatment,0,7,0.273
6126,treatment,0,8,0.091
6127,treatment,0,9,0.384
6128,treatment,0,10,0.205
6129,treatment,0,11,0.474
6130,treatment,0,12,0.625
6131,treatment,0,13,0.395
6132,treatment,0,14,0.379
6133,treatment,0,1,0.322
6134,treatment,1,2,0.735
6135,treatment,0,3,0.517
6136,treatment,0,4,0.525
6137,treatment,0,5,0.413
6138,treatment,0,6,0.932
6139,treatment,0,7,0.954
6140,treatment,0,8,0.674
6141,treatment,0,9,0.345
6142,treatment,0,10,0.479
6143,treatment,0,11,0.532
6144,treatment,0,12,0.414
6145,treatment,0,13,0.105
6146,treatment,0,14,0.689
6147,treatment,0,1,0.435
6148,treatment,0,2,0.691
6149,treatment,0,3,0.202
6150,treatment,0,4,0.206
6151,treatment,0,5,0.732
6152,treatment,0,6,0.355
6153,treatment,0,7,0.477
6154,treatment,0,8,0.577
6155,treatment,0,9,0.22
6156,treatment,0,10,0.304
6157,treatment,0,11,0.265
6158,treatment,0,12,0.694
6159,treatment,0,13,0.254
6160,treatment,1,14,0.257
6161,treatment,0,1,0.199
6162,treatment,0,2,0.441
6163,treatment,0,3,0.886
6164,treatment,0,4,0.378
6165,treatment,0,5,0.165
6166,treatment,0,6,0.112
6167,treatment,0,7,0.345
6168,treatment,0,8,0.288
6169,treatment,0,9,0.549
6170,treatment,0,10,0.291
6171,treatment,0,11,0.471
6172,treatment,0,12,0.793
6173,treatment,0,13,0.431
6174,treatment,0,14,0.51
6175,treatment,0,1,0.682
6176,treatment,0,2,0.556
6177,treatment,0,3,0.118
6178,treatment,0,4,0.501
6179,treatment,0,5,0.214
6180,treatment,0,6,0.717
6181,treatment,0,7,0.57
6182,treatment,0,8,0.184
6183,treatment,0,9,0.678
6184,treatment,0,10,0.392
6185,treatment,0,11,0.664
6186,treatment,0,12,0.099
6187,treatment,0,13,0.338
6188,treatment,0,14,0.58
6189,treatment,0,1,0.279
6190,treatment,0,2,0.302
6191,treatment,0,3,0.494
6192,treatment,1,4,0.389
6193,treatment,0,5,0.547
6194,treatment,0,6,0.019
6195,treatment,0,7,0.181
6196,treatment,0,8,0.417
6197,treatment,0,9,0.337
6198,treatment,0,10,0.428
6199,treatment,0,11,0.298
6200,treatment,0,12,0.307
6201,treatment,0,13,0.372
6202,treatment,0,14,0.326
6203,treatment,0,1,0.585
6204,treatment,0,2,0.497
6205,treatment,0,3,0.595
6206,treatment,0,4,0.384
6207,treatment,0,5,0.58
6208,treatment,0,6,0.425
6209,treatment,0,7,0.345
6210,treatment,0,8,0.294
6211,treatment,0,9,0.349
6212,treatment,0,10,0.566
6213,treatment,0,11,0.266
6214,treatment,0,12,0.663
6215,treatment,0,13,0.271
6216,treatment,0,14,0.418
6217,treatment,0,1,0.493
6218,treatment,0,2,0.26
6219,treatment,0,3,0.59
6220,treatment,1,4,0.269
6221,treatment,0,5,0.227
6222,treatment,0,6,0.629
6223,treatment,0,7,0.489
6224,treatment,0,8,0.465
6225,treatment,0,9,0.515
6226,treatment,0,10,0.334
6227,treatment,0,11,0.615
6228,treatment,0,12,0.476
6229,treatment,0,13,0.189
6230,treatment,0,14,0.683
6231,treatment,0,1,0.515
6232,treatment,0,2,0.556
6233,treatment,0,3,0.39
6234,treatment,0,4,0.723
6235,treatment,0,5,0.264
6236,treatment,0,6,0.313
6237,treatment,0,7,0.65
6238,treatment,0,8,0.615
6239,treatment,0,9,0.622
6240,treatment,0,10,0.462
6241,treatment,0,11,0.05
6242,treatment,0,12,0.472
6243,treatment,0,13,0.663
6244,treatment,0,14,0.793
6245,treatment,0,1,0.436
6246,treatment,0,2,0.632
6247,treatment,0,3,0.498
6248,treatment,0,4,0.237
6249,treatment,0,5,0.789
6250,treatment,0,6,0.44
6251,treatment,0,7,0.453
6252,treatment,0,8,0.191
6253,treatment,0,9,0.405
6254,treatment,0,10,0.378
6255,treatment,0,11,0.541
6256,treatment,0,12,0.607
6257,treatment,0,13,0.739
6258,treatment,1,14,0.37
6259,treatment,0,1,0.333
6260,treatment,0,2,0.442
6261,treatment,0,3,0.551
6262,treatment,0,4,0.338
6263,treatment,0,5,0.433
6264,treatment,0,6,0.431
6265,treatment,0,7,0.547
6266,treatment,0,8,0.323
6267,treatment,0,9,0.635
6268,treatment,0,10,0.498
6269,treatment,0,11,0.438
6270,treatment,0,12,0.528
6271,treatment,0,13,0.606
6272,treatment,0,14,0.297
6273,treatment,1,1,0.321
6274,treatment,0,2,0.207
6275,treatment,0,3,0.396
6276,treatment,0,4,0.638
6277,treatment,0,5,0.285
6278,treatment,0,6,0.289
6279,treatment,0,7,0.621
6280,treatment,0,8,0.408
6281,treatment,0,9,0.411
6282,treatment,0,10,0.49
6283,treatment,0,11,0.342
6284,treatment,0,12,0.206
6285,treatment,0,13,0.164
6286,treatment,0,14,0.406
6287,treatment,0,1,0.465
6288,treatment,0,2,0.228
6289,treatment,0,3,0.237
6290,treatment,0,4,0.633
6291,treatment,0,5,0.284
6292,treatment,0,6,0.484
6293,treatment,0,7,0.697
6294,treatment,1,8,0.508
6295,treatment,0,9,0.497
6296,treatment,0,10,0.351
6297,treatment,1,11,1
6298,treatment,0,12,0.382
6299,treatment,0,13,0.309
6300,treatment,0,14,0.379
6301,treatment,0,1,0.228
6302,treatment,0,2,0.122
6303,treatment,0,3,0.754
6304,treatment,0,4,0.311
6305,treatment,0,5,0.468
6306,treatment,0,6,0.567
6307,treatment,0,7,0.369
6308,treatment,0,8,0.674
6309,treatment,0,9,0.3
6310,treatment,0,10,0.278
6311,treatment,0,11,0.141
6312,treatment,0,12,0.445
6313,treatment,0,13,0.369
6314,treatment,0,14,0.604
6315,treatment,0,1,0.651
6316,treatment,0,2,0.428
6317,treatment,0,3,0.294
6318,treatment,0,4,0.308
6319,treatment,0,5,0.887
6320,treatment,0,6,0.543
6321,treatment,0,7,0.632
6322,treatment,0,8,0.386
6323,treatment,0,9,0.384
6324,treatment,0,10,0.349
6325,treatment,1,11,0.325
6326,treatment,0,12,0.239
6327,treatment,0,13,0.342
6328,treatment,0,14,0.692
6329,treatment,0,1,0.416
6330,treatment,0,2,0.075
6331,treatment,0,3,0.587
6332,treatment,0,4,0.429
6333,treatment,0,5,0.324
6334,treatment,0,6,0.438
6335,treatment,0,7,0.38
6336,treatment,0,8,0.256
6337,treatment,0,9,0.365
6338,treatment,0,10,0.104
6339,treatment,0,11,0.349
6340,treatment,0,12,0.24
6341,treatment,0,13,0.221
6342,treatment,0,14,0.23
6343,treatment,0,1,0.328
6344,treatment,0,2,0.407
6345,treatment,0,3,0.67
6346,treatment,0,4,0.408
6347,treatment,0,5,0.477
6348,treatment,0,6,0.493
6349,treatment,0,7,0.169
6350,treatment,0,8,0.417
6351,treatment,0,9,0.389
6352,treatment,0,10,0.252
6353,treatment,0,11,0.621
6354,treatment,0,12,0.206
6355,treatment,0,13,0.051
6356,treatment,0,14,0.203
6357,treatment,0,1,0.241
6358,treatment,0,2,0.566
6359,treatment,0,3,0.545
6360,treatment,0,4,0.715
6361,treatment,0,5,0.372
6362,treatment,0,6,0.461
6363,treatment,0,7,0.198
6364,treatment,0,8,0.032
6365,treatment,0,9,0.348
6366,treatment,0,10,0.195
6367,treatment,0,11,0.228
6368,treatment,0,12,0.29
6369,treatment,0,13,0.407
6370,treatment,0,14,0.652
6371,treatment,0,1,0.716
6372,treatment,0,2,0.621
6373,treatment,0,3,0.269
6374,treatment,0,4,0.346
6375,treatment,0,5,0.791
6376,treatment,0,6,0
6377,treatment,0,7,0.535
6378,treatment,0,8,0.419
6379,treatment,1,9,0.426
6380,treatment,0,10,0.511
6381,treatment,1,11,0.472
6382,treatment,0,12,0.758
6383,treatment,0,13,0.31
6384,treatment,0,14,0.551
6385,treatment,0,1,0.649
6386,treatment,0,2,0.238
6387,treatment,0,3,0.719
6388,treatment,0,4,0.593
6389,treatment,0,5,0.628
6390,treatment,0,6,0.417
6391,treatment,0,7,0.314
6392,treatment,0,8,0.392
6393,treatment,0,9,0.316
6394,treatment,0,10,0.467
6395,treatment,0,11,0.184
6396,treatment,0,12,0.293
6397,treatment,1,13,0.843
6398,treatment,0,14,0.394
6399,treatment,0,1,0.418
6400,treatment,0,2,0.451
6401,treatment,0,3,0.226
6402,treatment,0,4,0.519
6403,treatment,0,5,0.662
6404,treatment,0,6,0.513
6405,treatment,0,7,0.219
6406,treatment,0,8,0.704
6407,treatment,0,9,0.676
6408,treatment,0,10,0.585
6409,treatment,0,11,0.268
6410,treatment,0,12,0.171
6411,treatment,0,13,0.206
6412,treatment,0,14,0.574
6413,treatment,0,1,0.454
6414,treatment,0,2,0.36
6415,treatment,0,3,0.314
6416,treatment,0,4,0.428
6417,treatment,0,5,0.302
6418,treatment,0,6,0.684
6419,treatment,0,7,0.142
6420,treatment,0,8,0.256
6421,treatment,0,9,0.506
6422,treatment,0,10,0.282
6423,treatment,0,11,0.524
6424,treatment,0,12,0.533
6425,treatment,0,13,0.607
6426,treatment,0,14,0.61
6427,treatment,0,1,0.504
6428,treatment,0,2,0.495
6429,treatment,0,3,0.31
6430,treatment,0,4,0.864
6431,treatment,0,5,0.313
6432,treatment,0,6,0.433
6433,treatment,0,7,0.278
6434,treatment,0,8,0.403
6435,treatment,1,9,0.122
6436,treatment,0,10,0.374
6437,treatment,0,11,0.605
6438,treatment,0,12,0.266
6439,treatment,1,13,0.444
6440,treatment,0,14,0.364
6441,treatment,0,1,0.196
6442,treatment,0,2,0.731
6443,treatment,0,3,0.27
6444,treatment,0,4,0.356
6445,treatment,0,5,0.544
6446,treatment,0,6,0.411
6447,treatment,0,7,0.362
6448,treatment,0,8,0.161
6449,treatment,0,9,0.258
6450,treatment,0,10,0.576
6451,treatment,0,11,0.109
6452,treatment,0,12,0.2
6453,treatment,0,13,0.434
6454,treatment,0,14,0.47
6455,treatment,0,1,0.436
6456,treatment,0,2,0.469
6457,treatment,0,3,0.319
6458,treatment,0,4,0.612
6459,treatment,0,5,0.537
6460,treatment,0,6,0.362
6461,treatment,0,7,0.224
6462,treatment,0,8,0.643
6463,treatment,0,9,0.689
6464,treatment,0,10,0.461
6465,treatment,0,11,0.483
6466,treatment,1,12,0.598
6467,treatment,0,13,0.581
6468,treatment,0,14,0.353
6469,treatment,0,1,0.281
6470,treatment,0,2,0.543
6471,treatment,0,3,0.454
6472,treatment,0,4,0.181
6473,treatment,0,5,0.574
6474,treatment,0,6,0.466
6475,treatment,0,7,0.569
6476,treatment,0,8,0.64
6477,treatment,0,9,0.371
6478,treatment,0,10,0.521
6479,treatment,0,11,0.614
6480,treatment,0,12,0.306
6481,treatment,0,13,0.588
6482,treatment,0,14,0.478
6483,treatment,0,1,0.382
6484,treatment,0,2,0
6485,treatment,0,3,0.406
6486,treatment,0,4,0.488
6487,treatment,0,5,0.383
6488,treatment,0,6,0.309
6489,treatment,0,7,0.605
6490,treatment,0,8,0.081
6491,treatment,0,9,0.267
6492,treatment,0,10,0.164
6493,treatment,0,11,0.33
6494,treatment,0,12,0.346
6495,treatment,0,13,0.653
6496,treatment,0,14,0.255
6497,treatment,0,1,0.328
6498,treatment,0,2,0.338
6499,treatment,1,3,0.523
6500,treatment,0,4,0.132
6501,treatment,0,5,0.429
6502,treatment,0,6,0.412
6503,treatment,0,7,0.63
6504,treatment,0,8,0.62
6505,treatment,0,9,0.355
6506,treatment,0,10,0.068
6507,treatment,0,11,0.381
6508,treatment,0,12,0.414
6509,treatment,0,13,0.496
6510,treatment,0,14,0.225
6511,treatment,0,1,0.624
6512,treatment,0,2,0.507
6513,treatment,0,3,0.3
6514,treatment,0,4,0.363
6515,treatment,0,5,0.421
6516,treatment,0,6,0.253
6517,treatment,0,7,0.678
6518,treatment,0,8,0.001
6519,treatment,0,9,0.466
6520,treatment,0,10,0.423
6521,treatment,0,11,0.234
6522,treatment,0,12,0.627
6523,treatment,0,13,0.635
6524,treatment,0,14,0.674
6525,treatment,0,1,0.159
6526,treatment,0,2,0.349
6527,treatment,0,3,0.229
6528,treatment,0,4,0.439
6529,treatment,0,5,0.576
6530,treatment,0,6,0.448
6531,treatment,0,7,0.43
6532,treatment,0,8,0.329
6533,treatment,0,9,0.634
6534,treatment,0,10,0.497
6535,treatment,0,11,0.308
6536,treatment,0,12,0.487
6537,treatment,0,13,0.685
6538,treatment,0,14,0.504
6539,treatment,0,1,0.365
6540,treatment,0,2,0.403
6541,treatment,0,3,0.451
6542,treatment,0,4,0.265
6543,treatment,0,5,0.226
6544,treatment,0,6,0.465
6545,treatment,0,7,0.45
6546,treatment,0,8,0.71
6547,treatment,0,9,0.692
6548,treatment,0,10,0.044
6549,treatment,0,11,0.432
6550,treatment,0,12,0.446
6551,treatment,0,13,0.662
6552,treatment,0,14,0.261
6553,treatment,0,1,0.239
6554,treatment,0,2,0.463
6555,treatment,0,3,0.136
6556,treatment,0,4,0.397
6557,treatment,0,5,0.426
6558,treatment,1,6,0
6559,treatment,0,7,0.368
6560,treatment,0,8,0.291
6561,treatment,0,9,0.431
6562,treatment,0,10,0.519
6563,treatment,0,11,0.564
6564,treatment,0,12,0.554
6565,treatment,0,13,0.543
6566,treatment,0,14,0.404
6567,treatment,0,1,0.625
6568,treatment,0,2,0.765
6569,treatment,0,3,0.443
6570,treatment,0,4,0.507
6571,treatment,0,5,0.471
6572,treatment,0,6,0.179
6573,treatment,0,7,0.627
6574,treatment,0,8,0.286
6575,treatment,0,9,0.631
6576,treatment,0,10,0.188
6577,treatment,0,11,0.756
6578,treatment,0,12,0.513
6579,treatment,0,13,0.372
6580,treatment,0,14,0.17
6581,treatment,0,1,0.613
6582,treatment,0,2,0.574
6583,treatment,0,3,0.27
6584,treatment,0,4,0.642
6585,treatment,0,5,0.824
6586,treatment,0,6,0.32
6587,treatment,0,7,0.291
6588,treatment,0,8,0.364
6589,treatment,0,9,0.473
6590,treatment,0,10,0.8
6591,treatment,0,11,0.321
6592,treatment,0,12,0.372
6593,treatment,0,13,0.421
6594,treatment,0,14,0.602
6595,treatment,0,1,0.292
6596,treatment,0,2,0.317
6597,treatment,0,3,0.11
6598,treatment,0,4,0.087
6599,treatment,0,5,0.399
6600,treatment,0,6,0.215
6601,treatment,0,7,0.507
6602,treatment,0,8,0.534
6603,treatment,0,9,0.298
6604,treatment,0,10,0.241
6605,treatment,0,11,0.546
6606,treatment,0,12,0.533
6607,treatment,0,13,0.224
6608,treatment,0,14,0
6609,treatment,0,1,0.435
6610,treatment,0,2,0.414
6611,treatment,0,3,0.514
6612,treatment,0,4,0.478
6613,treatment,0,5,0.209
6614,treatment,0,6,0.011
6615,treatment,0,7,0.073
6616,treatment,0,8,0.733
6617,treatment,0,9,0.781
6618,treatment,0,10,0.298
6619,treatment,0,11,0.439
6620,treatment,0,12,0.454
6621,treatment,0,13,0.378
6622,treatment,0,14,0.455
6623,treatment,0,1,0.407
6624,treatment,0,2,0.545
6625,treatment,0,3,0.457
6626,treatment,0,4,0.34
6627,treatment,0,5,0.439
6628,treatment,0,6,0.431
6629,treatment,0,7,0.686
6630,treatment,0,8,0.567
6631,treatment,0,9,0.611
6632,treatment,0,10,0.419
6633,treatment,0,11,0.315
6634,treatment,0,12,0.491
6635,treatment,1,13,0.524
6636,treatment,0,14,0.301
6637,treatment,0,1,0.332
6638,treatment,0,2,0.411
6639,treatment,0,3,0.259
6640,treatment,0,4,0.549
6641,treatment,0,5,0.615
6642,treatment,0,6,0.435
6643,treatment,0,7,0.448
6644,treatment,0,8,0.459
6645,treatment,0,9,0.25
6646,treatment,0,10,0.4
6647,treatment,0,11,0.438
6648,treatment,0,12,0.476
6649,treatment,0,13,0.303
6650,treatment,0,14,0.158
6651,treatment,0,1,0.238
6652,treatment,0,2,0.737
6653,treatment,0,3,0.679
6654,treatment,0,4,0.257
6655,treatment,0,5,0.381
6656,treatment,0,6,0.268
6657,treatment,0,7,0.391
6658,treatment,0,8,0.488
6659,treatment,0,9,0.182
6660,treatment,0,10,0.657
6661,treatment,0,11,0.559
6662,treatment,0,12,0.452
6663,treatment,0,13,0.276
6664,treatment,0,14,0.541
6665,treatment,0,1,0.257
6666,treatment,0,2,0.39
6667,treatment,0,3,0.271
6668,treatment,0,4,0.316
6669,treatment,0,5,0.385
6670,treatment,0,6,0.403
6671,treatment,0,7,0.367
6672,treatment,0,8,0.621
6673,treatment,0,9,0.802
6674,treatment,0,10,0.614
6675,treatment,0,11,0.412
6676,treatment,0,12,0.578
6677,treatment,0,13,0.67
6678,treatment,0,14,0.624
6679,treatment,0,1,0.361
6680,treatment,0,2,0.423
6681,treatment,0,3,0.622
6682,treatment,0,4,0.735
6683,treatment,0,5,0.544
6684,treatment,0,6,0.273
6685,treatment,0,7,0.379
6686,treatment,0,8,0
6687,treatment,0,9,0.313
6688,treatment,0,10,0.502
6689,treatment,0,11,0.472
6690,treatment,0,12,0.733
6691,treatment,0,13,0.3
6692,treatment,0,14,0.436
6693,treatment,0,1,0.479
6694,treatment,0,2,0.252
6695,treatment,1,3,0.582
6696,treatment,0,4,0.193
6697,treatment,0,5,0.526
6698,treatment,0,6,0.199
6699,treatment,0,7,0.653
6700,treatment,0,8,0.351
6701,treatment,0,9,0.315
6702,treatment,0,10,0.656
6703,treatment,0,11,0.467
6704,treatment,0,12,0.48
6705,treatment,0,13,0.479
6706,treatment,0,14,0.35
6707,treatment,0,1,0.469
6708,treatment,0,2,0.427
6709,treatment,0,3,0.457
6710,treatment,0,4,0.37
6711,treatment,0,5,0.408
6712,treatment,0,6,0.297
6713,treatment,0,7,0.296
6714,treatment,0,8,0.334
6715,treatment,0,9,0.795
6716,treatment,0,10,0.268
6717,treatment,0,11,0.531
6718,treatment,0,12,0.493
6719,treatment,0,13,0.271
6720,treatment,0,14,0.397
6721,treatment,0,1,0.648
6722,treatment,0,2,0.632
6723,treatment,0,3,0.436
6724,treatment,0,4,0.23
6725,treatment,0,5,0.474
6726,treatment,0,6,0.582
6727,treatment,0,7,0.781
6728,treatment,0,8,0.608
6729,treatment,0,9,0.69
6730,treatment,0,10,0.264
6731,treatment,0,11,0.729
6732,treatment,0,12,0.228
6733,treatment,1,13,0.623
6734,treatment,0,14,0.772
6735,treatment,0,1,0.246
6736,treatment,0,2,0.081
6737,treatment,0,3,0.807
6738,treatment,0,4,0.408
6739,treatment,0,5,0.41
6740,treatment,0,6,0.707
6741,treatment,0,7,0.391
6742,treatment,0,8,0.685
6743,treatment,0,9,0.658
6744,treatment,0,10,0.207
6745,treatment,0,11,0.381
6746,treatment,0,12,0.43
6747,treatment,0,13,0.822
6748,treatment,0,14,0.278
6749,treatment,0,1,0.452
6750,treatment,0,2,0.373
6751,treatment,0,3,0.558
6752,treatment,0,4,0.522
6753,treatment,0,5,0.484
6754,treatment,0,6,0.42
6755,treatment,0,7,0.605
6756,treatment,0,8,0.366
6757,treatment,0,9,0.015
6758,treatment,0,10,0.376
6759,treatment,0,11,0.808
6760,treatment,0,12,0.427
6761,treatment,0,13,0.273
6762,treatment,0,14,0.003
6763,treatment,0,1,0.578
6764,treatment,0,2,0.228
6765,treatment,0,3,0.529
6766,treatment,0,4,0.566
6767,treatment,0,5,0.656
6768,treatment,0,6,0.473
6769,treatment,0,7,0.442
6770,treatment,0,8,0.497
6771,treatment,0,9,0.468
6772,treatment,0,10,0.599
6773,treatment,0,11,0.304
6774,treatment,0,12,0.526
6775,treatment,0,13,0.693
6776,treatment,0,14,0.575
6777,treatment,0,1,0.566
6778,treatment,0,2,0.471
6779,treatment,0,3,0.204
6780,treatment,0,4,0.498
6781,treatment,0,5,0.507
6782,treatment,0,6,0.53
6783,treatment,0,7,0.478
6784,treatment,0,8,0.306
6785,treatment,0,9,0.73
6786,treatment,1,10,0.315
6787,treatment,0,11,0.23
6788,treatment,0,12,0.259
6789,treatment,0,13,0.197
6790,treatment,0,14,0.476
6791,treatment,0,1,0.556
6792,treatment,0,2,0.464
6793,treatment,0,3,0.651
6794,treatment,0,4,0.586
6795,treatment,0,5,0.669
6796,treatment,0,6,0.411
6797,treatment,0,7,0.447
6798,treatment,0,8,0.42
6799,treatment,0,9,0.319
6800,treatment,0,10,0.47
6801,treatment,0,11,0.957
6802,treatment,0,12,0.224
6803,treatment,0,13,0.332
6804,treatment,0,14,0.273
6805,treatment,0,1,0.646
6806,treatment,0,2,0.429
6807,treatment,1,3,0.723
6808,treatment,0,4,0.621
6809,treatment,0,5,0.594
6810,treatment,0,6,0.386
6811,treatment,0,7,0.206
6812,treatment,0,8,0.47
6813,treatment,0,9,0.465
6814,treatment,0,10,0.567
6815,treatment,0,11,0.309
6816,treatment,1,12,0.626
6817,treatment,0,13,0.559
6818,treatment,0,14,0.114
6819,treatment,0,1,0.614
6820,treatment,0,2,0.744
6821,treatment,0,3,0.516
6822,treatment,0,4,0.425
6823,treatment,0,5,0.401
6824,treatment,0,6,0.42
6825,treatment,0,7,0.518
6826,treatment,1,8,0.341
6827,treatment,0,9,0.615
6828,treatment,0,10,0.307
6829,treatment,0,11,0.362
6830,treatment,1,12,0.437
6831,treatment,0,13,0.563
6832,treatment,0,14,0.455
6833,treatment,0,1,0.466
6834,treatment,0,2,0.45
6835,treatment,0,3,0.264
6836,treatment,0,4,0.067
6837,treatment,0,5,0.19
6838,treatment,0,6,0.424
6839,treatment,0,7,0.115
6840,treatment,0,8,0.396
6841,treatment,0,9,0.464
6842,treatment,1,10,0.184
6843,treatment,0,11,0.184
6844,treatment,0,12,0.318
6845,treatment,1,13,0.618
6846,treatment,0,14,0.622
6847,treatment,0,1,0.14
6848,treatment,0,2,0.829
6849,treatment,0,3,0.397
6850,treatment,0,4,0.296
6851,treatment,0,5,0.272
6852,treatment,0,6,0.433
6853,treatment,0,7,0.384
6854,treatment,0,8,0.418
6855,treatment,0,9,0.26
6856,treatment,0,10,0.163
6857,treatment,0,11,0.474
6858,treatment,0,12,0.265
6859,treatment,0,13,0.414
6860,treatment,0,14,0.295
6861,treatment,1,1,0.259
6862,treatment,0,2,0.604
6863,treatment,0,3,0.393
6864,treatment,0,4,0.292
6865,treatment,0,5,0.324
6866,treatment,0,6,0.325
6867,treatment,0,7,0.638
6868,treatment,0,8,0.676
6869,treatment,0,9,0.478
6870,treatment,0,10,0.367
6871,treatment,0,11,0.368
6872,treatment,0,12,0.701
6873,treatment,0,13,0.356
6874,treatment,0,14,0.262
6875,treatment,0,1,0.15
6876,treatment,0,2,0.679
6877,treatment,0,3,0
6878,treatment,0,4,0.149
6879,treatment,0,5,0.43
6880,treatment,0,6,0.239
6881,treatment,0,7,0.414
6882,treatment,0,8,0.454
6883,treatment,0,9,0.26
6884,treatment,0,10,0.517
6885,treatment,1,11,0.784
6886,treatment,0,12,0.678
6887,treatment,0,13,0.481
6888,treatment,0,14,0.264
6889,treatment,0,1,0.667
6890,treatment,0,2,0.196
6891,treatment,0,3,0.38
6892,treatment,0,4,0.274
6893,treatment,0,5,0.511
6894,treatment,0,6,0.464
6895,treatment,0,7,0.623
6896,treatment,0,8,0.601
6897,treatment,0,9,0.675
6898,treatment,0,10,0.819
6899,treatment,0,11,0.765
6900,treatment,0,12,0.251
6901,treatment,0,13,0.533
6902,treatment,0,14,0.542
6903,treatment,0,1,0.425
6904,treatment,0,2,0.196
6905,treatment,0,3,0.328
6906,treatment,0,4,0.305
6907,treatment,0,5,0.557
6908,treatment,0,6,0.232
6909,treatment,0,7,0.479
6910,treatment,0,8,0.498
6911,treatment,0,9,0.144
6912,treatment,0,10,0.444
6913,treatment,0,11,0.533
6914,treatment,0,12,0.117
6915,treatment,0,13,0.405
6916,treatment,0,14,0.28
6917,treatment,0,1,0.17
6918,treatment,0,2,0.477
6919,treatment,0,3,0.689
6920,treatment,0,4,0.478
6921,treatment,0,5,0.281
6922,treatment,0,6,0.121
6923,treatment,0,7,0.358
6924,treatment,0,8,0.478
6925,treatment,0,9,0.304
6926,treatment,0,10,0.464
6927,treatment,1,11,0.512
6928,treatment,0,12,0.206
6929,treatment,0,13,0.371
6930,treatment,0,14,0.502
6931,treatment,0,1,0.098
6932,treatment,0,2,0.484
6933,treatment,0,3,0.133
6934,treatment,0,4,0.291
6935,treatment,0,5,0.389
6936,treatment,0,6,0.48
6937,treatment,0,7,0.512
6938,treatment,0,8,0.549
6939,treatment,0,9,0.628
6940,treatment,1,10,0.532
6941,treatment,0,11,0.571
6942,treatment,0,12,0.642
6943,treatment,0,13,0.432
6944,treatment,0,14,0.528
6945,treatment,0,1,0.174
6946,treatment,0,2,0.202
6947,treatment,0,3,0.601
6948,treatment,0,4,0.612
6949,treatment,0,5,0.349
6950,treatment,0,6,0.052
6951,treatment,0,7,0.141
6952,treatment,0,8,0.563
6953,treatment,0,9,0.241
6954,treatment,0,10,0.22
6955,treatment,0,11,0.639
6956,treatment,0,12,0.526
6957,treatment,0,13,0.262
6958,treatment,0,14,0.356
6959,treatment,0,1,0.637
6960,treatment,0,2,0.269
6961,treatment,0,3,0.272
6962,treatment,0,4,0.694
6963,treatment,0,5,0.576
6964,treatment,0,6,0.618
6965,treatment,0,7,0.527
6966,treatment,0,8,0.588
6967,treatment,0,9,0.605
6968,treatment,0,10,0.302
6969,treatment,0,11,0.11
6970,treatment,0,12,0.484
6971,treatment,0,13,0.541
6972,treatment,0,14,0.488
6973,treatment,0,1,0.42
6974,treatment,0,2,0.189
6975,treatment,0,3,0.555
6976,treatment,0,4,0.411
6977,treatment,0,5,0.429
6978,treatment,0,6,0.645
6979,treatment,0,7,0.233
6980,treatment,0,8,0.202
6981,treatment,0,9,0.633
6982,treatment,0,10,0.734
6983,treatment,0,11,0.394
6984,treatment,0,12,0.506
6985,treatment,0,13,0.37
6986,treatment,0,14,0.138
6987,treatment,0,1,0.314
6988,treatment,0,2,0.469
6989,treatment,0,3,0.622
6990,treatment,0,4,0.445
6991,treatment,0,5,0.355
6992,treatment,0,6,0.481
6993,treatment,0,7,0.416
6994,treatment,0,8,0.36
6995,treatment,0,9,0.444
6996,treatment,0,10,0.227
6997,treatment,0,11,0.516
6998,treatment,0,12,0.354
6999,treatment,0,13,0.178
7000,treatment,0,14,0.285
7001,treatment,0,1,0.487
7002,treatment,0,2,0.336
7003,treatment,0,3,0.285
7004,treatment,0,4,0.39
7005,treatment,0,5,0.703
7006,treatment,0,6,0.398
7007,treatment,1,7,0.494
7008,treatment,0,8,0.424
7009,treatment,0,9,0.44
7010,treatment,0,10,0.556
7011,treatment,1,11,0.542
7012,treatment,0,12,0.738
7013,treatment,0,13,0.216
7014,treatment,0,14,0.747
7015,treatment,0,1,0.152
7016,treatment,0,2,0.422
7017,treatment,0,3,0.607
7018,treatment,0,4,0.254
7019,treatment,1,5,0.561
7020,treatment,0,6,0.322
7021,treatment,0,7,0.123
7022,treatment,0,8,0.554
7023,treatment,0,9,0.54
7024,treatment,0,10,0.54
7025,treatment,1,11,0.263
7026,treatment,0,12,0.154
7027,treatment,0,13,0.423
7028,treatment,0,14,0.133
7029,treatment,0,1,0.677
7030,treatment,0,2,0.43
7031,treatment,0,3,0.215
7032,treatment,0,4,0.295
7033,treatment,0,5,0.523
7034,treatment,0,6,0.549
7035,treatment,0,7,0.42
7036,treatment,0,8,0.659
7037,treatment,0,9,0.554
7038,treatment,0,10,0.616
7039,treatment,0,11,0.294
7040,treatment,0,12,0.265
7041,treatment,0,13,0.349
7042,treatment,0,14,0.491
7043,treatment,0,1,0.114
7044,treatment,0,2,0.632
7045,treatment,0,3,0.733
7046,treatment,0,4,0.419
7047,treatment,0,5,0.421
7048,treatment,1,6,0.348
7049,treatment,0,7,0.326
7050,treatment,0,8,0.279
7051,treatment,0,9,0.109
7052,treatment,0,10,0.442
7053,treatment,0,11,0.376
7054,treatment,0,12,0.554
7055,treatment,0,13,0.173
7056,treatment,0,14,0.269
7057,treatment,0,1,0.24
7058,treatment,0,2,0.285
7059,treatment,0,3,0.166
7060,treatment,0,4,0.316
7061,treatment,0,5,0.407
7062,treatment,0,6,0.176
7063,treatment,0,7,0.234
7064,treatment,0,8,0.412
7065,treatment,1,9,0.294
7066,treatment,0,10,0.484
7067,treatment,0,11,0.421
7068,treatment,0,12,0.264
7069,treatment,0,13,0.3
7070,treatment,0,14,0.754
7071,treatment,0,1,0.316
7072,treatment,0,2,0.161
7073,treatment,0,3,0.389
7074,treatment,0,4,0.271
7075,treatment,0,5,0.043
7076,treatment,0,6,0.423
7077,treatment,0,7,0.556
7078,treatment,0,8,0.8
7079,treatment,0,9,0.724
7080,treatment,0,10,0.438
7081,treatment,0,11,0.342
7082,treatment,0,12,0.504
7083,treatment,0,13,0.111
7084,treatment,0,14,0.275
7085,treatment,0,1,0.397
7086,treatment,0,2,0.613
7087,treatment,0,3,0.377
7088,treatment,0,4,0.512
7089,treatment,0,5,0.217
7090,treatment,0,6,0.45
7091,treatment,0,7,0.161
7092,treatment,0,8,0.709
7093,treatment,0,9,0.345
7094,treatment,0,10,0.522
7095,treatment,0,11,0.264
7096,treatment,0,12,0.284
7097,treatment,0,13,0.452
7098,treatment,0,14,0.701
7099,treatment,0,1,0.614
7100,treatment,0,2,0.259
7101,treatment,0,3,0.368
7102,treatment,0,4,0.453
7103,treatment,0,5,0.59
7104,treatment,0,6,0.322
7105,treatment,0,7,0.472
7106,treatment,0,8,0.383
7107,treatment,0,9,0.574
7108,treatment,0,10,0.524
7109,treatment,0,11,0.355
7110,treatment,0,12,0.36
7111,treatment,0,13,0.335
7112,treatment,0,14,0.443
7113,treatment,0,1,0.441
7114,treatment,0,2,0.5
7115,treatment,0,3,0.003
7116,treatment,0,4,0.496
7117,treatment,0,5,0.425
7118,treatment,0,6,0
7119,treatment,0,7,0.292
7120,treatment,0,8,0.599
7121,treatment,0,9,0.487
7122,treatment,0,10,0.499
7123,treatment,0,11,0.559
7124,treatment,0,12,0.639
7125,treatment,0,13,0.606
7126,treatment,0,14,0.476
7127,treatment,1,1,0.706
7128,treatment,0,2,0.459
7129,treatment,0,3,0.353
7130,treatment,0,4,0.561
7131,treatment,0,5,0.259
7132,treatment,0,6,0.516
7133,treatment,0,7,0.529
7134,treatment,0,8,0.45
7135,treatment,0,9,0.492
7136,treatment,0,10,0.609
7137,treatment,0,11,0.49
7138,treatment,0,12,0.496
7139,treatment,0,13,0.481
7140,treatment,0,14,0.534
7141,treatment,0,1,0.315
7142,treatment,0,2,0.517
7143,treatment,0,3,0.75
7144,treatment,0,4,0.205
7145,treatment,0,5,0.381
7146,treatment,0,6,0.205
7147,treatment,0,7,0.613
7148,treatment,0,8,0.468
7149,treatment,0,9,0.34
7150,treatment,0,10,0.571
7151,treatment,0,11,0.516
7152,treatment,0,12,0.174
7153,treatment,0,13,0.351
7154,treatment,0,14,0.394
7155,treatment,0,1,0.342
7156,treatment,0,2,0.23
7157,treatment,0,3,0.437
7158,treatment,0,4,0.262
7159,treatment,0,5,0.313
7160,treatment,0,6,0.681
7161,treatment,0,7,0.254
7162,treatment,0,8,0.707
7163,treatment,0,9,0.358
7164,treatment,0,10,0.341
7165,treatment,0,11,0.385
7166,treatment,0,12,0.454
7167,treatment,0,13,0.699
7168,treatment,0,14,0.389
7169,treatment,0,1,0.222
7170,treatment,0,2,0.406
7171,treatment,0,3,0.72
7172,treatment,0,4,0.641
7173,treatment,0,5,0.631
7174,treatment,0,6,0.204
7175,treatment,0,7,0.29
7176,treatment,0,8,0.322
7177,treatment,0,9,0.333
7178,treatment,0,10,0.349
7179,treatment,0,11,0.359
7180,treatment,1,12,0
7181,treatment,0,13,0.21
7182,treatment,0,14,0.195
7183,treatment,0,1,0.34
7184,treatment,0,2,0.175
7185,treatment,0,3,0.253
7186,treatment,0,4,0.506
7187,treatment,0,5,0.415
7188,treatment,0,6,0.09
7189,treatment,0,7,0.345
7190,treatment,0,8,0.505
7191,treatment,0,9,0.397
7192,treatment,0,10,0.333
7193,treatment,0,11,0.403
7194,treatment,0,12,0.671
7195,treatment,0,13,0.575
7196,treatment,0,14,0.431
7197,treatment,0,1,0.401
7198,treatment,0,2,0.707
7199,treatment,0,3,0.163
7200,treatment,0,4,0.528
7201,treatment,0,5,0.541
7202,treatment,0,6,0.139
7203,treatment,0,7,0.48
7204,treatment,0,8,0.624
7205,treatment,0,9,0.093
7206,treatment,0,10,0.365
7207,treatment,0,11,0.417
7208,treatment,0,12,0.859
7209,treatment,0,13,0.428
7210,treatment,0,14,0.136
7211,treatment,0,1,0.481
7212,treatment,0,2,0.362
7213,treatment,0,3,0.131
7214,treatment,0,4,0.45
7215,treatment,0,5,0.703
7216,treatment,0,6,0.758
7217,treatment,0,7,0.748
7218,treatment,0,8,0.666
7219,treatment,0,9,0.479
7220,treatment,0,10,0.6
7221,treatment,0,11,0.167
7222,treatment,0,12,0.619
7223,treatment,0,13,0.256
7224,treatment,0,14,0.507
7225,treatment,0,1,0.629
7226,treatment,0,2,0.803
7227,treatment,0,3,0.107
7228,treatment,0,4,0.49
7229,treatment,0,5,0.241
7230,treatment,0,6,0.206
7231,treatment,0,7,0.324
7232,treatment,0,8,0.195
7233,treatment,0,9,0.235
7234,treatment,1,10,0.313
7235,treatment,0,11,0.787
7236,treatment,0,12,0.374
7237,treatment,0,13,0.818
7238,treatment,0,14,0.358
7239,treatment,0,1,0.36
7240,treatment,0,2,0.457
7241,treatment,0,3,0.301
7242,treatment,0,4,0.189
7243,treatment,0,5,0.518
7244,treatment,0,6,0.238
7245,treatment,0,7,0.307
7246,treatment,0,8,0.144
7247,treatment,0,9,0.494
7248,treatment,0,10,0.215
7249,treatment,0,11,0.642
7250,treatment,0,12,0.201
7251,treatment,0,13,0.018
7252,treatment,0,14,0.493
7253,treatment,0,1,0.423
7254,treatment,0,2,0.393
7255,treatment,0,3,0.655
7256,treatment,0,4,0.397
7257,treatment,0,5,0.469
7258,treatment,0,6,0.119
7259,treatment,0,7,0.531
7260,treatment,0,8,0.587
7261,treatment,0,9,0.439
7262,treatment,0,10,0.525
7263,treatment,0,11,0.508
7264,treatment,0,12,0
7265,treatment,0,13,0.5
7266,treatment,0,14,0.261
7267,treatment,1,1,0.556
7268,treatment,0,2,0.486
7269,treatment,0,3,0.3
7270,treatment,0,4,0.541
7271,treatment,0,5,0.198
7272,treatment,0,6,0.377
7273,treatment,0,7,0.338
7274,treatment,0,8,0.811
7275,treatment,0,9,0.531
7276,treatment,0,10,0.448
7277,treatment,0,11,0.332
7278,treatment,0,12,0.522
7279,treatment,0,13,0.752
7280,treatment,0,14,0.377
7281,treatment,0,1,0.328
7282,treatment,0,2,0.493
7283,treatment,0,3,0.417
7284,treatment,0,4,0.509
7285,treatment,0,5,0.174
7286,treatment,0,6,0.512
7287,treatment,0,7,0.718
7288,treatment,0,8,0.493
7289,treatment,0,9,0.47
7290,treatment,0,10,0.214
7291,treatment,0,11,0.471
7292,treatment,0,12,0.78
7293,treatment,0,13,0.448
7294,treatment,0,14,0.377
7295,treatment,0,1,0.463
7296,treatment,0,2,0.513
7297,treatment,0,3,0.523
7298,treatment,0,4,0.407
7299,treatment,0,5,0.293
7300,treatment,0,6,0.526
7301,treatment,0,7,0.296
7302,treatment,0,8,0.327
7303,treatment,0,9,0.443
7304,treatment,0,10,0.475
7305,treatment,0,11,0.224
7306,treatment,0,12,0.462
7307,treatment,0,13,0.508
7308,treatment,0,14,0.513
7309,treatment,0,1,0.449
7310,treatment,0,2,0.412
7311,treatment,0,3,0.305
7312,treatment,0,4,0.47
7313,treatment,0,5,0.771
7314,treatment,0,6,0.45
7315,treatment,0,7,0.113
7316,treatment,0,8,0.573
7317,treatment,0,9,0.195
7318,treatment,0,10,0.35
7319,treatment,0,11,0.543
7320,treatment,0,12,0.352
7321,treatment,0,13,0.33
7322,treatment,1,14,0.609
7323,treatment,0,1,0.636
7324,treatment,0,2,0.574
7325,treatment,0,3,0.307
7326,treatment,0,4,0.473
7327,treatment,0,5,0.457
7328,treatment,0,6,0.487
7329,treatment,0,7,0.488
7330,treatment,0,8,0.417
7331,treatment,0,9,0.226
7332,treatment,0,10,0.249
7333,treatment,0,11,0.446
7334,treatment,0,12,0.288
7335,treatment,0,13,0.57
7336,treatment,0,14,0.406
7337,treatment,0,1,0.178
7338,treatment,0,2,0.399
7339,treatment,0,3,0.221
7340,treatment,0,4,0.471
7341,treatment,0,5,0.16
7342,treatment,1,6,0.314
7343,treatment,0,7,0.254
7344,treatment,0,8,0.467
7345,treatment,0,9,0.344
7346,treatment,0,10,0.334
7347,treatment,0,11,0.559
7348,treatment,0,12,0.287
7349,treatment,0,13,0.376
7350,treatment,0,14,0.544
7351,treatment,0,1,0.357
7352,treatment,0,2,0.309
7353,treatment,0,3,0.486
7354,treatment,0,4,0.692
7355,treatment,0,5,0.542
7356,treatment,0,6,0.355
7357,treatment,1,7,0.536
7358,treatment,1,8,0.412
7359,treatment,0,9,0.357
7360,treatment,0,10,0.55
7361,treatment,0,11,0.571
7362,treatment,0,12,0.365
7363,treatment,0,13,0.542
7364,treatment,0,14,0.666
7365,treatment,0,1,0.424
7366,treatment,0,2,0.355
7367,treatment,0,3,0.352
7368,treatment,1,4,0.861
7369,treatment,0,5,0.162
7370,treatment,0,6,0.299
7371,treatment,0,7,0.309
7372,treatment,0,8,0.525
7373,treatment,0,9,0.324
7374,treatment,0,10,0.606
7375,treatment,0,11,0.516
7376,treatment,0,12,0.188
7377,treatment,0,13,0.313
7378,treatment,0,14,0.813
7379,treatment,0,1,0.753
7380,treatment,0,2,0.492
7381,treatment,0,3,0.764
7382,treatment,0,4,0.457
7383,treatment,0,5,0.337
7384,treatment,0,6,0.587
7385,treatment,0,7,0.44
7386,treatment,1,8,0.592
7387,treatment,0,9,0.404
7388,treatment,0,10,0.236
7389,treatment,0,11,0.489
7390,treatment,0,12,0.448
7391,treatment,0,13,0.281
7392,treatment,0,14,0.319
7393,treatment,0,1,0
7394,treatment,0,2,0.645
7395,treatment,0,3,0.631
7396,treatment,0,4,0.337
7397,treatment,0,5,0.31
7398,treatment,0,6,0.546
7399,treatment,0,7,0.838
7400,treatment,0,8,0.264
7401,treatment,0,9,0.043
7402,treatment,0,10,0.634
7403,treatment,0,11,0.624
7404,treatment,0,12,0.687
7405,treatment,0,13,0.566
7406,treatment,0,14,0.377
7407,treatment,0,1,0.575
7408,treatment,0,2,0.273
7409,treatment,0,3,0.016
7410,treatment,0,4,0.496
7411,treatment,0,5,0.379
7412,treatment,0,6,0.61
7413,treatment,1,7,0.397
7414,treatment,0,8,0.084
7415,treatment,0,9,0.475
7416,treatment,0,10,0.278
7417,treatment,0,11,0.735
7418,treatment,0,12,0.341
7419,treatment,0,13,0.288
7420,treatment,0,14,0.287
7421,treatment,0,1,0.381
7422,treatment,0,2,0.135
7423,treatment,0,3,0.578
7424,treatment,0,4,0.396
7425,treatment,0,5,0.507
7426,treatment,0,6,0.617
7427,treatment,0,7,0.403
7428,treatment,0,8,0.569
7429,treatment,0,9,0.47
7430,treatment,0,10,0.926
7431,treatment,0,11,0.308
7432,treatment,0,12,0.606
7433,treatment,0,13,0.578
7434,treatment,0,14,0.384
7435,treatment,0,1,0.292
7436,treatment,0,2,0.214
7437,treatment,0,3,0.349
7438,treatment,0,4,0.102
7439,treatment,0,5,0.729
7440,treatment,0,6,0.646
7441,treatment,0,7,0.518
7442,treatment,0,8,0.438
7443,treatment,0,9,0.578
7444,treatment,0,10,0.547
7445,treatment,0,11,0.415
7446,treatment,0,12,0.576
7447,treatment,0,13,0.368
7448,treatment,0,14,0.528
7449,treatment,0,1,0.408
7450,treatment,0,2,0.103
7451,treatment,0,3,0.564
7452,treatment,0,4,0.3
7453,treatment,0,5,0.143
7454,treatment,0,6,0.284
7455,treatment,0,7,0.589
7456,treatment,0,8,0.599
7457,treatment,0,9,0.457
7458,treatment,0,10,0.458
7459,treatment,0,11,0.477
7460,treatment,0,12,0.349
7461,treatment,0,13,0.276
7462,treatment,0,14,0.391
7463,treatment,0,1,0.592
7464,treatment,0,2,0.58
7465,treatment,0,3,0.66
7466,treatment,0,4,0.537
7467,treatment,0,5,0.533
7468,treatment,0,6,0.108
7469,treatment,0,7,0.42
7470,treatment,0,8,0.405
7471,treatment,0,9,0.436
7472,treatment,0,10,0.139
7473,treatment,0,11,0.418
7474,treatment,0,12,0.411
7475,treatment,0,13,0.195
7476,treatment,0,14,0.305
7477,treatment,0,1,0.817
7478,treatment,0,2,0.239
7479,treatment,0,3,0.166
7480,treatment,0,4,0.462
7481,treatment,0,5,0.303
7482,treatment,0,6,0.472
7483,treatment,0,7,0.27
7484,treatment,0,8,0.173
7485,treatment,0,9,0.624
7486,treatment,0,10,0.525
7487,treatment,0,11,0.31
7488,treatment,1,12,0.477
7489,treatment,1,13,0.517
7490,treatment,0,14,0.303
7491,treatment,0,1,0.308
7492,treatment,0,2,0.422
7493,treatment,0,3,0.688
7494,treatment,0,4,0.198
7495,treatment,0,5,0.326
7496,treatment,0,6,0.454
7497,treatment,0,7,0.238
7498,treatment,0,8,0.555
7499,treatment,0,9,0.066
7500,treatment,0,10,0.252
7501,treatment,0,11,0.684
7502,treatment,0,12,0.13
7503,treatment,0,13,0.412
7504,treatment,0,14,0.407
7505,treatment,0,1,0.562
7506,treatment,0,2,0.417
7507,treatment,0,3,0.604
7508,treatment,0,4,0.463
7509,treatment,0,5,0.41
7510,treatment,0,6,0.245
7511,treatment,0,7,0.329
7512,treatment,1,8,0.853
7513,treatment,0,9,0.541
7514,treatment,0,10,0.695
7515,treatment,0,11,0.323
7516,treatment,0,12,0.604
7517,treatment,0,13,0.427
7518,treatment,0,14,0.506
7519,treatment,0,1,0.184
7520,treatment,0,2,0.389
7521,treatment,0,3,0.314
7522,treatment,0,4,0.137
7523,treatment,0,5,0.711
7524,treatment,0,6,0.218
7525,treatment,0,7,0.28
7526,treatment,0,8,0.311
7527,treatment,0,9,0.677
7528,treatment,0,10,0.502
7529,treatment,0,11,0.621
7530,treatment,0,12,0.911
7531,treatment,0,13,0.14
7532,treatment,0,14,0.668
7533,treatment,1,1,0.371
7534,treatment,0,2,0.324
7535,treatment,0,3,0.341
7536,treatment,0,4,0.659
7537,treatment,0,5,0.715
7538,treatment,0,6,0.714
7539,treatment,0,7,0.423
7540,treatment,0,8,0.336
7541,treatment,0,9,0.436
7542,treatment,0,10,0.836
7543,treatment,0,11,0.36
7544,treatment,0,12,0.334
7545,treatment,0,13,0.585
7546,treatment,0,14,0.642
7547,treatment,0,1,0.317
7548,treatment,0,2,0
7549,treatment,0,3,0.494
7550,treatment,0,4,0.659
7551,treatment,0,5,0.419
7552,treatment,0,6,0.272
7553,treatment,0,7,0.294
7554,treatment,0,8,0.363
7555,treatment,0,9,0.748
7556,treatment,0,10,0.279
7557,treatment,0,11,0.431
7558,treatment,0,12,0.381
7559,treatment,0,13,0.443
7560,treatment,0,14,0.65
7561,treatment,0,1,0.496
7562,treatment,0,2,0.377
7563,treatment,0,3,0.401
7564,treatment,0,4,0.316
7565,treatment,0,5,0.355
7566,treatment,0,6,0.264
7567,treatment,0,7,0.489
7568,treatment,0,8,0.474
7569,treatment,0,9,0.344
7570,treatment,0,10,0.133
7571,treatment,0,11,0.249
7572,treatment,0,12,0.234
7573,treatment,0,13,0.514
7574,treatment,0,14,0.298
7575,treatment,0,1,0.622
7576,treatment,0,2,0.568
7577,treatment,0,3,0.422
7578,treatment,0,4,0.153
7579,treatment,0,5,0.714
7580,treatment,0,6,0.443
7581,treatment,0,7,0.614
7582,treatment,0,8,0.381
7583,treatment,0,9,0.313
7584,treatment,0,10,0.387
7585,treatment,0,11,0.131
7586,treatment,0,12,0.422
7587,treatment,0,13,0.573
7588,treatment,0,14,0.634
7589,treatment,0,1,0.085
7590,treatment,0,2,0.053
7591,treatment,0,3,0.291
7592,treatment,0,4,0.038
7593,treatment,0,5,0.918
7594,treatment,0,6,0.263
7595,treatment,0,7,0
7596,treatment,0,8,0.374
7597,treatment,0,9,0.397
7598,treatment,0,10,0.35
7599,treatment,0,11,0.568
7600,treatment,0,12,0.381
7601,treatment,0,13,0.675
7602,treatment,0,14,0.394
7603,treatment,0,1,0.254
7604,treatment,0,2,0.406
7605,treatment,0,3,0.184
7606,treatment,0,4,0.445
7607,treatment,0,5,0.468
7608,treatment,0,6,0.202
7609,treatment,0,7,0.214
7610,treatment,0,8,0.484
7611,treatment,1,9,0.323
7612,treatment,0,10,0.245
7613,treatment,0,11,0.518
7614,treatment,0,12,0.077
7615,treatment,0,13,0.426
7616,treatment,0,14,0.423
7617,treatment,0,1,0.331
7618,treatment,1,2,0.051
7619,treatment,0,3,0.341
7620,treatment,0,4,0.409
7621,treatment,0,5,0.593
7622,treatment,0,6,0.292
7623,treatment,0,7,0.269
7624,treatment,0,8,0.675
7625,treatment,0,9,0.606
7626,treatment,0,10,0.404
7627,treatment,0,11,0.354
7628,treatment,0,12,0.316
7629,treatment,1,13,0.371
7630,treatment,0,14,0.114
7631,treatment,0,1,0.496
7632,treatment,0,2,0.274
7633,treatment,0,3,0.502
7634,treatment,0,4,0.382
7635,treatment,0,5,0.334
7636,treatment,0,6,0.744
7637,treatment,0,7,0.493
7638,treatment,0,8,0.381
7639,treatment,1,9,0.602
7640,treatment,0,10,0.498
7641,treatment,0,11,0.48
7642,treatment,0,12,0.695
7643,treatment,0,13,0.353
7644,treatment,0,14,0.466
7645,treatment,0,1,0.26
7646,treatment,0,2,0.434
7647,treatment,0,3,0.199
7648,treatment,0,4,0.588
7649,treatment,0,5,0.051
7650,treatment,0,6,0.371
7651,treatment,0,7,0.414
7652,treatment,0,8,0.523
7653,treatment,0,9,0.178
7654,treatment,0,10,0.399
7655,treatment,0,11,0.788
7656,treatment,0,12,0.401
7657,treatment,0,13,0.132
7658,treatment,0,14,0.621
7659,treatment,0,1,0.511
7660,treatment,0,2,0.391
7661,treatment,0,3,0.398
7662,treatment,0,4,0.876
7663,treatment,0,5,0.049
7664,treatment,0,6,0.36
7665,treatment,0,7,0.281
7666,treatment,0,8,0.346
7667,treatment,0,9,0.153
7668,treatment,0,10,0.46
7669,treatment,0,11,0.644
7670,treatment,1,12,0.538
7671,treatment,0,13,0.713
7672,treatment,0,14,0.466
7673,treatment,0,1,0.711
7674,treatment,0,2,0.759
7675,treatment,0,3,0.427
7676,treatment,0,4,0.23
7677,treatment,0,5,0.171
7678,treatment,0,6,0.563
7679,treatment,0,7,0.327
7680,treatment,0,8,0.628
7681,treatment,0,9,0.293
7682,treatment,0,10,0.485
7683,treatment,0,11,0.648
7684,treatment,0,12,0.346
7685,treatment,0,13,0.402
7686,treatment,0,14,0.358
7687,treatment,0,1,0.378
7688,treatment,0,2,0.474
7689,treatment,0,3,0.504
7690,treatment,0,4,0.379
7691,treatment,1,5,0.352
7692,treatment,1,6,0.379
7693,treatment,0,7,0.208
7694,treatment,0,8,0.463
7695,treatment,0,9,0.367
7696,treatment,0,10,0.709
7697,treatment,0,11,0.694
7698,treatment,0,12,0.376
7699,treatment,0,13,0.544
7700,treatment,0,14,0.607
7701,treatment,0,1,0.654
7702,treatment,0,2,0.672
7703,treatment,0,3,0.328
7704,treatment,0,4,0.152
7705,treatment,0,5,0.555
7706,treatment,0,6,0.736
7707,treatment,0,7,0.356
7708,treatment,0,8,0.43
7709,treatment,1,9,0.633
7710,treatment,0,10,0.119
7711,treatment,0,11,0.348
7712,treatment,0,12,0.392
7713,treatment,0,13,0.567
7714,treatment,0,14,0.232
7715,treatment,1,1,0
7716,treatment,0,2,0.575
7717,treatment,0,3,0.265
7718,treatment,0,4,0.517
7719,treatment,0,5,0.647
7720,treatment,0,6,0.494
7721,treatment,0,7,0.184
7722,treatment,0,8,0.57
7723,treatment,0,9,0.53
7724,treatment,0,10,0.379
7725,treatment,0,11,0.558
7726,treatment,0,12,0.531
7727,treatment,0,13,0.378
7728,treatment,0,14,0.575
7729,treatment,0,1,0.346
7730,treatment,0,2,0.56
7731,treatment,0,3,0.358
7732,treatment,0,4,0.332
7733,treatment,0,5,0.399
7734,treatment,0,6,0.26
7735,treatment,0,7,0.281
7736,treatment,1,8,0.353
7737,treatment,0,9,0.439
7738,treatment,0,10,0.283
7739,treatment,0,11,0.43
7740,treatment,0,12,0.09
7741,treatment,0,13,0.025
7742,treatment,0,14,0.551
7743,treatment,0,1,0.268
7744,treatment,0,2,0.422
7745,treatment,1,3,0.486
7746,treatment,0,4,0.481
7747,treatment,0,5,0.402
7748,treatment,0,6,0.293
7749,treatment,0,7,0.257
7750,treatment,0,8,0.515
7751,treatment,0,9,0.62
7752,treatment,0,10,0.839
7753,treatment,0,11,0.323
7754,treatment,0,12,0.313
7755,treatment,0,13,0.378
7756,treatment,0,14,0.247
7757,treatment,0,1,0.955
7758,treatment,0,2,0.268
7759,treatment,0,3,0.522
7760,treatment,0,4,0.416
7761,treatment,0,5,0.485
7762,treatment,0,6,0.321
7763,treatment,0,7,0.283
7764,treatment,0,8,0.306
7765,treatment,0,9,0.396
7766,treatment,1,10,0.547
7767,treatment,0,11,0.477
7768,treatment,0,12,0.205
7769,treatment,0,13,0.442
7770,treatment,0,14,0.266
7771,treatment,0,1,0.411
7772,treatment,0,2,0.61
7773,treatment,0,3,0.491
7774,treatment,0,4,0.58
7775,treatment,0,5,0.171
7776,treatment,0,6,0.057
7777,treatment,0,7,0.383
7778,treatment,0,8,0.356
7779,treatment,0,9,0.523
7780,treatment,0,10,0.675
7781,treatment,1,11,0.477
7782,treatment,0,12,0.567
7783,treatment,0,13,0.395
7784,treatment,0,14,0.651
7785,treatment,0,1,0.673
7786,treatment,0,2,0.418
7787,treatment,0,3,0.468
7788,treatment,0,4,0.412
7789,treatment,0,5,0.71
7790,treatment,0,6,0.675
7791,treatment,0,7,0.354
7792,treatment,0,8,0.316
7793,treatment,0,9,0.613
7794,treatment,0,10,0.157
7795,treatment,0,11,0.293
7796,treatment,0,12,0.167
7797,treatment,0,13,0.359
7798,treatment,1,14,0.539
7799,treatment,0,1,0.563
7800,treatment,0,2,0.38
7801,treatment,0,3,0.565
7802,treatment,0,4,0.502
7803,treatment,0,5,0.378
7804,treatment,0,6,0.882
7805,treatment,0,7,0.273
7806,treatment,0,8,0.462
7807,treatment,0,9,0.528
7808,treatment,0,10,0.33
7809,treatment,0,11,0.442
7810,treatment,0,12,0.485
7811,treatment,0,13,0.405
7812,treatment,0,14,0.298
7813,treatment,0,1,0.478
7814,treatment,0,2,0.55
7815,treatment,0,3,0.363
7816,treatment,0,4,0.319
7817,treatment,0,5,0.312
7818,treatment,0,6,0.477
7819,treatment,0,7,0.386
7820,treatment,0,8,0.449
7821,treatment,0,9,0
7822,treatment,0,10,0.593
7823,treatment,0,11,0.446
7824,treatment,0,12,0.511
7825,treatment,0,13,0.315
7826,treatment,1,14,0.094
7827,treatment,0,1,0.446
7828,treatment,0,2,0.561
7829,treatment,0,3,0.399
7830,treatment,0,4,0.453
7831,treatment,0,5,0.223
7832,treatment,0,6,0.19
7833,treatment,0,7,0.573
7834,treatment,0,8,0
7835,treatment,0,9,0.307
7836,treatment,0,10,0.385
7837,treatment,0,11,0.226
7838,treatment,0,12,0.228
7839,treatment,0,13,0.741
7840,treatment,0,14,0.409
7841,treatment,0,1,0.317
7842,treatment,0,2,0.436
7843,treatment,1,3,0.395
7844,treatment,0,4,0.397
7845,treatment,0,5,0.306
7846,treatment,0,6,0.324
7847,treatment,0,7,0.363
7848,treatment,0,8,0.74
7849,treatment,0,9,0.563
7850,treatment,0,10,0.176
7851,treatment,0,11,0.665
7852,treatment,0,12,0
7853,treatment,0,13,0.402
7854,treatment,0,14,0.434
7855,treatment,0,1,0.705
7856,treatment,0,2,0.641
7857,treatment,0,3,0.531
7858,treatment,0,4,0.697
7859,treatment,0,5,0.461
7860,treatment,0,6,0.109
7861,treatment,0,7,0.515
7862,treatment,0,8,0.453
7863,treatment,0,9,0.354
7864,treatment,0,10,0.326
7865,treatment,1,11,0.203
7866,treatment,0,12,0.683
7867,treatment,0,13,0.271
7868,treatment,0,14,0.591
7869,treatment,0,1,0.183
7870,treatment,0,2,0.527
7871,treatment,0,3,0.538
7872,treatment,1,4,0.09
7873,treatment,0,5,0.555
7874,treatment,0,6,0.424
7875,treatment,0,7,0.051
7876,treatment,0,8,0.169
7877,treatment,0,9,0.473
7878,treatment,0,10,0.279
7879,treatment,0,11,0.291
7880,treatment,0,12,0.503
7881,treatment,0,13,0.518
7882,treatment,0,14,0.717
7883,treatment,0,1,0.565
7884,treatment,0,2,0.379
7885,treatment,0,3,0.362
7886,treatment,0,4,0.444
7887,treatment,0,5,0.346
7888,treatment,0,6,0.505
7889,treatment,0,7,0.399
7890,treatment,0,8,0.384
7891,treatment,0,9,0.075
7892,treatment,0,10,0.58
7893,treatment,0,11,0.115
7894,treatment,0,12,0.346
7895,treatment,0,13,0.476
7896,treatment,0,14,0.35
7897,treatment,0,1,0.323
7898,treatment,0,2,0.253
7899,treatment,0,3,0.661
7900,treatment,0,4,0.599
7901,treatment,0,5,0.618
7902,treatment,0,6,0.34
7903,treatment,1,7,0.44
7904,treatment,0,8,0.336
7905,treatment,0,9,0.363
7906,treatment,0,10,0.4
7907,treatment,1,11,0.179
7908,treatment,0,12,0.338
7909,treatment,0,13,0.316
7910,treatment,0,14,0.085
7911,treatment,0,1,0.62
7912,treatment,0,2,0.518
7913,treatment,0,3,0.612
7914,treatment,0,4,0
7915,treatment,0,5,0.457
7916,treatment,0,6,0.299
7917,treatment,0,7,0.117
7918,treatment,0,8,0.507
7919,treatment,0,9,0.516
7920,treatment,0,10,0.514
7921,treatment,0,11,0.649
7922,treatment,0,12,0.572
7923,treatment,0,13,0.395
7924,treatment,0,14,0.381
7925,treatment,0,1,0.3
7926,treatment,0,2,0.186
7927,treatment,0,3,0.394
7928,treatment,0,4,0.629
7929,treatment,0,5,0.597
7930,treatment,0,6,0.497
7931,treatment,0,7,0.491
7932,treatment,0,8,0.44
7933,treatment,0,9,0.469
7934,treatment,0,10,0.623
7935,treatment,0,11,0.668
7936,treatment,0,12,0.555
7937,treatment,0,13,0.454
7938,treatment,0,14,0.388
7939,treatment,0,1,0.475
7940,treatment,0,2,0.437
7941,treatment,0,3,0.107
7942,treatment,0,4,0.286
7943,treatment,0,5,0.464
7944,treatment,0,6,0.349
7945,treatment,0,7,0.497
7946,treatment,0,8,0.784
7947,treatment,0,9,0.59
7948,treatment,0,10,0.199
7949,treatment,0,11,0.514
7950,treatment,0,12,0.491
7951,treatment,0,13,0.417
7952,treatment,0,14,0.561
7953,treatment,0,1,0.459
7954,treatment,0,2,0.558
7955,treatment,0,3,0.256
7956,treatment,0,4,0.691
7957,treatment,0,5,0.768
7958,treatment,0,6,0.391
7959,treatment,0,7,0.322
7960,treatment,0,8,0.346
7961,treatment,0,9,0.612
7962,treatment,0,10,0.516
7963,treatment,0,11,0.316
7964,treatment,0,12,0.294
7965,treatment,0,13,0.266
7966,treatment,0,14,0.63
7967,treatment,0,1,0.185
7968,treatment,0,2,0.34
7969,treatment,0,3,0.408
7970,treatment,0,4,0.381
7971,treatment,0,5,0.056
7972,treatment,0,6,0.507
7973,treatment,0,7,0.598
7974,treatment,0,8,0.335
7975,treatment,0,9,0.987
7976,treatment,0,10,0.406
7977,treatment,0,11,0.445
7978,treatment,0,12,0.446
7979,treatment,0,13,0.253
7980,treatment,1,14,0.27
7981,treatment,0,1,0.653
7982,treatment,0,2,0.401
7983,treatment,0,3,0.675
7984,treatment,0,4,0.253
7985,treatment,0,5,0.445
7986,treatment,0,6,0.355
7987,treatment,0,7,0.564
7988,treatment,0,8,0.265
7989,treatment,0,9,0.155
7990,treatment,0,10,0.578
7991,treatment,0,11,0.261
7992,treatment,0,12,0.216
7993,treatment,0,13,0.226
7994,treatment,0,14,0.348
7995,treatment,0,1,0.257
7996,treatment,0,2,0
7997,treatment,0,3,0.276
7998,treatment,0,4,0.346
7999,treatment,0,5,0.462
8000,treatment,0,6,0.334
8001,treatment,0,7,0.34
8002,treatment,0,8,0.439
8003,treatment,0,9,0.469
8004,treatment,0,10,0.273
8005,treatment,0,11,0.455
8006,treatment,0,12,0.254
8007,treatment,0,13,0.347
8008,treatment,0,14,0.151
8009,treatment,0,1,0.759
8010,treatment,0,2,0.149
8011,treatment,0,3,0.503
8012,treatment,0,4,0.467
8013,treatment,0,5,0.395
8014,treatment,0,6,0.699
8015,treatment,0,7,0.189
8016,treatment,0,8,0.477
8017,treatment,0,9,0.339
8018,treatment,0,10,0.191
8019,treatment,0,11,0.478
8020,treatment,0,12,0.248
8021,treatment,0,13,0.655
8022,treatment,0,14,0.476
8023,treatment,0,1,0.275
8024,treatment,0,2,0.532
8025,treatment,0,3,0.489
8026,treatment,0,4,0.581
8027,treatment,0,5,0.6
8028,treatment,0,6,0.516
8029,treatment,0,7,0.525
8030,treatment,0,8,0.28
8031,treatment,0,9,0.355
8032,treatment,0,10,0.469
8033,treatment,0,11,0.155
8034,treatment,0,12,0.522
8035,treatment,1,13,0.404
8036,treatment,1,14,0.283
8037,treatment,0,1,0.067
8038,treatment,0,2,0.16
8039,treatment,0,3,0.465
8040,treatment,0,4,0.446
8041,treatment,0,5,0.341
8042,treatment,0,6,0.5
8043,treatment,0,7,0.326
8044,treatment,0,8,0.107
8045,treatment,0,9,0.283
8046,treatment,0,10,0.461
8047,treatment,0,11,0.555
8048,treatment,0,12,0.371
8049,treatment,0,13,0.308
8050,treatment,0,14,0.566
8051,treatment,0,1,0.467
8052,treatment,0,2,0.584
8053,treatment,0,3,0.552
8054,treatment,0,4,0.349
8055,treatment,0,5,0.287
8056,treatment,0,6,0.503
8057,treatment,0,7,0.46
8058,treatment,0,8,0.321
8059,treatment,0,9,0.349
8060,treatment,0,10,0.584
8061,treatment,0,11,0.325
8062,treatment,0,12,0.527
8063,treatment,0,13,0.677
8064,treatment,0,14,0.204
8065,treatment,0,1,0.571
8066,treatment,0,2,0.545
8067,treatment,0,3,0.097
8068,treatment,0,4,0.548
8069,treatment,0,5,0.722
8070,treatment,0,6,0.41
8071,treatment,0,7,0.508
8072,treatment,0,8,0.238
8073,treatment,0,9,0.143
8074,treatment,0,10,0
8075,treatment,0,11,0.277
8076,treatment,0,12,0.513
8077,treatment,0,13,0.226
8078,treatment,0,14,0.298
8079,treatment,0,1,0.365
8080,treatment,0,2,0.275
8081,treatment,0,3,0.308
8082,treatment,0,4,0.486
8083,treatment,0,5,0.416
8084,treatment,0,6,0.474
8085,treatment,0,7,0.477
8086,treatment,0,8,0.388
8087,treatment,0,9,0.658
8088,treatment,0,10,0.584
8089,treatment,0,11,0.714
8090,treatment,0,12,0.327
8091,treatment,0,13,0.235
8092,treatment,0,14,0.214
8093,treatment,0,1,0.57
8094,treatment,0,2,0
8095,treatment,0,3,0.199
8096,treatment,0,4,0.545
8097,treatment,0,5,0.23
8098,treatment,0,6,0.458
8099,treatment,0,7,0.644
8100,treatment,0,8,0.289
8101,treatment,0,9,0.431
8102,treatment,0,10,0.723
8103,treatment,0,11,0.593
8104,treatment,0,12,0.039
8105,treatment,0,13,0.449
8106,treatment,0,14,0.288
8107,treatment,0,1,0.355
8108,treatment,0,2,0.576
8109,treatment,0,3,0.313
8110,treatment,1,4,0.447
8111,treatment,0,5,0.399
8112,treatment,0,6,0.23
8113,treatment,0,7,0.379
8114,treatment,0,8,0.627
8115,treatment,0,9,0.431
8116,treatment,0,10,0.368
8117,treatment,0,11,0.485
8118,treatment,0,12,0.22
8119,treatment,0,13,0.442
8120,treatment,0,14,0.527
8121,treatment,0,1,0.034
8122,treatment,0,2,0.411
8123,treatment,0,3,0.312
8124,treatment,0,4,0.282
8125,treatment,0,5,0.605
8126,treatment,0,6,0.538
8127,treatment,0,7,0.318
8128,treatment,0,8,0.376
8129,treatment,0,9,0.535
8130,treatment,0,10,0.283
8131,treatment,0,11,0.551
8132,treatment,0,12,0.267
8133,treatment,0,13,0.182
8134,treatment,0,14,0.279
8135,treatment,0,1,0.574
8136,treatment,0,2,0.45
8137,treatment,0,3,0.401
8138,treatment,1,4,0.461
8139,treatment,0,5,0.708
8140,treatment,0,6,0.427
8141,treatment,0,7,0.809
8142,treatment,0,8,0.346
8143,treatment,0,9,0.482
8144,treatment,0,10,0.334
8145,treatment,0,11,0.316
8146,treatment,0,12,0.302
8147,treatment,0,13,0.492
8148,treatment,0,14,0.551
8149,treatment,0,1,0.318
8150,treatment,0,2,0.529
8151,treatment,0,3,0.454
8152,treatment,0,4,0.134
8153,treatment,0,5,0.568
8154,treatment,0,6,0.449
8155,treatment,0,7,0.368
8156,treatment,0,8,0.437
8157,treatment,0,9,0
8158,treatment,0,10,0.384
8159,treatment,0,11,0.381
8160,treatment,0,12,0.285
8161,treatment,0,13,0.478
8162,treatment,0,14,0.442
8163,treatment,0,1,0.106
8164,treatment,1,2,0.224
8165,treatment,0,3,0.074
8166,treatment,0,4,0.393
8167,treatment,0,5,0.468
8168,treatment,0,6,0.334
8169,treatment,0,7,0.939
8170,treatment,0,8,0.548
8171,treatment,0,9,0.561
8172,treatment,1,10,0.029
8173,treatment,0,11,0.624
8174,treatment,0,12,0.159
8175,treatment,0,13,0.474
8176,treatment,0,14,0.283
8177,treatment,0,1,0.312
8178,treatment,0,2,0.631
8179,treatment,0,3,0.392
8180,treatment,0,4,0.539
8181,treatment,0,5,0.445
8182,treatment,0,6,0.766
8183,treatment,0,7,0.183
8184,treatment,0,8,0.391
8185,treatment,0,9,0.395
8186,treatment,0,10,0.177
8187,treatment,0,11,0.578
8188,treatment,0,12,0.279
8189,treatment,0,13,0.339
8190,treatment,0,14,0.4
8191,treatment,0,1,0.471
8192,treatment,0,2,0.186
8193,treatment,0,3,0.457
8194,treatment,0,4,0.146
8195,treatment,0,5,0.211
8196,treatment,0,6,0.688
8197,treatment,0,7,0.377
8198,treatment,0,8,0.508
8199,treatment,0,9,0.528
8200,treatment,0,10,0.198
8201,treatment,0,11,0.453
8202,treatment,0,12,0.658
8203,treatment,0,13,0.874
8204,treatment,0,14,0.589
8205,treatment,0,1,0.359
8206,treatment,0,2,0.63
8207,treatment,0,3,0.537
8208,treatment,0,4,0.263
8209,treatment,0,5,0.254
8210,treatment,0,6,0.335
8211,treatment,0,7,0.407
8212,treatment,0,8,0.219
8213,treatment,0,9,0.317
8214,treatment,0,10,0.431
8215,treatment,0,11,0.537
8216,treatment,0,12,0.516
8217,treatment,0,13,0.235
8218,treatment,0,14,0.588
8219,treatment,0,1,0.535
8220,treatment,1,2,0.498
8221,treatment,0,3,0.422
8222,treatment,0,4,0.2
8223,treatment,0,5,0.168
8224,treatment,0,6,0.271
8225,treatment,1,7,0.481
8226,treatment,0,8,0.592
8227,treatment,0,9,0.541
8228,treatment,0,10,0.321
8229,treatment,0,11,0.393
8230,treatment,0,12,0.259
8231,treatment,0,13,0.343
8232,treatment,0,14,0.468
8233,treatment,0,1,0.323
8234,treatment,0,2,0.128
8235,treatment,0,3,0.418
8236,treatment,0,4,0.107
8237,treatment,0,5,0.294
8238,treatment,1,6,0.521
8239,treatment,0,7,0.183
8240,treatment,0,8,0.308
8241,treatment,0,9,0.108
8242,treatment,0,10,0.58
8243,treatment,0,11,0.16
8244,treatment,1,12,0.534
8245,treatment,0,13,0.273
8246,treatment,0,14,0.285
8247,treatment,0,1,0.559
8248,treatment,0,2,0.442
8249,treatment,0,3,0.397
8250,treatment,0,4,0.349
8251,treatment,0,5,0.476
8252,treatment,0,6,0.643
8253,treatment,0,7,0.365
8254,treatment,0,8,0.411
8255,treatment,0,9,0.555
8256,treatment,0,10,0.266
8257,treatment,0,11,0.546
8258,treatment,0,12,0.374
8259,treatment,0,13,0.518
8260,treatment,0,14,0.393
8261,treatment,0,1,0.452
8262,treatment,0,2,0.443
8263,treatment,0,3,0.627
8264,treatment,0,4,0.276
8265,treatment,0,5,0.331
8266,treatment,0,6,0.336
8267,treatment,0,7,0.059
8268,treatment,0,8,0.317
8269,treatment,0,9,0.299
8270,treatment,0,10,0.3
8271,treatment,0,11,0.68
8272,treatment,0,12,0.333
8273,treatment,0,13,0.481
8274,treatment,0,14,0.249
8275,treatment,0,1,0.235
8276,treatment,0,2,0.343
8277,treatment,0,3,0.501
8278,treatment,0,4,0.471
8279,treatment,0,5,0.489
8280,treatment,0,6,0.116
8281,treatment,0,7,0.024
8282,treatment,0,8,0.397
8283,treatment,0,9,0.083
8284,treatment,0,10,0.418
8285,treatment,0,11,0.568
8286,treatment,0,12,0.381
8287,treatment,1,13,0.632
8288,treatment,1,14,0.593
8289,treatment,0,1,0.307
8290,treatment,0,2,0.404
8291,treatment,0,3,0.456
8292,treatment,0,4,0.301
8293,treatment,0,5,0.352
8294,treatment,0,6,0.426
8295,treatment,0,7,0.594
8296,treatment,0,8,0.518
8297,treatment,0,9,0.29
8298,treatment,0,10,0.344
8299,treatment,0,11,0.18
8300,treatment,0,12,0.691
8301,treatment,0,13,0.254
8302,treatment,0,14,0.371
8303,treatment,1,1,0.348
8304,treatment,0,2,0.687
8305,treatment,0,3,0.386
8306,treatment,0,4,0.307
8307,treatment,0,5,0.331
8308,treatment,0,6,0.521
8309,treatment,0,7,0.405
8310,treatment,0,8,0.558
8311,treatment,0,9,0.539
8312,treatment,0,10,0.303
8313,treatment,0,11,0.215
8314,treatment,0,12,0.391
8315,treatment,0,13,0.706
8316,treatment,0,14,0.393
8317,treatment,0,1,0.279
8318,treatment,0,2,0.364
8319,treatment,1,3,0.514
8320,treatment,0,4,0.868
8321,treatment,0,5,0.38
8322,treatment,1,6,0.421
8323,treatment,0,7,0.479
8324,treatment,0,8,0.457
8325,treatment,0,9,0.262
8326,treatment,0,10,0.421
8327,treatment,0,11,0.207
8328,treatment,0,12,0.448
8329,treatment,0,13,0.489
8330,treatment,0,14,0.714
8331,treatment,0,1,0.808
8332,treatment,0,2,0
8333,treatment,0,3,0.264
8334,treatment,0,4,0.282
8335,treatment,0,5,0.614
8336,treatment,0,6,0.42
8337,treatment,0,7,0.088
8338,treatment,0,8,0.267
8339,treatment,1,9,0.484
8340,treatment,0,10,0.424
8341,treatment,0,11,0.617
8342,treatment,1,12,0.306
8343,treatment,0,13,0.607
8344,treatment,0,14,0.707
8345,treatment,0,1,0.169
8346,treatment,0,2,0.562
8347,treatment,0,3,0.42
8348,treatment,0,4,0.309
8349,treatment,0,5,0.468
8350,treatment,0,6,0.386
8351,treatment,0,7,0.635
8352,treatment,0,8,0.432
8353,treatment,0,9,0.378
8354,treatment,0,10,0.556
8355,treatment,1,11,0.452
8356,treatment,0,12,0.298
8357,treatment,0,13,0.208
8358,treatment,1,14,0.365
8359,treatment,0,1,0.29
8360,treatment,0,2,0.129
8361,treatment,0,3,0.763
8362,treatment,0,4,0.559
8363,treatment,0,5,0.649
8364,treatment,0,6,0.507
8365,treatment,1,7,0.248
8366,treatment,1,8,0.446
8367,treatment,0,9,0.294
8368,treatment,0,10,0.466
8369,treatment,0,11,0.343
8370,treatment,0,12,0.37
8371,treatment,0,13,0.472
8372,treatment,0,14,0.367
8373,treatment,0,1,0.576
8374,treatment,0,2,0.489
8375,treatment,0,3,0.475
8376,treatment,0,4,0.377
8377,treatment,0,5,0
8378,treatment,0,6,0.628
8379,treatment,0,7,0.535
8380,treatment,0,8,0.352
8381,treatment,0,9,0.518
8382,treatment,0,10,0.342
8383,treatment,0,11,0.125
8384,treatment,0,12,0.168
8385,treatment,0,13,0.469
8386,treatment,0,14,0.502
8387,treatment,0,1,0
8388,treatment,0,2,0.61
8389,treatment,0,3,0.296
8390,treatment,0,4,0.552
8391,treatment,0,5,0.322
8392,treatment,0,6,0.447
8393,treatment,0,7,0.257
8394,treatment,0,8,0.526
8395,treatment,0,9,0.453
8396,treatment,0,10,0.329
8397,treatment,0,11,0.19
8398,treatment,0,12,0.319
8399,treatment,0,13,0.553
8400,treatment,0,14,0.551
8401,treatment,0,1,0.437
8402,treatment,0,2,0.241
8403,treatment,0,3,0.211
8404,treatment,0,4,0.314
8405,treatment,0,5,0.666
8406,treatment,0,6,0.464
8407,treatment,0,7,0.609
8408,treatment,0,8,0.409
8409,treatment,0,9,0.46
8410,treatment,0,10,0.337
8411,treatment,0,11,0.367
8412,treatment,0,12,0.559
8413,treatment,0,13,0.523
8414,treatment,0,14,0.174
8415,treatment,0,1,0.755
8416,treatment,0,2,0.458
8417,treatment,0,3,0.301
8418,treatment,0,4,0.668
8419,treatment,0,5,0.202
8420,treatment,0,6,0.462
8421,treatment,0,7,0.431
8422,treatment,0,8,0.093
8423,treatment,0,9,0.169
8424,treatment,0,10,0.091
8425,treatment,0,11,0.723
8426,treatment,0,12,0.476
8427,treatment,1,13,0.357
8428,treatment,0,14,0.255
8429,treatment,0,1,0.204
8430,treatment,0,2,0.262
8431,treatment,0,3,0.339
8432,treatment,0,4,0.244
8433,treatment,0,5,0.617
8434,treatment,0,6,0.415
8435,treatment,0,7,0.51
8436,treatment,0,8,0.358
8437,treatment,0,9,0.44
8438,treatment,0,10,0.074
8439,treatment,0,11,0.444
8440,treatment,0,12,0.423
8441,treatment,0,13,0.456
8442,treatment,0,14,0.476
8443,treatment,0,1,0.239
8444,treatment,0,2,0.364
8445,treatment,0,3,0.57
8446,treatment,0,4,0.488
8447,treatment,0,5,0.571
8448,treatment,0,6,0.065
8449,treatment,0,7,0.102
8450,treatment,0,8,0.138
8451,treatment,0,9,0.48
8452,treatment,0,10,0.774
8453,treatment,0,11,0.337
8454,treatment,0,12,0.552
8455,treatment,0,13,0.529
8456,treatment,0,14,0.477
8457,treatment,0,1,0
8458,treatment,0,2,0.515
8459,treatment,0,3,0.494
8460,treatment,0,4,0.481
8461,treatment,0,5,0.648
8462,treatment,0,6,0.67
8463,treatment,0,7,0.282
8464,treatment,0,8,0.583
8465,treatment,0,9,0.086
8466,treatment,0,10,0.394
8467,treatment,0,11,0.147
8468,treatment,0,12,0.506
8469,treatment,0,13,0.336
8470,treatment,0,14,0.445
8471,treatment,0,1,0.349
8472,treatment,0,2,0.57
8473,treatment,0,3,0.552
8474,treatment,0,4,0.642
8475,treatment,0,5,0.212
8476,treatment,0,6,0.471
8477,treatment,0,7,0.168
8478,treatment,0,8,0.667
8479,treatment,0,9,0.31
8480,treatment,0,10,0.565
8481,treatment,0,11,0.489
8482,treatment,0,12,0.624
8483,treatment,0,13,0.105
8484,treatment,0,14,0.54
8485,treatment,0,1,0.412
8486,treatment,0,2,0.699
8487,treatment,0,3,0.392
8488,treatment,0,4,0.707
8489,treatment,0,5,0.458
8490,treatment,0,6,0.475
8491,treatment,0,7,0.663
8492,treatment,0,8,0.356
8493,treatment,0,9,0.419
8494,treatment,0,10,0.261
8495,treatment,0,11,0.31
8496,treatment,0,12,0.412
8497,treatment,0,13,0.386
8498,treatment,0,14,0.138
8499,treatment,0,1,0.646
8500,treatment,0,2,0.357
8501,treatment,0,3,0.487
8502,treatment,0,4,0.196
8503,treatment,0,5,0.421
8504,treatment,0,6,0.308
8505,treatment,0,7,0.56
8506,treatment,0,8,0.666
8507,treatment,0,9,0.567
8508,treatment,0,10,0.145
8509,treatment,0,11,0.133
8510,treatment,0,12,0.191
8511,treatment,0,13,0.523
8512,treatment,0,14,0.249
8513,treatment,0,1,0.413
8514,treatment,0,2,0.552
8515,treatment,0,3,0.595
8516,treatment,0,4,0.533
8517,treatment,0,5,0.607
8518,treatment,0,6,0.476
8519,treatment,0,7,0.257
8520,treatment,0,8,0.271
8521,treatment,0,9,0.4
8522,treatment,0,10,0.309
8523,treatment,0,11,0.437
8524,treatment,0,12,0.379
8525,treatment,0,13,0.147
8526,treatment,0,14,0.402
8527,treatment,0,1,0.405
8528,treatment,0,2,0.566
8529,treatment,0,3,0.52
8530,treatment,0,4,0.43
8531,treatment,0,5,0.191
8532,treatment,0,6,0.162
8533,treatment,0,7,0.691
8534,treatment,0,8,0.58
8535,treatment,0,9,0.289
8536,treatment,0,10,0.163
8537,treatment,0,11,0.354
8538,treatment,0,12,0.431
8539,treatment,0,13,0.612
8540,treatment,0,14,0.683
8541,treatment,0,1,0.434
8542,treatment,0,2,0.545
8543,treatment,0,3,0.42
8544,treatment,0,4,0.278
8545,treatment,0,5,0.257
8546,treatment,0,6,0.354
8547,treatment,0,7,0.198
8548,treatment,0,8,0
8549,treatment,0,9,0.464
8550,treatment,1,10,0.462
8551,treatment,0,11,0.453
8552,treatment,0,12,0.512
8553,treatment,0,13,0.529
8554,treatment,0,14,0.665
8555,treatment,0,1,0.442
8556,treatment,0,2,0.601
8557,treatment,0,3,0.58
8558,treatment,0,4,0.553
8559,treatment,0,5,0.792
8560,treatment,0,6,0.424
8561,treatment,0,7,0.509
8562,treatment,0,8,0.405
8563,treatment,0,9,0.273
8564,treatment,0,10,0.397
8565,treatment,0,11,0.525
8566,treatment,0,12,0.532
8567,treatment,0,13,0.236
8568,treatment,0,14,0.56
8569,treatment,0,1,0.296
8570,treatment,0,2,0.247
8571,treatment,0,3,0.65
8572,treatment,0,4,0.634
8573,treatment,0,5,0.252
8574,treatment,0,6,0.614
8575,treatment,0,7,0.242
8576,treatment,0,8,0.372
8577,treatment,0,9,0.189
8578,treatment,0,10,0.433
8579,treatment,0,11,0.321
8580,treatment,0,12,0.485
8581,treatment,0,13,0.543
8582,treatment,0,14,0.732
8583,treatment,0,1,0.531
8584,treatment,0,2,0.37
8585,treatment,0,3,0.175
8586,treatment,1,4,0.357
8587,treatment,1,5,0.369
8588,treatment,0,6,0.44
8589,treatment,0,7,0.643
8590,treatment,0,8,0.328
8591,treatment,0,9,0.147
8592,treatment,0,10,0.24
8593,treatment,0,11,0.756
8594,treatment,0,12,0.591
8595,treatment,0,13,0.408
8596,treatment,0,14,0.566
8597,treatment,0,1,0.528
8598,treatment,0,2,0.407
8599,treatment,0,3,0.525
8600,treatment,0,4,0.486
8601,treatment,0,5,0.245
8602,treatment,0,6,0.511
8603,treatment,0,7,0.35
8604,treatment,0,8,0.207
8605,treatment,0,9,0.553
8606,treatment,0,10,0.117
8607,treatment,0,11,0.612
8608,treatment,0,12,0.333
8609,treatment,0,13,0.103
8610,treatment,0,14,0.403
8611,treatment,0,1,0.304
8612,treatment,0,2,0.51
8613,treatment,0,3,0.69
8614,treatment,0,4,0.41
8615,treatment,0,5,0.469
8616,treatment,0,6,0.395
8617,treatment,0,7,0.383
8618,treatment,1,8,0.483
8619,treatment,0,9,0
8620,treatment,0,10,0.157
8621,treatment,0,11,0.366
8622,treatment,0,12,0.665
8623,treatment,0,13,0.384
8624,treatment,0,14,0.753
8625,treatment,0,1,0.566
8626,treatment,0,2,0.395
8627,treatment,0,3,0.262
8628,treatment,1,4,0.704
8629,treatment,0,5,0.393
8630,treatment,0,6,0.259
8631,treatment,0,7,0.649
8632,treatment,0,8,0.483
8633,treatment,0,9,0.324
8634,treatment,0,10,0.589
8635,treatment,0,11,0.549
8636,treatment,0,12,0.236
8637,treatment,0,13,0.578
8638,treatment,0,14,0.376
8639,treatment,0,1,0.494
8640,treatment,0,2,0.535
8641,treatment,0,3,0.663
8642,treatment,1,4,0
8643,treatment,0,5,0.616
8644,treatment,0,6,0.57
8645,treatment,0,7,0.242
8646,treatment,0,8,0.505
8647,treatment,0,9,0.217
8648,treatment,0,10,0.194
8649,treatment,0,11,0.42
8650,treatment,0,12,0.233
8651,treatment,0,13,0.646
8652,treatment,0,14,0.436
8653,treatment,0,1,0.295
8654,treatment,0,2,0.309
8655,treatment,0,3,0.513
8656,treatment,0,4,0.406
8657,treatment,0,5,0.437
8658,treatment,0,6,0.753
8659,treatment,0,7,0.4
8660,treatment,0,8,0.543
8661,treatment,0,9,0.696
8662,treatment,0,10,0.429
8663,treatment,0,11,0.609
8664,treatment,0,12,0.384
8665,treatment,0,13,0.546
8666,treatment,0,14,0.572
8667,treatment,0,1,0.723
8668,treatment,0,2,0.778
8669,treatment,0,3,0.533
8670,treatment,1,4,0.445
8671,treatment,0,5,0.263
8672,treatment,1,6,0.457
8673,treatment,0,7,0.097
8674,treatment,0,8,0.652
8675,treatment,0,9,0.264
8676,treatment,0,10,0.257
8677,treatment,0,11,0.7
8678,treatment,0,12,0.279
8679,treatment,0,13,0.54
8680,treatment,0,14,0.116
8681,treatment,0,1,0.712
8682,treatment,0,2,0.356
8683,treatment,0,3,0.53
8684,treatment,0,4,0.261
8685,treatment,1,5,0.318
8686,treatment,0,6,0.634
8687,treatment,0,7,0.615
8688,treatment,0,8,0.595
8689,treatment,0,9,0.547
8690,treatment,0,10,0.751
8691,treatment,0,11,0.538
8692,treatment,0,12,0.527
8693,treatment,0,13,0.342
8694,treatment,0,14,0.545
8695,treatment,0,1,0.598
8696,treatment,0,2,0.393
8697,treatment,0,3,0.51
8698,treatment,0,4,0.335
8699,treatment,0,5,0.478
8700,treatment,0,6,0.475
8701,treatment,0,7,0.377
8702,treatment,1,8,0.288
8703,treatment,0,9,0.801
8704,treatment,0,10,0
8705,treatment,0,11,0.657
8706,treatment,0,12,0.281
8707,treatment,0,13,0.588
8708,treatment,0,14,0.471
8709,treatment,0,1,0.55
8710,treatment,0,2,0.224
8711,treatment,0,3,0.624
8712,treatment,0,4,0.311
8713,treatment,0,5,0.319
8714,treatment,0,6,0.231
8715,treatment,0,7,0.411
8716,treatment,0,8,0.471
8717,treatment,0,9,0.601
8718,treatment,0,10,0.443
8719,treatment,0,11,0.294
8720,treatment,0,12,0.401
8721,treatment,0,13,0.291
8722,treatment,0,14,0.583
8723,treatment,0,1,0.137
8724,treatment,0,2,0.415
8725,treatment,0,3,0.447
8726,treatment,0,4,0.37
8727,treatment,0,5,0.457
8728,treatment,0,6,0.379
8729,treatment,0,7,0.434
8730,treatment,0,8,0.285
8731,treatment,0,9,0.276
8732,treatment,0,10,0.253
8733,treatment,0,11,0.457
8734,treatment,0,12,0.301
8735,treatment,0,13,0.339
8736,treatment,0,14,0.342
8737,treatment,0,1,0.438
8738,treatment,0,2,0.492
8739,treatment,0,3,0.32
8740,treatment,0,4,0.721
8741,treatment,0,5,0.494
8742,treatment,0,6,0.465
8743,treatment,0,7,0.197
8744,treatment,0,8,0.15
8745,treatment,0,9,0.434
8746,treatment,0,10,0.075
8747,treatment,0,11,0.44
8748,treatment,0,12,0.204
8749,treatment,0,13,0.683
8750,treatment,0,14,0.175
8751,treatment,0,1,0.518
8752,treatment,0,2,0.604
8753,treatment,0,3,0.612
8754,treatment,0,4,0.588
8755,treatment,0,5,0.092
8756,treatment,0,6,0.493
8757,treatment,1,7,0.236
8758,treatment,0,8,0.016
8759,treatment,0,9,0.367
8760,treatment,0,10,0
8761,treatment,0,11,0.464
8762,treatment,0,12,0.203
8763,treatment,0,13,0.318
8764,treatment,0,14,0.613
8765,treatment,0,1,0.72
8766,treatment,0,2,0.269
8767,treatment,0,3,0.581
8768,treatment,0,4,0.505
8769,treatment,0,5,0.581
8770,treatment,0,6,0.418
8771,treatment,0,7,0.15
8772,treatment,0,8,0.673
8773,treatment,0,9,0.667
8774,treatment,0,10,0.446
8775,treatment,0,11,0.545
8776,treatment,0,12,0.483
8777,treatment,1,13,0.368
8778,treatment,0,14,0.352
8779,treatment,0,1,0.562
8780,treatment,0,2,0.425
8781,treatment,0,3,0.737
8782,treatment,0,4,0.451
8783,treatment,0,5,0.538
8784,treatment,0,6,0.335
8785,treatment,0,7,0.516
8786,treatment,0,8,0.158
8787,treatment,0,9,0.432
8788,treatment,0,10,0.43
8789,treatment,0,11,0.415
8790,treatment,0,12,0.164
8791,treatment,0,13,0.543
8792,treatment,0,14,0.437
8793,treatment,0,1,0.601
8794,treatment,0,2,0.286
8795,treatment,0,3,0.314
8796,treatment,0,4,0.315
8797,treatment,0,5,0.214
8798,treatment,0,6,0.434
8799,treatment,0,7,0.331
8800,treatment,0,8,0.475
8801,treatment,0,9,0.363
8802,treatment,0,10,0.193
8803,treatment,0,11,0.378
8804,treatment,0,12,0.53
8805,treatment,0,13,0.363
8806,treatment,0,14,0.338
8807,treatment,0,1,0.029
8808,treatment,0,2,0.304
8809,treatment,0,3,0.319
8810,treatment,0,4,0.566
8811,treatment,0,5,0.076
8812,treatment,0,6,0.166
8813,treatment,0,7,0.964
8814,treatment,0,8,0.462
8815,treatment,0,9,0.223
8816,treatment,0,10,0.429
8817,treatment,0,11,0.283
8818,treatment,0,12,0.539
8819,treatment,0,13,0.525
8820,treatment,0,14,0.318
8821,treatment,0,1,0.262
8822,treatment,0,2,0.632
8823,treatment,1,3,0.355
8824,treatment,0,4,0.386
8825,treatment,0,5,0.605
8826,treatment,0,6,0.92
8827,treatment,0,7,0.172
8828,treatment,0,8,0.446
8829,treatment,0,9,0.413
8830,treatment,0,10,0.411
8831,treatment,0,11,0.339
8832,treatment,0,12,0.509
8833,treatment,0,13,0.49
8834,treatment,0,14,0.47
8835,treatment,0,1,0.502
8836,treatment,0,2,0.471
8837,treatment,0,3,0.49
8838,treatment,0,4,0.386
8839,treatment,0,5,0.509
8840,treatment,1,6,0.332
8841,treatment,0,7,0.201
8842,treatment,0,8,0.174
8843,treatment,0,9,0.408
8844,treatment,0,10,0.346
8845,treatment,0,11,0.43
8846,treatment,0,12,0.186
8847,treatment,0,13,0.366
8848,treatment,0,14,0.282
8849,treatment,0,1,0.244
8850,treatment,0,2,0.291
8851,treatment,0,3,0.596
8852,treatment,0,4,0.535
8853,treatment,0,5,0.364
8854,treatment,1,6,0.367
8855,treatment,0,7,0.631
8856,treatment,1,8,0.726
8857,treatment,0,9,0.241
8858,treatment,0,10,0.496
8859,treatment,0,11,0.339
8860,treatment,0,12,0.425
8861,treatment,0,13,0.497
8862,treatment,0,14,0.255
8863,treatment,0,1,0.091
8864,treatment,0,2,0.62
8865,treatment,0,3,0.416
8866,treatment,0,4,0.408
8867,treatment,0,5,0.362
8868,treatment,0,6,0.438
8869,treatment,0,7,0.494
8870,treatment,0,8,0.124
8871,treatment,0,9,0.377
8872,treatment,0,10,0.733
8873,treatment,0,11,0.32
8874,treatment,0,12,0.437
8875,treatment,0,13,0.38
8876,treatment,0,14,0.662
8877,treatment,0,1,0.299
8878,treatment,0,2,0.432
8879,treatment,0,3,0.471
8880,treatment,0,4,0.351
8881,treatment,1,5,0.639
8882,treatment,0,6,0.336
8883,treatment,0,7,0.69
8884,treatment,0,8,0.631
8885,treatment,0,9,0.616
8886,treatment,0,10,0.565
8887,treatment,0,11,0.46
8888,treatment,0,12,0.405
8889,treatment,0,13,0.546
8890,treatment,0,14,0.168
8891,treatment,0,1,0.306
8892,treatment,0,2,0.335
8893,treatment,0,3,0.702
8894,treatment,0,4,0.418
8895,treatment,0,5,0.589
8896,treatment,0,6,0.539
8897,treatment,0,7,0.466
8898,treatment,0,8,0.314
8899,treatment,0,9,0.371
8900,treatment,0,10,0.301
8901,treatment,0,11,0.281
8902,treatment,0,12,0.415
8903,treatment,0,13,0.369
8904,treatment,0,14,0.726
8905,treatment,0,1,0.445
8906,treatment,0,2,0.439
8907,treatment,0,3,0.134
8908,treatment,0,4,0.602
8909,treatment,0,5,0.669
8910,treatment,0,6,0.191
8911,treatment,0,7,0.234
8912,treatment,0,8,0.653
8913,treatment,0,9,0.441
8914,treatment,0,10,0.395
8915,treatment,0,11,0.45
8916,treatment,0,12,0.468
8917,treatment,0,13,0.326
8918,treatment,0,14,0.288
8919,treatment,0,1,0.574
8920,treatment,0,2,0.333
8921,treatment,0,3,0.583
8922,treatment,0,4,0.37
8923,treatment,0,5,0.228
8924,treatment,0,6,0.205
8925,treatment,0,7,0.363
8926,treatment,0,8,0.554
8927,treatment,0,9,0.404
8928,treatment,0,10,0.152
8929,treatment,0,11,0.484
8930,treatment,0,12,0.453
8931,treatment,0,13,0.266
8932,treatment,0,14,0.207
8933,treatment,0,1,0.368
8934,treatment,0,2,0.472
8935,treatment,0,3,0.41
8936,treatment,0,4,0.59
8937,treatment,0,5,0.576
8938,treatment,0,6,0.596
8939,treatment,1,7,0.532
8940,treatment,0,8,0.423
8941,treatment,0,9,0.581
8942,treatment,0,10,0.431
8943,treatment,0,11,0.571
8944,treatment,0,12,0.263
8945,treatment,0,13,0.259
8946,treatment,0,14,0.585
8947,treatment,0,1,0.084
8948,treatment,0,2,0.38
8949,treatment,0,3,0.378
8950,treatment,0,4,0.503
8951,treatment,0,5,0.568
8952,treatment,0,6,0.293
8953,treatment,0,7,0.398
8954,treatment,0,8,0.416
8955,treatment,0,9,0.303
8956,treatment,0,10,0.238
8957,treatment,0,11,0.609
8958,treatment,0,12,0.102
8959,treatment,0,13,0.573
8960,treatment,0,14,0.429
8961,treatment,0,1,0.417
8962,treatment,0,2,0.485
8963,treatment,0,3,0.442
8964,treatment,0,4,0.106
8965,treatment,0,5,0.479
8966,treatment,0,6,0.499
8967,treatment,0,7,0.444
8968,treatment,0,8,0.382
8969,treatment,0,9,0.423
8970,treatment,0,10,0.534
8971,treatment,0,11,0.41
8972,treatment,0,12,0.361
8973,treatment,0,13,0.016
8974,treatment,0,14,0.519
8975,treatment,0,1,0.64
8976,treatment,0,2,0.532
8977,treatment,0,3,0.659
8978,treatment,0,4,0.407
8979,treatment,0,5,0.337
8980,treatment,0,6,0.626
8981,treatment,1,7,0.668
8982,treatment,0,8,0.447
8983,treatment,0,9,0.314
8984,treatment,0,10,0.359
8985,treatment,0,11,0.226
8986,treatment,0,12,0.515
8987,treatment,0,13,0.462
8988,treatment,0,14,0.476
8989,treatment,0,1,0.282
8990,treatment,0,2,0.441
8991,treatment,0,3,0.323
8992,treatment,0,4,0.463
8993,treatment,1,5,0.508
8994,treatment,0,6,0.353
8995,treatment,0,7,0.249
8996,treatment,0,8,0.679
8997,treatment,0,9,0.326
8998,treatment,0,10,0.7
8999,treatment,0,11,0.706
9000,treatment,0,12,0.564
