user_id,variant,clicks,sessions,day
1,control,0,8,1
2,control,0,4,2
3,control,1,6,3
4,control,2,10,4
5,control,0,14,5
6,control,3,9,6
7,control,2,6,7
8,control,1,9,8
9,control,1,11,9
10,control,0,6,10
11,control,0,8,11
12,control,1,8,12
13,control,2,10,13
14,control,2,10,14
15,control,1,6,1
16,control,1,10,2
17,control,0,8,3
18,control,1,8,4
19,control,1,7,5
20,control,0,9,6
21,control,2,7,7
22,control,0,11,8
23,control,0,11,9
24,control,1,4,10
25,control,0,11,11
26,control,2,7,12
27,control,1,9,13
28,control,1,8,14
29,control,2,9,1
30,control,1,7,2
31,control,0,9,3
32,control,1,10,4
33,control,1,8,5
34,control,0,9,6
35,control,0,10,7
36,control,2,8,8
37,control,1,7,9
38,control,0,5,10
39,control,0,8,11
40,control,0,10,12
41,control,3,9,13
42,control,2,9,14
43,control,3,11,1
44,control,0,8,2
45,control,2,9,3
46,control,0,4,4
47,control,1,11,5
48,control,1,8,6
49,control,2,8,7
50,control,0,10,8
51,control,1,9,9
52,control,1,7,10
53,control,1,7,11
54,control,0,12,12
55,control,0,12,13
56,control,0,8,14
57,control,2,13,1
58,control,0,10,2
59,control,1,8,3
60,control,0,10,4
61,control,0,8,5
62,control,1,8,6
63,control,1,9,7
64,control,0,10,8
65,control,2,11,9
66,control,0,13,10
67,control,1,8,11
68,control,1,9,12
69,control,1,8,13
70,control,0,9,14
71,control,2,8,1
72,control,1,12,2
73,control,3,11,3
74,control,0,10,4
75,control,0,8,5
76,control,1,9,6
77,control,0,7,7
78,control,0,9,8
79,control,1,9,9
80,control,1,6,10
81,control,2,9,11
82,control,0,8,12
83,control,0,11,13
84,control,3,11,14
85,control,1,10,1
86,control,0,10,2
87,control,0,5,3
88,control,0,8,4
89,control,0,9,5
90,control,2,6,6
91,control,0,11,7
92,control,0,8,8
93,control,0,9,9
94,control,1,11,10
95,control,0,7,11
96,control,1,6,12
97,control,1,10,13
98,control,0,7,14
99,control,1,11,1
100,control,0,6,2
101,control,1,9,3
102,control,2,12,4
103,control,0,10,5
104,control,0,10,6
105,control,0,7,7
106,control,0,6,8
107,control,1,8,9
108,control,0,8,10
109,control,1,9,11
110,control,0,11,12
111,control,3,10,13
112,control,0,8,14
113,control,0,10,1
114,control,0,7,2
115,control,1,8,3
116,control,2,7,4
117,control,0,9,5
118,control,0,9,6
119,control,1,9,7
120,control,0,10,8
121,control,0,9,9
122,control,0,10,10
123,control,1,8,11
124,control,1,10,12
125,control,0,8,13
126,control,0,10,14
127,control,1,6,1
128,control,1,11,2
129,control,0,7,3
130,control,0,9,4
131,control,1,9,5
132,control,1,8,6
133,control,1,8,7
134,control,0,10,8
135,control,0,7,9
136,control,1,8,10
137,control,2,7,11
138,control,1,8,12
139,control,3,11,13
140,control,1,8,14
141,control,1,9,1
142,control,1,9,2
143,control,0,7,3
144,control,1,8,4
145,control,2,11,5
146,control,2,9,6
147,control,3,6,7
148,control,0,5,8
149,control,1,8,9
150,control,1,8,10
151,control,1,10,11
152,control,1,8,12
153,control,1,7,13
154,control,1,7,14
155,control,0,9,1
156,control,2,13,2
157,control,2,10,3
158,control,0,6,4
159,control,1,7,5
160,control,0,11,6
161,control,2,11,7
162,control,0,8,8
163,control,0,9,9
164,control,2,8,10
165,control,0,10,11
166,control,2,11,12
167,control,0,10,13
168,control,0,6,14
169,control,0,5,1
170,control,1,7,2
171,control,3,11,3
172,control,1,10,4
173,control,1,9,5
174,control,0,8,6
175,control,0,8,7
176,control,0,10,8
177,control,0,7,9
178,control,0,9,10
179,control,1,7,11
180,control,0,5,12
181,control,0,8,13
182,control,0,11,14
183,control,1,7,1
184,control,1,8,2
185,control,1,6,3
186,control,0,9,4
187,control,0,6,5
188,control,2,8,6
189,control,3,11,7
190,control,0,7,8
191,control,0,5,9
192,control,1,10,10
193,control,1,9,11
194,control,0,7,12
195,control,0,10,13
196,control,1,7,14
197,control,0,5,1
198,control,1,9,2
199,control,2,10,3
200,control,1,10,4
201,control,0,6,5
202,control,1,8,6
203,control,1,6,7
204,control,0,6,8
205,control,3,11,9
206,control,3,11,10
207,control,1,11,11
208,control,0,10,12
209,control,0,7,13
210,control,0,7,14
211,control,0,6,1
212,control,0,6,2
213,control,1,8,3
214,control,2,9,4
215,control,1,8,5
216,control,1,7,6
217,control,1,9,7
218,control,0,7,8
219,control,0,7,9
220,control,0,10,10
221,control,1,5,11
222,control,0,12,12
223,control,3,8,13
224,control,0,7,14
225,control,1,9,1
226,control,1,7,2
227,control,1,8,3
228,control,0,10,4
229,control,0,9,5
230,control,1,7,6
231,control,3,9,7
232,control,0,10,8
233,control,0,9,9
234,control,0,6,10
235,control,0,7,11
236,control,1,6,12
237,control,0,7,13
238,control,1,6,14
239,control,0,9,1
240,control,1,9,2
241,control,0,7,3
242,control,1,9,4
243,control,1,8,5
244,control,2,8,6
245,control,0,7,7
246,control,0,9,8
247,control,1,8,9
248,control,1,8,10
249,control,0,11,11
250,control,0,7,12
251,control,1,7,13
252,control,0,6,14
253,control,3,8,1
254,control,1,8,2
255,control,0,6,3
256,control,1,6,4
257,control,0,5,5
258,control,1,8,6
259,control,1,6,7
260,control,1,7,8
261,control,0,10,9
262,control,0,10,10
263,control,0,8,11
264,control,0,6,12
265,control,0,9,13
266,control,1,12,14
267,control,0,8,1
268,control,1,11,2
269,control,1,9,3
270,control,1,9,4
271,control,0,6,5
272,control,0,7,6
273,control,0,8,7
274,control,2,8,8
275,control,2,7,9
276,control,1,8,10
277,control,2,8,11
278,control,1,7,12
279,control,1,9,13
280,control,1,13,14
281,control,1,9,1
282,control,1,9,2
283,control,0,10,3
284,control,1,8,4
285,control,1,8,5
286,control,0,9,6
287,control,2,6,7
288,control,1,7,8
289,control,0,8,9
290,control,1,9,10
291,control,1,7,11
292,control,2,8,12
293,control,2,8,13
294,control,0,5,14
295,control,1,10,1
296,control,0,10,2
297,control,1,11,3
298,control,1,10,4
299,control,2,6,5
300,control,0,10,6
301,control,0,9,7
302,control,0,10,8
303,control,0,10,9
304,control,0,7,10
305,control,0,4,11
306,control,1,8,12
307,control,0,8,13
308,control,2,8,14
309,control,1,5,1
310,control,2,8,2
311,control,2,13,3
312,control,0,5,4
313,control,0,5,5
314,control,0,6,6
315,control,2,7,7
316,control,4,9,8
317,control,1,7,9
318,control,1,10,10
319,control,1,8,11
320,control,0,8,12
321,control,0,6,13
322,control,2,7,14
323,control,1,7,1
324,control,2,8,2
325,control,2,7,3
326,control,0,6,4
327,control,2,9,5
328,control,1,8,6
329,control,0,6,7
330,control,2,12,8
331,control,0,7,9
332,control,1,9,10
333,control,0,9,11
334,control,0,7,12
335,control,1,8,13
336,control,2,5,14
337,control,1,8,1
338,control,1,10,2
339,control,1,12,3
340,control,0,9,4
341,control,1,11,5
342,control,0,11,6
343,control,2,10,7
344,control,1,10,8
345,control,0,7,9
346,control,0,9,10
347,control,2,10,11
348,control,1,4,12
349,control,2,9,13
350,control,1,7,14
351,control,2,11,1
352,control,1,8,2
353,control,1,8,3
354,control,0,7,4
355,control,1,8,5
356,control,0,8,6
357,control,0,6,7
358,control,2,8,8
359,control,1,8,9
360,control,0,11,10
361,control,1,9,11
362,control,1,10,12
363,control,0,8,13
364,control,0,8,14
365,control,0,8,1
366,control,1,11,2
367,control,1,6,3
368,control,0,8,4
369,control,0,10,5
370,control,0,9,6
371,control,0,10,7
372,control,0,9,8
373,control,1,11,9
374,control,1,10,10
375,control,1,9,11
376,control,1,13,12
377,control,0,4,13
378,control,0,8,14
379,control,1,7,1
380,control,0,8,2
381,control,1,7,3
382,control,1,8,4
383,control,0,9,5
384,control,2,11,6
385,control,0,9,7
386,control,2,12,8
387,control,0,8,9
388,control,0,8,10
389,control,0,9,11
390,control,0,9,12
391,control,0,8,13
392,control,3,8,14
393,control,0,7,1
394,control,0,9,2
395,control,1,9,3
396,control,0,6,4
397,control,1,7,5
398,control,0,6,6
399,control,0,7,7
400,control,0,6,8
401,control,3,8,9
402,control,2,9,10
403,control,1,10,11
404,control,1,7,12
405,control,1,8,13
406,control,0,7,14
407,control,0,8,1
408,control,0,10,2
409,control,1,5,3
410,control,0,7,4
411,control,1,7,5
412,control,1,7,6
413,control,1,9,7
414,control,2,8,8
415,control,1,5,9
416,control,1,8,10
417,control,2,8,11
418,control,0,6,12
419,control,1,9,13
420,control,0,5,14
421,control,3,6,1
422,control,0,3,2
423,control,0,7,3
424,control,2,11,4
425,control,0,9,5
426,control,2,9,6
427,control,1,7,7
428,control,1,5,8
429,control,0,7,9
430,control,0,9,10
431,control,1,10,11
432,control,2,9,12
433,control,0,7,13
434,control,2,11,14
435,control,1,11,1
436,control,2,8,2
437,control,1,10,3
438,control,0,9,4
439,control,0,10,5
440,control,0,4,6
441,control,1,11,7
442,control,1,7,8
443,control,0,8,9
444,control,1,7,10
445,control,1,12,11
446,control,0,8,12
447,control,0,11,13
448,control,1,8,14
449,control,0,9,1
450,control,1,6,2
451,control,0,8,3
452,control,2,8,4
453,control,1,10,5
454,control,0,7,6
455,control,0,11,7
456,control,1,9,8
457,control,1,11,9
458,control,2,6,10
459,control,2,10,11
460,control,1,12,12
461,control,0,6,13
462,control,0,7,14
463,control,0,8,1
464,control,1,8,2
465,control,0,6,3
466,control,0,10,4
467,control,2,9,5
468,control,2,10,6
469,control,2,6,7
470,control,0,8,8
471,control,1,10,9
472,control,1,10,10
473,control,1,12,11
474,control,0,7,12
475,control,0,4,13
476,control,0,5,14
477,control,0,7,1
478,control,2,8,2
479,control,1,11,3
480,control,0,9,4
481,control,0,9,5
482,control,0,11,6
483,control,1,5,7
484,control,2,6,8
485,control,1,9,9
486,control,0,8,10
487,control,0,7,11
488,control,0,11,12
489,control,1,9,13
490,control,0,5,14
491,control,1,9,1
492,control,1,6,2
493,control,1,9,3
494,control,0,11,4
495,control,0,8,5
496,control,1,5,6
497,control,0,9,7
498,control,0,10,8
499,control,2,11,9
500,control,0,7,10
501,control,1,11,11
502,control,1,9,12
503,control,0,6,13
504,control,0,6,14
505,control,3,8,1
506,control,0,7,2
507,control,2,6,3
508,control,0,7,4
509,control,2,7,5
510,control,4,11,6
511,control,1,9,7
512,control,0,5,8
513,control,2,10,9
514,control,1,7,10
515,control,0,7,11
516,control,0,7,12
517,control,2,8,13
518,control,0,8,14
519,control,1,12,1
520,control,0,7,2
521,control,0,11,3
522,control,0,11,4
523,control,0,7,5
524,control,1,5,6
525,control,0,4,7
526,control,1,11,8
527,control,1,8,9
528,control,0,8,10
529,control,1,12,11
530,control,1,10,12
531,control,2,10,13
532,control,1,8,14
533,control,0,5,1
534,control,1,10,2
535,control,2,13,3
536,control,2,10,4
537,control,1,8,5
538,control,2,9,6
539,control,0,9,7
540,control,1,7,8
541,control,3,11,9
542,control,0,9,10
543,control,0,9,11
544,control,0,9,12
545,control,0,10,13
546,control,1,7,14
547,control,0,6,1
548,control,1,10,2
549,control,0,8,3
550,control,0,8,4
551,control,2,10,5
552,control,2,8,6
553,control,0,8,7
554,control,0,4,8
555,control,0,7,9
556,control,1,6,10
557,control,1,6,11
558,control,2,8,12
559,control,0,5,13
560,control,1,9,14
561,control,0,10,1
562,control,1,9,2
563,control,1,9,3
564,control,1,12,4
565,control,1,5,5
566,control,0,6,6
567,control,0,10,7
568,control,0,5,8
569,control,1,11,9
570,control,2,10,10
571,control,3,11,11
572,control,1,9,12
573,control,2,7,13
574,control,1,8,14
575,control,0,11,1
576,control,0,9,2
577,control,0,7,3
578,control,1,7,4
579,control,0,10,5
580,control,1,9,6
581,control,1,7,7
582,control,0,8,8
583,control,2,9,9
584,control,2,11,10
585,control,1,9,11
586,control,0,8,12
587,control,1,9,13
588,control,1,6,14
589,control,1,10,1
590,control,2,10,2
591,control,2,11,3
592,control,2,11,4
593,control,1,10,5
594,control,0,7,6
595,control,0,6,7
596,control,2,9,8
597,control,0,7,9
598,control,0,10,10
599,control,0,8,11
600,control,0,8,12
601,control,0,8,13
602,control,0,6,14
603,control,1,9,1
604,control,1,7,2
605,control,0,8,3
606,control,1,6,4
607,control,0,9,5
608,control,0,7,6
609,control,0,8,7
610,control,0,10,8
611,control,1,8,9
612,control,0,8,10
613,control,0,7,11
614,control,0,3,12
615,control,1,9,13
616,control,0,5,14
617,control,0,7,1
618,control,1,4,2
619,control,1,8,3
620,control,1,6,4
621,control,3,10,5
622,control,1,8,6
623,control,1,7,7
624,control,0,6,8
625,control,0,11,9
626,control,0,8,10
627,control,1,7,11
628,control,0,9,12
629,control,1,12,13
630,control,0,8,14
631,control,0,9,1
632,control,1,10,2
633,control,0,9,3
634,control,0,9,4
635,control,1,7,5
636,control,0,8,6
637,control,0,9,7
638,control,1,9,8
639,control,0,10,9
640,control,0,7,10
641,control,0,8,11
642,control,0,8,12
643,control,0,7,13
644,control,2,8,14
645,control,1,9,1
646,control,0,9,2
647,control,2,13,3
648,control,1,6,4
649,control,0,9,5
650,control,1,5,6
651,control,2,7,7
652,control,0,8,8
653,control,1,7,9
654,control,4,8,10
655,control,1,8,11
656,control,0,7,12
657,control,1,10,13
658,control,0,7,14
659,control,2,7,1
660,control,1,7,2
661,control,0,7,3
662,control,2,8,4
663,control,1,9,5
664,control,0,9,6
665,control,2,6,7
666,control,0,9,8
667,control,1,7,9
668,control,0,3,10
669,control,2,8,11
670,control,1,9,12
671,control,0,9,13
672,control,1,5,14
673,control,1,11,1
674,control,1,10,2
675,control,0,8,3
676,control,0,8,4
677,control,1,8,5
678,control,0,8,6
679,control,1,5,7
680,control,1,7,8
681,control,2,9,9
682,control,0,6,10
683,control,0,5,11
684,control,0,7,12
685,control,0,9,13
686,control,1,8,14
687,control,2,7,1
688,control,1,6,2
689,control,1,10,3
690,control,1,7,4
691,control,0,8,5
692,control,0,9,6
693,control,0,9,7
694,control,1,10,8
695,control,0,7,9
696,control,2,9,10
697,control,1,11,11
698,control,0,9,12
699,control,2,7,13
700,control,1,12,14
701,control,1,5,1
702,control,1,8,2
703,control,0,11,3
704,control,0,9,4
705,control,1,3,5
706,control,0,9,6
707,control,1,8,7
708,control,1,11,8
709,control,2,10,9
710,control,0,11,10
711,control,0,12,11
712,control,1,7,12
713,control,0,9,13
714,control,0,8,14
715,control,0,7,1
716,control,0,5,2
717,control,2,5,3
718,control,0,7,4
719,control,0,8,5
720,control,1,8,6
721,control,1,8,7
722,control,1,10,8
723,control,3,9,9
724,control,1,9,10
725,control,3,12,11
726,control,0,6,12
727,control,1,6,13
728,control,0,7,14
729,control,1,7,1
730,control,1,10,2
731,control,0,10,3
732,control,2,7,4
733,control,0,12,5
734,control,1,7,6
735,control,1,11,7
736,control,1,7,8
737,control,1,8,9
738,control,1,9,10
739,control,1,6,11
740,control,0,10,12
741,control,0,8,13
742,control,0,8,14
743,control,0,8,1
744,control,1,11,2
745,control,0,8,3
746,control,1,7,4
747,control,0,10,5
748,control,2,10,6
749,control,2,10,7
750,control,0,12,8
751,control,0,8,9
752,control,0,11,10
753,control,0,4,11
754,control,0,7,12
755,control,0,7,13
756,control,1,11,14
757,control,1,8,1
758,control,0,9,2
759,control,0,13,3
760,control,0,8,4
761,control,0,9,5
762,control,4,12,6
763,control,0,7,7
764,control,1,7,8
765,control,0,8,9
766,control,0,6,10
767,control,0,9,11
768,control,1,12,12
769,control,0,5,13
770,control,1,7,14
771,control,0,10,1
772,control,0,7,2
773,control,3,13,3
774,control,1,6,4
775,control,0,7,5
776,control,1,6,6
777,control,2,10,7
778,control,1,7,8
779,control,0,6,9
780,control,1,10,10
781,control,1,9,11
782,control,1,9,12
783,control,0,8,13
784,control,1,4,14
785,control,3,9,1
786,control,1,8,2
787,control,0,9,3
788,control,1,8,4
789,control,1,7,5
790,control,1,10,6
791,control,1,10,7
792,control,0,8,8
793,control,0,10,9
794,control,1,7,10
795,control,0,10,11
796,control,3,9,12
797,control,0,7,13
798,control,1,8,14
799,control,2,6,1
800,control,1,11,2
801,control,2,9,3
802,control,0,8,4
803,control,0,7,5
804,control,3,7,6
805,control,1,8,7
806,control,0,11,8
807,control,0,8,9
808,control,1,9,10
809,control,0,7,11
810,control,1,10,12
811,control,1,10,13
812,control,0,8,14
813,control,1,11,1
814,control,0,11,2
815,control,0,9,3
816,control,3,6,4
817,control,0,10,5
818,control,2,10,6
819,control,0,11,7
820,control,0,9,8
821,control,1,8,9
822,control,1,10,10
823,control,2,10,11
824,control,1,9,12
825,control,0,8,13
826,control,1,7,14
827,control,0,7,1
828,control,1,9,2
829,control,0,3,3
830,control,0,9,4
831,control,1,5,5
832,control,1,8,6
833,control,1,9,7
834,control,0,6,8
835,control,0,9,9
836,control,1,10,10
837,control,1,8,11
838,control,0,8,12
839,control,1,7,13
840,control,0,7,14
841,control,1,9,1
842,control,0,7,2
843,control,2,5,3
844,control,0,6,4
845,control,1,11,5
846,control,0,6,6
847,control,0,11,7
848,control,1,10,8
849,control,2,8,9
850,control,0,8,10
851,control,2,10,11
852,control,1,8,12
853,control,0,10,13
854,control,2,9,14
855,control,0,4,1
856,control,0,10,2
857,control,1,10,3
858,control,1,13,4
859,control,0,9,5
860,control,0,7,6
861,control,1,9,7
862,control,1,10,8
863,control,0,6,9
864,control,1,6,10
865,control,1,7,11
866,control,1,6,12
867,control,1,10,13
868,control,1,8,14
869,control,2,10,1
870,control,2,8,2
871,control,0,9,3
872,control,1,12,4
873,control,0,7,5
874,control,1,8,6
875,control,1,9,7
876,control,0,9,8
877,control,1,11,9
878,control,0,6,10
879,control,2,8,11
880,control,1,9,12
881,control,1,11,13
882,control,1,11,14
883,control,1,11,1
884,control,1,9,2
885,control,0,4,3
886,control,1,9,4
887,control,1,7,5
888,control,0,8,6
889,control,0,9,7
890,control,1,8,8
891,control,0,12,9
892,control,0,7,10
893,control,1,9,11
894,control,0,7,12
895,control,3,11,13
896,control,1,7,14
897,control,0,9,1
898,control,2,8,2
899,control,2,9,3
900,control,1,10,4
901,control,0,8,5
902,control,2,10,6
903,control,1,5,7
904,control,2,9,8
905,control,0,11,9
906,control,2,9,10
907,control,0,7,11
908,control,1,8,12
909,control,0,6,13
910,control,1,7,14
911,control,0,8,1
912,control,0,6,2
913,control,0,9,3
914,control,1,9,4
915,control,0,9,5
916,control,1,8,6
917,control,2,9,7
918,control,0,7,8
919,control,1,9,9
920,control,0,7,10
921,control,1,11,11
922,control,0,11,12
923,control,1,6,13
924,control,0,12,14
925,control,1,9,1
926,control,0,7,2
927,control,0,10,3
928,control,1,5,4
929,control,0,6,5
930,control,2,11,6
931,control,2,8,7
932,control,3,9,8
933,control,0,11,9
934,control,0,9,10
935,control,1,9,11
936,control,1,8,12
937,control,2,10,13
938,control,0,7,14
939,control,0,8,1
940,control,1,8,2
941,control,2,9,3
942,control,1,9,4
943,control,3,8,5
944,control,0,9,6
945,control,1,11,7
946,control,0,9,8
947,control,2,6,9
948,control,0,6,10
949,control,3,11,11
950,control,1,7,12
951,control,2,5,13
952,control,0,5,14
953,control,0,9,1
954,control,1,12,2
955,control,3,11,3
956,control,2,8,4
957,control,1,12,5
958,control,1,11,6
959,control,1,9,7
960,control,0,9,8
961,control,1,8,9
962,control,0,5,10
963,control,1,7,11
964,control,2,6,12
965,control,1,10,13
966,control,1,4,14
967,control,0,7,1
968,control,0,8,2
969,control,1,9,3
970,control,0,9,4
971,control,1,7,5
972,control,0,5,6
973,control,1,7,7
974,control,1,8,8
975,control,0,9,9
976,control,0,9,10
977,control,2,7,11
978,control,0,12,12
979,control,0,8,13
980,control,0,6,14
981,control,3,8,1
982,control,0,9,2
983,control,1,10,3
984,control,2,8,4
985,control,1,11,5
986,control,2,10,6
987,control,0,5,7
988,control,0,8,8
989,control,1,7,9
990,control,2,8,10
991,control,1,6,11
992,control,2,11,12
993,control,0,10,13
994,control,0,7,14
995,control,1,8,1
996,control,2,9,2
997,control,1,10,3
998,control,0,3,4
999,control,0,7,5
1000,control,3,8,6
1001,control,1,8,7
1002,control,1,9,8
1003,control,0,6,9
1004,control,0,9,10
1005,control,1,6,11
1006,control,0,12,12
1007,control,3,9,13
1008,control,0,6,14
1009,control,1,5,1
1010,control,0,8,2
1011,control,1,9,3
1012,control,0,10,4
1013,control,1,11,5
1014,control,1,10,6
1015,control,0,7,7
1016,control,0,10,8
1017,control,1,8,9
1018,control,1,9,10
1019,control,0,3,11
1020,control,1,8,12
1021,control,1,9,13
1022,control,2,8,14
1023,control,1,10,1
1024,control,0,5,2
1025,control,2,9,3
1026,control,0,11,4
1027,control,2,10,5
1028,control,0,7,6
1029,control,0,6,7
1030,control,0,9,8
1031,control,2,8,9
1032,control,1,5,10
1033,control,0,9,11
1034,control,1,7,12
1035,control,0,11,13
1036,control,0,7,14
1037,control,1,6,1
1038,control,3,9,2
1039,control,0,9,3
1040,control,0,8,4
1041,control,1,10,5
1042,control,2,8,6
1043,control,1,6,7
1044,control,0,8,8
1045,control,1,7,9
1046,control,0,11,10
1047,control,1,6,11
1048,control,0,6,12
1049,control,2,7,13
1050,control,1,6,14
1051,control,0,4,1
1052,control,4,12,2
1053,control,0,9,3
1054,control,3,8,4
1055,control,0,8,5
1056,control,0,3,6
1057,control,0,10,7
1058,control,1,10,8
1059,control,2,12,9
1060,control,1,8,10
1061,control,0,8,11
1062,control,3,10,12
1063,control,0,6,13
1064,control,0,7,14
1065,control,1,8,1
1066,control,1,9,2
1067,control,2,5,3
1068,control,1,11,4
1069,control,1,10,5
1070,control,0,7,6
1071,control,0,11,7
1072,control,0,11,8
1073,control,2,7,9
1074,control,0,10,10
1075,control,1,8,11
1076,control,1,9,12
1077,control,1,9,13
1078,control,2,12,14
1079,control,0,4,1
1080,control,1,11,2
1081,control,0,7,3
1082,control,0,9,4
1083,control,1,9,5
1084,control,0,8,6
1085,control,0,10,7
1086,control,0,7,8
1087,control,1,6,9
1088,control,0,6,10
1089,control,0,7,11
1090,control,0,7,12
1091,control,1,9,13
1092,control,0,9,14
1093,control,1,8,1
1094,control,0,5,2
1095,control,0,10,3
1096,control,0,5,4
1097,control,0,8,5
1098,control,0,8,6
1099,control,0,10,7
1100,control,3,8,8
1101,control,0,10,9
1102,control,2,11,10
1103,control,0,9,11
1104,control,2,10,12
1105,control,2,11,13
1106,control,0,7,14
1107,control,1,9,1
1108,control,0,6,2
1109,control,0,9,3
1110,control,2,10,4
1111,control,1,5,5
1112,control,0,7,6
1113,control,1,8,7
1114,control,1,10,8
1115,control,1,11,9
1116,control,0,8,10
1117,control,1,11,11
1118,control,0,8,12
1119,control,0,4,13
1120,control,2,10,14
1121,control,0,8,1
1122,control,3,9,2
1123,control,0,9,3
1124,control,1,9,4
1125,control,0,10,5
1126,control,1,5,6
1127,control,1,7,7
1128,control,3,9,8
1129,control,1,12,9
1130,control,1,6,10
1131,control,1,5,11
1132,control,1,6,12
1133,control,0,6,13
1134,control,0,7,14
1135,control,0,7,1
1136,control,2,8,2
1137,control,0,7,3
1138,control,0,7,4
1139,control,0,6,5
1140,control,0,12,6
1141,control,2,11,7
1142,control,1,6,8
1143,control,0,10,9
1144,control,0,6,10
1145,control,1,12,11
1146,control,0,7,12
1147,control,2,8,13
1148,control,1,10,14
1149,control,0,10,1
1150,control,0,9,2
1151,control,2,8,3
1152,control,2,7,4
1153,control,0,8,5
1154,control,0,6,6
1155,control,1,6,7
1156,control,1,9,8
1157,control,1,10,9
1158,control,1,7,10
1159,control,5,8,11
1160,control,0,6,12
1161,control,0,9,13
1162,control,1,8,14
1163,control,0,8,1
1164,control,0,6,2
1165,control,0,9,3
1166,control,0,4,4
1167,control,1,10,5
1168,control,0,6,6
1169,control,1,9,7
1170,control,0,4,8
1171,control,0,8,9
1172,control,1,9,10
1173,control,0,7,11
1174,control,1,11,12
1175,control,0,7,13
1176,control,2,7,14
1177,control,1,9,1
1178,control,3,9,2
1179,control,1,7,3
1180,control,0,8,4
1181,control,1,8,5
1182,control,3,11,6
1183,control,1,9,7
1184,control,0,8,8
1185,control,0,12,9
1186,control,0,8,10
1187,control,0,6,11
1188,control,2,5,12
1189,control,1,9,13
1190,control,1,10,14
1191,control,0,7,1
1192,control,0,8,2
1193,control,0,10,3
1194,control,1,8,4
1195,control,3,11,5
1196,control,0,8,6
1197,control,0,9,7
1198,control,3,7,8
1199,control,0,12,9
1200,control,1,7,10
1201,control,1,9,11
1202,control,2,9,12
1203,control,3,10,13
1204,control,1,9,14
1205,control,1,10,1
1206,control,2,10,2
1207,control,1,7,3
1208,control,0,7,4
1209,control,0,8,5
1210,control,1,8,6
1211,control,0,7,7
1212,control,1,12,8
1213,control,3,6,9
1214,control,2,12,10
1215,control,2,10,11
1216,control,2,10,12
1217,control,0,12,13
1218,control,2,9,14
1219,control,1,8,1
1220,control,1,9,2
1221,control,2,8,3
1222,control,2,6,4
1223,control,0,10,5
1224,control,0,5,6
1225,control,0,4,7
1226,control,1,8,8
1227,control,1,7,9
1228,control,0,9,10
1229,control,1,7,11
1230,control,0,10,12
1231,control,0,9,13
1232,control,0,9,14
1233,control,1,9,1
1234,control,0,8,2
1235,control,0,7,3
1236,control,2,12,4
1237,control,1,9,5
1238,control,0,7,6
1239,control,1,10,7
1240,control,0,6,8
1241,control,0,7,9
1242,control,0,7,10
1243,control,3,13,11
1244,control,1,7,12
1245,control,0,10,13
1246,control,1,7,14
1247,control,0,8,1
1248,control,1,8,2
1249,control,0,10,3
1250,control,0,8,4
1251,control,0,8,5
1252,control,0,9,6
1253,control,0,9,7
1254,control,1,9,8
1255,control,0,11,9
1256,control,0,7,10
1257,control,0,10,11
1258,control,0,10,12
1259,control,1,7,13
1260,control,0,8,14
1261,control,0,6,1
1262,control,0,10,2
1263,control,0,7,3
1264,control,0,8,4
1265,control,0,8,5
1266,control,2,7,6
1267,control,2,9,7
1268,control,0,7,8
1269,control,0,5,9
1270,control,1,8,10
1271,control,0,9,11
1272,control,1,5,12
1273,control,1,7,13
1274,control,1,11,14
1275,control,0,7,1
1276,control,1,11,2
1277,control,0,4,3
1278,control,1,12,4
1279,control,1,10,5
1280,control,0,7,6
1281,control,0,7,7
1282,control,1,10,8
1283,control,3,10,9
1284,control,1,9,10
1285,control,1,9,11
1286,control,1,9,12
1287,control,1,12,13
1288,control,1,8,14
1289,control,2,8,1
1290,control,0,9,2
1291,control,0,7,3
1292,control,0,8,4
1293,control,0,8,5
1294,control,0,7,6
1295,control,0,9,7
1296,control,1,7,8
1297,control,2,8,9
1298,control,0,6,10
1299,control,1,8,11
1300,control,0,6,12
1301,control,1,8,13
1302,control,1,8,14
1303,control,0,9,1
1304,control,0,6,2
1305,control,2,9,3
1306,control,1,10,4
1307,control,1,8,5
1308,control,0,10,6
1309,control,1,11,7
1310,control,1,11,8
1311,control,0,7,9
1312,control,3,10,10
1313,control,1,12,11
1314,control,0,6,12
1315,control,0,5,13
1316,control,0,7,14
1317,control,1,9,1
1318,control,1,12,2
1319,control,0,8,3
1320,control,1,8,4
1321,control,0,10,5
1322,control,1,6,6
1323,control,0,9,7
1324,control,0,6,8
1325,control,3,7,9
1326,control,0,10,10
1327,control,0,6,11
1328,control,0,8,12
1329,control,1,7,13
1330,control,0,10,14
1331,control,3,10,1
1332,control,1,4,2
1333,control,1,11,3
1334,control,1,10,4
1335,control,0,4,5
1336,control,0,6,6
1337,control,2,11,7
1338,control,2,10,8
1339,control,1,9,9
1340,control,0,9,10
1341,control,1,12,11
1342,control,0,8,12
1343,control,0,8,13
1344,control,0,10,14
1345,control,0,5,1
1346,control,1,9,2
1347,control,2,7,3
1348,control,1,8,4
1349,control,0,5,5
1350,control,0,9,6
1351,control,1,8,7
1352,control,0,12,8
1353,control,1,7,9
1354,control,0,8,10
1355,control,0,9,11
1356,control,0,12,12
1357,control,1,8,13
1358,control,1,9,14
1359,control,2,10,1
1360,control,1,6,2
1361,control,0,8,3
1362,control,0,9,4
1363,control,1,9,5
1364,control,1,8,6
1365,control,2,9,7
1366,control,2,7,8
1367,control,1,5,9
1368,control,0,6,10
1369,control,0,10,11
1370,control,0,9,12
1371,control,1,8,13
1372,control,1,7,14
1373,control,0,9,1
1374,control,2,8,2
1375,control,2,8,3
1376,control,2,8,4
1377,control,1,10,5
1378,control,0,9,6
1379,control,3,11,7
1380,control,0,8,8
1381,control,1,11,9
1382,control,1,9,10
1383,control,1,6,11
1384,control,2,9,12
1385,control,1,9,13
1386,control,2,10,14
1387,control,1,10,1
1388,control,3,11,2
1389,control,0,9,3
1390,control,2,8,4
1391,control,0,7,5
1392,control,0,5,6
1393,control,0,5,7
1394,control,0,10,8
1395,control,2,9,9
1396,control,1,10,10
1397,control,0,7,11
1398,control,2,10,12
1399,control,1,8,13
1400,control,0,7,14
1401,control,1,6,1
1402,control,0,8,2
1403,control,0,8,3
1404,control,1,11,4
1405,control,1,7,5
1406,control,1,5,6
1407,control,1,11,7
1408,control,2,6,8
1409,control,0,7,9
1410,control,3,10,10
1411,control,2,6,11
1412,control,0,8,12
1413,control,0,5,13
1414,control,1,8,14
1415,control,0,7,1
1416,control,1,7,2
1417,control,1,8,3
1418,control,0,8,4
1419,control,1,7,5
1420,control,0,10,6
1421,control,0,7,7
1422,control,1,10,8
1423,control,0,7,9
1424,control,0,9,10
1425,control,0,11,11
1426,control,0,6,12
1427,control,0,9,13
1428,control,1,4,14
1429,control,0,7,1
1430,control,0,9,2
1431,control,2,10,3
1432,control,0,11,4
1433,control,1,7,5
1434,control,0,9,6
1435,control,0,8,7
1436,control,2,9,8
1437,control,0,7,9
1438,control,1,9,10
1439,control,1,11,11
1440,control,1,7,12
1441,control,0,7,13
1442,control,1,8,14
1443,control,1,8,1
1444,control,0,10,2
1445,control,1,7,3
1446,control,1,10,4
1447,control,1,11,5
1448,control,0,8,6
1449,control,0,10,7
1450,control,1,8,8
1451,control,1,7,9
1452,control,1,8,10
1453,control,0,8,11
1454,control,1,8,12
1455,control,1,8,13
1456,control,1,12,14
1457,control,0,8,1
1458,control,1,10,2
1459,control,0,11,3
1460,control,3,10,4
1461,control,1,9,5
1462,control,0,8,6
1463,control,2,9,7
1464,control,0,6,8
1465,control,1,8,9
1466,control,2,9,10
1467,control,2,7,11
1468,control,2,7,12
1469,control,1,9,13
1470,control,0,7,14
1471,control,0,12,1
1472,control,1,9,2
1473,control,0,6,3
1474,control,2,13,4
1475,control,1,6,5
1476,control,0,6,6
1477,control,1,8,7
1478,control,0,3,8
1479,control,0,6,9
1480,control,2,9,10
1481,control,0,9,11
1482,control,1,12,12
1483,control,0,6,13
1484,control,4,10,14
1485,control,1,10,1
1486,control,0,9,2
1487,control,0,8,3
1488,control,1,9,4
1489,control,0,9,5
1490,control,0,9,6
1491,control,1,11,7
1492,control,0,6,8
1493,control,1,10,9
1494,control,0,7,10
1495,control,0,10,11
1496,control,1,7,12
1497,control,1,9,13
1498,control,0,9,14
1499,control,1,7,1
1500,control,2,7,2
1501,control,0,7,3
1502,control,0,10,4
1503,control,0,7,5
1504,control,0,3,6
1505,control,0,7,7
1506,control,0,9,8
1507,control,1,6,9
1508,control,0,5,10
1509,control,1,9,11
1510,control,0,7,12
1511,control,0,10,13
1512,control,1,10,14
1513,control,0,8,1
1514,control,1,7,2
1515,control,0,4,3
1516,control,0,10,4
1517,control,2,11,5
1518,control,1,5,6
1519,control,0,6,7
1520,control,1,9,8
1521,control,1,10,9
1522,control,1,9,10
1523,control,0,9,11
1524,control,0,9,12
1525,control,0,7,13
1526,control,0,7,14
1527,control,1,11,1
1528,control,2,6,2
1529,control,0,8,3
1530,control,0,7,4
1531,control,0,6,5
1532,control,0,6,6
1533,control,0,8,7
1534,control,1,10,8
1535,control,0,5,9
1536,control,0,7,10
1537,control,2,7,11
1538,control,1,10,12
1539,control,1,6,13
1540,control,0,6,14
1541,control,0,8,1
1542,control,1,9,2
1543,control,0,10,3
1544,control,2,10,4
1545,control,0,8,5
1546,control,0,6,6
1547,control,2,8,7
1548,control,2,10,8
1549,control,2,11,9
1550,control,0,4,10
1551,control,2,10,11
1552,control,0,6,12
1553,control,1,10,13
1554,control,0,6,14
1555,control,0,5,1
1556,control,0,10,2
1557,control,0,6,3
1558,control,2,7,4
1559,control,0,9,5
1560,control,1,7,6
1561,control,0,6,7
1562,control,1,9,8
1563,control,0,6,9
1564,control,1,9,10
1565,control,2,10,11
1566,control,0,5,12
1567,control,2,8,13
1568,control,1,10,14
1569,control,0,7,1
1570,control,1,9,2
1571,control,0,7,3
1572,control,0,7,4
1573,control,0,8,5
1574,control,1,4,6
1575,control,1,12,7
1576,control,1,4,8
1577,control,1,8,9
1578,control,0,9,10
1579,control,1,8,11
1580,control,1,11,12
1581,control,2,10,13
1582,control,1,11,14
1583,control,0,10,1
1584,control,0,4,2
1585,control,0,6,3
1586,control,0,6,4
1587,control,1,9,5
1588,control,1,11,6
1589,control,1,10,7
1590,control,0,10,8
1591,control,0,5,9
1592,control,0,9,10
1593,control,1,7,11
1594,control,1,5,12
1595,control,1,5,13
1596,control,0,7,14
1597,control,0,9,1
1598,control,0,7,2
1599,control,1,12,3
1600,control,1,5,4
1601,control,1,7,5
1602,control,2,9,6
1603,control,0,6,7
1604,control,1,7,8
1605,control,0,7,9
1606,control,2,9,10
1607,control,1,9,11
1608,control,1,5,12
1609,control,0,8,13
1610,control,3,10,14
1611,control,2,9,1
1612,control,2,9,2
1613,control,1,8,3
1614,control,0,10,4
1615,control,3,9,5
1616,control,0,6,6
1617,control,0,7,7
1618,control,2,8,8
1619,control,1,9,9
1620,control,1,7,10
1621,control,1,10,11
1622,control,2,9,12
1623,control,0,6,13
1624,control,0,9,14
1625,control,3,8,1
1626,control,0,8,2
1627,control,1,7,3
1628,control,2,6,4
1629,control,0,7,5
1630,control,0,6,6
1631,control,0,10,7
1632,control,1,10,8
1633,control,0,8,9
1634,control,0,8,10
1635,control,0,9,11
1636,control,0,7,12
1637,control,0,10,13
1638,control,1,11,14
1639,control,1,5,1
1640,control,0,7,2
1641,control,0,5,3
1642,control,0,11,4
1643,control,1,7,5
1644,control,0,8,6
1645,control,0,10,7
1646,control,1,13,8
1647,control,1,12,9
1648,control,0,9,10
1649,control,0,10,11
1650,control,2,10,12
1651,control,0,9,13
1652,control,2,14,14
1653,control,0,5,1
1654,control,0,10,2
1655,control,2,7,3
1656,control,1,8,4
1657,control,0,10,5
1658,control,0,7,6
1659,control,0,7,7
1660,control,3,10,8
1661,control,0,8,9
1662,control,1,8,10
1663,control,0,6,11
1664,control,3,9,12
1665,control,0,5,13
1666,control,1,9,14
1667,control,2,9,1
1668,control,0,8,2
1669,control,0,7,3
1670,control,2,10,4
1671,control,0,9,5
1672,control,1,10,6
1673,control,0,8,7
1674,control,2,10,8
1675,control,0,6,9
1676,control,0,8,10
1677,control,2,5,11
1678,control,1,7,12
1679,control,0,9,13
1680,control,0,7,14
1681,control,0,8,1
1682,control,0,12,2
1683,control,0,10,3
1684,control,1,9,4
1685,control,1,8,5
1686,control,1,7,6
1687,control,2,10,7
1688,control,0,6,8
1689,control,0,5,9
1690,control,1,8,10
1691,control,1,7,11
1692,control,0,7,12
1693,control,1,8,13
1694,control,1,10,14
1695,control,0,7,1
1696,control,1,9,2
1697,control,0,9,3
1698,control,0,8,4
1699,control,1,9,5
1700,control,0,10,6
1701,control,0,8,7
1702,control,0,9,8
1703,control,2,9,9
1704,control,1,11,10
1705,control,0,6,11
1706,control,1,5,12
1707,control,1,6,13
1708,control,0,7,14
1709,control,1,8,1
1710,control,0,7,2
1711,control,1,6,3
1712,control,0,8,4
1713,control,1,7,5
1714,control,1,8,6
1715,control,2,10,7
1716,control,1,9,8
1717,control,1,6,9
1718,control,1,8,10
1719,control,1,9,11
1720,control,0,6,12
1721,control,0,9,13
1722,control,1,7,14
1723,control,1,3,1
1724,control,0,9,2
1725,control,1,13,3
1726,control,4,10,4
1727,control,0,4,5
1728,control,1,7,6
1729,control,2,9,7
1730,control,1,8,8
1731,control,0,8,9
1732,control,3,7,10
1733,control,0,9,11
1734,control,1,7,12
1735,control,0,6,13
1736,control,1,10,14
1737,control,0,5,1
1738,control,0,6,2
1739,control,1,7,3
1740,control,1,10,4
1741,control,1,8,5
1742,control,2,7,6
1743,control,0,8,7
1744,control,0,7,8
1745,control,1,11,9
1746,control,0,7,10
1747,control,0,8,11
1748,control,0,9,12
1749,control,0,9,13
1750,control,1,4,14
1751,control,0,9,1
1752,control,0,6,2
1753,control,0,7,3
1754,control,0,8,4
1755,control,1,8,5
1756,control,0,6,6
1757,control,1,10,7
1758,control,1,10,8
1759,control,0,12,9
1760,control,0,7,10
1761,control,2,8,11
1762,control,0,8,12
1763,control,1,10,13
1764,control,1,7,14
1765,control,1,9,1
1766,control,0,7,2
1767,control,3,8,3
1768,control,0,9,4
1769,control,1,8,5
1770,control,1,10,6
1771,control,0,10,7
1772,control,0,7,8
1773,control,2,7,9
1774,control,1,6,10
1775,control,0,9,11
1776,control,0,8,12
1777,control,0,10,13
1778,control,1,8,14
1779,control,0,3,1
1780,control,1,12,2
1781,control,1,9,3
1782,control,0,9,4
1783,control,1,8,5
1784,control,3,11,6
1785,control,0,7,7
1786,control,0,10,8
1787,control,1,10,9
1788,control,0,9,10
1789,control,0,5,11
1790,control,1,10,12
1791,control,1,10,13
1792,control,0,9,14
1793,control,0,9,1
1794,control,3,7,2
1795,control,2,8,3
1796,control,0,9,4
1797,control,3,9,5
1798,control,0,4,6
1799,control,0,9,7
1800,control,0,7,8
1801,control,1,9,9
1802,control,0,9,10
1803,control,0,8,11
1804,control,0,11,12
1805,control,0,6,13
1806,control,0,5,14
1807,control,0,5,1
1808,control,1,9,2
1809,control,3,11,3
1810,control,2,9,4
1811,control,0,8,5
1812,control,0,9,6
1813,control,0,6,7
1814,control,0,7,8
1815,control,2,10,9
1816,control,0,5,10
1817,control,0,6,11
1818,control,1,10,12
1819,control,0,10,13
1820,control,0,7,14
1821,control,1,9,1
1822,control,0,5,2
1823,control,0,7,3
1824,control,0,10,4
1825,control,1,9,5
1826,control,1,8,6
1827,control,1,7,7
1828,control,1,6,8
1829,control,0,10,9
1830,control,0,8,10
1831,control,0,10,11
1832,control,0,11,12
1833,control,1,9,13
1834,control,0,6,14
1835,control,0,9,1
1836,control,1,6,2
1837,control,2,9,3
1838,control,1,6,4
1839,control,5,6,5
1840,control,0,8,6
1841,control,0,9,7
1842,control,1,6,8
1843,control,1,11,9
1844,control,3,9,10
1845,control,0,8,11
1846,control,2,10,12
1847,control,0,10,13
1848,control,0,10,14
1849,control,2,11,1
1850,control,3,9,2
1851,control,0,7,3
1852,control,0,8,4
1853,control,1,8,5
1854,control,0,6,6
1855,control,0,10,7
1856,control,0,8,8
1857,control,3,9,9
1858,control,0,6,10
1859,control,0,7,11
1860,control,0,11,12
1861,control,2,9,13
1862,control,0,12,14
1863,control,2,9,1
1864,control,0,11,2
1865,control,1,9,3
1866,control,0,9,4
1867,control,2,11,5
1868,control,1,10,6
1869,control,2,10,7
1870,control,2,8,8
1871,control,0,10,9
1872,control,1,10,10
1873,control,1,9,11
1874,control,1,9,12
1875,control,2,10,13
1876,control,1,10,14
1877,control,1,7,1
1878,control,1,8,2
1879,control,0,3,3
1880,control,0,7,4
1881,control,0,8,5
1882,control,0,8,6
1883,control,1,7,7
1884,control,1,9,8
1885,control,0,7,9
1886,control,0,7,10
1887,control,0,8,11
1888,control,0,7,12
1889,control,1,6,13
1890,control,1,8,14
1891,control,2,9,1
1892,control,0,9,2
1893,control,0,7,3
1894,control,1,7,4
1895,control,1,8,5
1896,control,4,12,6
1897,control,0,10,7
1898,control,3,6,8
1899,control,0,8,9
1900,control,0,11,10
1901,control,2,10,11
1902,control,1,9,12
1903,control,1,8,13
1904,control,2,9,14
1905,control,1,9,1
1906,control,0,9,2
1907,control,0,7,3
1908,control,2,9,4
1909,control,2,7,5
1910,control,0,9,6
1911,control,0,8,7
1912,control,1,9,8
1913,control,0,9,9
1914,control,0,7,10
1915,control,3,6,11
1916,control,1,6,12
1917,control,1,8,13
1918,control,1,9,14
1919,control,0,8,1
1920,control,1,8,2
1921,control,0,5,3
1922,control,0,7,4
1923,control,0,5,5
1924,control,1,9,6
1925,control,0,8,7
1926,control,0,9,8
1927,control,0,9,9
1928,control,0,10,10
1929,control,0,7,11
1930,control,1,6,12
1931,control,0,9,13
1932,control,3,10,14
1933,control,0,10,1
1934,control,2,14,2
1935,control,0,8,3
1936,control,0,6,4
1937,control,2,10,5
1938,control,0,8,6
1939,control,1,9,7
1940,control,0,6,8
1941,control,1,9,9
1942,control,0,9,10
1943,control,1,7,11
1944,control,0,9,12
1945,control,1,5,13
1946,control,1,8,14
1947,control,1,12,1
1948,control,0,8,2
1949,control,0,6,3
1950,control,0,8,4
1951,control,1,6,5
1952,control,0,10,6
1953,control,2,10,7
1954,control,1,10,8
1955,control,0,6,9
1956,control,0,7,10
1957,control,0,6,11
1958,control,1,10,12
1959,control,0,7,13
1960,control,1,8,14
1961,control,0,9,1
1962,control,0,10,2
1963,control,0,9,3
1964,control,1,7,4
1965,control,0,10,5
1966,control,1,5,6
1967,control,0,7,7
1968,control,0,9,8
1969,control,0,7,9
1970,control,1,9,10
1971,control,1,6,11
1972,control,4,8,12
1973,control,1,5,13
1974,control,3,6,14
1975,control,1,10,1
1976,control,0,8,2
1977,control,1,5,3
1978,control,0,9,4
1979,control,2,11,5
1980,control,0,7,6
1981,control,3,12,7
1982,control,2,9,8
1983,control,0,11,9
1984,control,2,7,10
1985,control,1,9,11
1986,control,1,11,12
1987,control,1,8,13
1988,control,2,8,14
1989,control,1,9,1
1990,control,0,10,2
1991,control,0,8,3
1992,control,3,6,4
1993,control,1,10,5
1994,control,0,7,6
1995,control,1,7,7
1996,control,1,10,8
1997,control,1,7,9
1998,control,0,11,10
1999,control,1,8,11
2000,control,0,8,12
2001,control,0,5,13
2002,control,0,11,14
2003,control,1,11,1
2004,control,2,11,2
2005,control,1,11,3
2006,control,0,6,4
2007,control,0,7,5
2008,control,0,10,6
2009,control,1,6,7
2010,control,2,9,8
2011,control,1,5,9
2012,control,1,10,10
2013,control,0,13,11
2014,control,0,10,12
2015,control,0,8,13
2016,control,0,4,14
2017,control,0,4,1
2018,control,0,5,2
2019,control,0,7,3
2020,control,0,7,4
2021,control,0,7,5
2022,control,0,9,6
2023,control,2,9,7
2024,control,3,10,8
2025,control,0,5,9
2026,control,0,6,10
2027,control,0,9,11
2028,control,0,5,12
2029,control,0,7,13
2030,control,1,8,14
2031,control,2,9,1
2032,control,2,8,2
2033,control,1,8,3
2034,control,1,8,4
2035,control,0,12,5
2036,control,1,10,6
2037,control,1,3,7
2038,control,3,5,8
2039,control,0,7,9
2040,control,0,6,10
2041,control,2,8,11
2042,control,2,12,12
2043,control,1,8,13
2044,control,1,9,14
2045,control,1,6,1
2046,control,2,10,2
2047,control,1,12,3
2048,control,1,10,4
2049,control,1,9,5
2050,control,0,6,6
2051,control,1,10,7
2052,control,2,8,8
2053,control,0,10,9
2054,control,1,7,10
2055,control,0,7,11
2056,control,1,6,12
2057,control,1,10,13
2058,control,2,9,14
2059,control,1,8,1
2060,control,2,7,2
2061,control,0,8,3
2062,control,0,10,4
2063,control,0,7,5
2064,control,0,5,6
2065,control,0,6,7
2066,control,0,5,8
2067,control,1,7,9
2068,control,0,4,10
2069,control,2,6,11
2070,control,1,6,12
2071,control,1,7,13
2072,control,0,5,14
2073,control,0,5,1
2074,control,1,10,2
2075,control,1,9,3
2076,control,0,5,4
2077,control,2,8,5
2078,control,0,8,6
2079,control,1,7,7
2080,control,0,3,8
2081,control,0,4,9
2082,control,2,7,10
2083,control,2,11,11
2084,control,1,9,12
2085,control,1,8,13
2086,control,2,7,14
2087,control,1,7,1
2088,control,1,9,2
2089,control,0,9,3
2090,control,1,13,4
2091,control,1,4,5
2092,control,0,12,6
2093,control,0,10,7
2094,control,1,7,8
2095,control,3,10,9
2096,control,0,7,10
2097,control,1,10,11
2098,control,0,8,12
2099,control,0,7,13
2100,control,0,5,14
2101,control,0,9,1
2102,control,0,6,2
2103,control,2,8,3
2104,control,1,10,4
2105,control,1,7,5
2106,control,2,6,6
2107,control,1,4,7
2108,control,0,11,8
2109,control,0,8,9
2110,control,2,10,10
2111,control,4,11,11
2112,control,0,10,12
2113,control,1,9,13
2114,control,1,11,14
2115,control,1,10,1
2116,control,0,9,2
2117,control,1,11,3
2118,control,0,8,4
2119,control,0,9,5
2120,control,0,10,6
2121,control,0,6,7
2122,control,0,5,8
2123,control,1,4,9
2124,control,1,9,10
2125,control,2,8,11
2126,control,3,7,12
2127,control,1,7,13
2128,control,1,6,14
2129,control,0,9,1
2130,control,0,8,2
2131,control,0,8,3
2132,control,0,6,4
2133,control,3,10,5
2134,control,0,8,6
2135,control,1,8,7
2136,control,1,9,8
2137,control,0,6,9
2138,control,0,10,10
2139,control,1,10,11
2140,control,2,7,12
2141,control,0,9,13
2142,control,0,10,14
2143,control,1,9,1
2144,control,0,7,2
2145,control,1,8,3
2146,control,1,8,4
2147,control,1,6,5
2148,control,1,6,6
2149,control,0,11,7
2150,control,1,9,8
2151,control,1,8,9
2152,control,0,10,10
2153,control,1,10,11
2154,control,0,8,12
2155,control,0,8,13
2156,control,1,9,14
2157,control,1,10,1
2158,control,0,8,2
2159,control,0,10,3
2160,control,2,7,4
2161,control,2,10,5
2162,control,0,12,6
2163,control,0,6,7
2164,control,1,5,8
2165,control,0,9,9
2166,control,0,11,10
2167,control,1,9,11
2168,control,2,11,12
2169,control,0,5,13
2170,control,1,9,14
2171,control,0,7,1
2172,control,1,8,2
2173,control,1,9,3
2174,control,1,6,4
2175,control,1,7,5
2176,control,0,9,6
2177,control,0,10,7
2178,control,0,6,8
2179,control,0,10,9
2180,control,1,9,10
2181,control,0,7,11
2182,control,1,9,12
2183,control,0,7,13
2184,control,1,10,14
2185,control,2,10,1
2186,control,0,7,2
2187,control,0,10,3
2188,control,1,5,4
2189,control,1,9,5
2190,control,0,12,6
2191,control,1,5,7
2192,control,0,9,8
2193,control,1,7,9
2194,control,0,8,10
2195,control,1,6,11
2196,control,0,9,12
2197,control,2,7,13
2198,control,0,11,14
2199,control,1,14,1
2200,control,3,8,2
2201,control,1,7,3
2202,control,3,7,4
2203,control,1,8,5
2204,control,1,8,6
2205,control,1,6,7
2206,control,1,10,8
2207,control,0,9,9
2208,control,1,8,10
2209,control,2,10,11
2210,control,1,11,12
2211,control,1,9,13
2212,control,0,9,14
2213,control,3,8,1
2214,control,1,8,2
2215,control,0,8,3
2216,control,1,6,4
2217,control,0,9,5
2218,control,1,5,6
2219,control,1,6,7
2220,control,2,9,8
2221,control,1,9,9
2222,control,0,10,10
2223,control,1,9,11
2224,control,0,10,12
2225,control,0,9,13
2226,control,0,6,14
2227,control,1,7,1
2228,control,0,8,2
2229,control,0,9,3
2230,control,1,8,4
2231,control,0,9,5
2232,control,0,6,6
2233,control,0,9,7
2234,control,1,9,8
2235,control,1,9,9
2236,control,1,11,10
2237,control,4,11,11
2238,control,0,9,12
2239,control,1,9,13
2240,control,0,6,14
2241,control,0,9,1
2242,control,1,7,2
2243,control,2,6,3
2244,control,1,8,4
2245,control,0,4,5
2246,control,1,10,6
2247,control,0,5,7
2248,control,1,9,8
2249,control,1,8,9
2250,control,1,6,10
2251,control,0,11,11
2252,control,2,8,12
2253,control,1,10,13
2254,control,1,6,14
2255,control,2,9,1
2256,control,1,11,2
2257,control,1,10,3
2258,control,0,6,4
2259,control,0,8,5
2260,control,0,10,6
2261,control,0,10,7
2262,control,1,7,8
2263,control,0,3,9
2264,control,1,7,10
2265,control,2,9,11
2266,control,0,9,12
2267,control,3,8,13
2268,control,1,7,14
2269,control,0,7,1
2270,control,1,10,2
2271,control,2,8,3
2272,control,1,7,4
2273,control,1,10,5
2274,control,1,9,6
2275,control,1,11,7
2276,control,0,11,8
2277,control,0,8,9
2278,control,2,7,10
2279,control,3,8,11
2280,control,2,9,12
2281,control,1,7,13
2282,control,0,7,14
2283,control,1,8,1
2284,control,0,6,2
2285,control,1,7,3
2286,control,0,9,4
2287,control,0,6,5
2288,control,2,11,6
2289,control,0,10,7
2290,control,0,9,8
2291,control,1,9,9
2292,control,0,8,10
2293,control,0,7,11
2294,control,0,6,12
2295,control,2,9,13
2296,control,0,7,14
2297,control,1,8,1
2298,control,0,7,2
2299,control,2,12,3
2300,control,1,4,4
2301,control,0,8,5
2302,control,0,7,6
2303,control,1,8,7
2304,control,2,8,8
2305,control,0,10,9
2306,control,0,9,10
2307,control,1,9,11
2308,control,0,7,12
2309,control,0,8,13
2310,control,0,7,14
2311,control,0,9,1
2312,control,1,4,2
2313,control,2,9,3
2314,control,1,6,4
2315,control,2,8,5
2316,control,0,6,6
2317,control,2,10,7
2318,control,2,11,8
2319,control,0,5,9
2320,control,0,9,10
2321,control,1,10,11
2322,control,1,9,12
2323,control,0,11,13
2324,control,1,7,14
2325,control,0,9,1
2326,control,2,6,2
2327,control,3,11,3
2328,control,3,8,4
2329,control,1,9,5
2330,control,1,10,6
2331,control,0,6,7
2332,control,0,7,8
2333,control,0,7,9
2334,control,1,11,10
2335,control,1,7,11
2336,control,2,9,12
2337,control,1,5,13
2338,control,1,6,14
2339,control,0,3,1
2340,control,2,8,2
2341,control,0,11,3
2342,control,2,11,4
2343,control,2,9,5
2344,control,2,12,6
2345,control,0,8,7
2346,control,0,12,8
2347,control,0,9,9
2348,control,0,7,10
2349,control,1,7,11
2350,control,1,9,12
2351,control,0,10,13
2352,control,1,6,14
2353,control,1,10,1
2354,control,1,8,2
2355,control,1,6,3
2356,control,1,12,4
2357,control,1,9,5
2358,control,1,11,6
2359,control,3,8,7
2360,control,1,10,8
2361,control,0,10,9
2362,control,1,8,10
2363,control,1,10,11
2364,control,3,9,12
2365,control,0,8,13
2366,control,1,10,14
2367,control,0,7,1
2368,control,0,7,2
2369,control,1,7,3
2370,control,1,7,4
2371,control,1,7,5
2372,control,1,8,6
2373,control,2,8,7
2374,control,0,3,8
2375,control,0,9,9
2376,control,1,8,10
2377,control,0,7,11
2378,control,1,8,12
2379,control,1,5,13
2380,control,0,9,14
2381,control,0,3,1
2382,control,0,11,2
2383,control,0,8,3
2384,control,0,8,4
2385,control,1,8,5
2386,control,1,8,6
2387,control,1,10,7
2388,control,0,11,8
2389,control,0,7,9
2390,control,1,10,10
2391,control,0,9,11
2392,control,0,7,12
2393,control,1,11,13
2394,control,0,4,14
2395,control,1,8,1
2396,control,0,9,2
2397,control,2,11,3
2398,control,1,10,4
2399,control,1,6,5
2400,control,0,6,6
2401,control,1,10,7
2402,control,0,9,8
2403,control,0,7,9
2404,control,2,7,10
2405,control,0,4,11
2406,control,0,7,12
2407,control,0,7,13
2408,control,1,10,14
2409,control,0,7,1
2410,control,1,6,2
2411,control,0,8,3
2412,control,2,9,4
2413,control,1,10,5
2414,control,1,11,6
2415,control,1,8,7
2416,control,2,8,8
2417,control,1,6,9
2418,control,0,8,10
2419,control,2,10,11
2420,control,0,9,12
2421,control,1,7,13
2422,control,0,5,14
2423,control,0,9,1
2424,control,1,8,2
2425,control,1,10,3
2426,control,0,9,4
2427,control,0,6,5
2428,control,1,7,6
2429,control,0,7,7
2430,control,0,8,8
2431,control,0,7,9
2432,control,0,5,10
2433,control,0,7,11
2434,control,0,11,12
2435,control,1,6,13
2436,control,2,7,14
2437,control,0,7,1
2438,control,0,9,2
2439,control,0,9,3
2440,control,0,6,4
2441,control,0,4,5
2442,control,2,10,6
2443,control,0,9,7
2444,control,2,11,8
2445,control,0,11,9
2446,control,1,9,10
2447,control,2,10,11
2448,control,1,9,12
2449,control,0,9,13
2450,control,1,8,14
2451,control,0,9,1
2452,control,1,5,2
2453,control,0,8,3
2454,control,0,7,4
2455,control,0,8,5
2456,control,1,8,6
2457,control,2,6,7
2458,control,1,9,8
2459,control,0,8,9
2460,control,0,10,10
2461,control,1,6,11
2462,control,1,7,12
2463,control,1,11,13
2464,control,0,11,14
2465,control,0,8,1
2466,control,0,9,2
2467,control,0,8,3
2468,control,0,4,4
2469,control,1,7,5
2470,control,0,7,6
2471,control,0,5,7
2472,control,3,10,8
2473,control,0,9,9
2474,control,1,12,10
2475,control,0,9,11
2476,control,0,8,12
2477,control,0,5,13
2478,control,0,6,14
2479,control,0,9,1
2480,control,2,9,2
2481,control,1,7,3
2482,control,1,8,4
2483,control,0,4,5
2484,control,0,3,6
2485,control,2,5,7
2486,control,2,11,8
2487,control,1,9,9
2488,control,0,10,10
2489,control,1,10,11
2490,control,0,12,12
2491,control,1,7,13
2492,control,1,7,14
2493,control,2,9,1
2494,control,0,7,2
2495,control,0,9,3
2496,control,1,5,4
2497,control,0,7,5
2498,control,0,11,6
2499,control,0,6,7
2500,control,1,8,8
2501,control,0,9,9
2502,control,1,6,10
2503,control,3,8,11
2504,control,1,7,12
2505,control,1,10,13
2506,control,1,10,14
2507,control,1,10,1
2508,control,0,8,2
2509,control,1,8,3
2510,control,1,9,4
2511,control,0,9,5
2512,control,1,10,6
2513,control,1,6,7
2514,control,0,5,8
2515,control,0,9,9
2516,control,0,5,10
2517,control,2,11,11
2518,control,0,7,12
2519,control,1,8,13
2520,control,2,9,14
2521,control,0,10,1
2522,control,1,8,2
2523,control,0,7,3
2524,control,0,9,4
2525,control,2,10,5
2526,control,0,8,6
2527,control,1,11,7
2528,control,2,7,8
2529,control,0,5,9
2530,control,2,8,10
2531,control,0,10,11
2532,control,0,8,12
2533,control,1,11,13
2534,control,0,6,14
2535,control,0,7,1
2536,control,1,9,2
2537,control,0,6,3
2538,control,0,9,4
2539,control,2,10,5
2540,control,2,7,6
2541,control,0,8,7
2542,control,0,13,8
2543,control,1,10,9
2544,control,0,6,10
2545,control,1,7,11
2546,control,1,8,12
2547,control,1,7,13
2548,control,2,9,14
2549,control,1,9,1
2550,control,0,9,2
2551,control,1,7,3
2552,control,2,11,4
2553,control,1,8,5
2554,control,1,6,6
2555,control,2,6,7
2556,control,0,8,8
2557,control,1,9,9
2558,control,1,8,10
2559,control,0,10,11
2560,control,1,7,12
2561,control,0,4,13
2562,control,1,9,14
2563,control,2,10,1
2564,control,0,9,2
2565,control,0,6,3
2566,control,2,9,4
2567,control,0,7,5
2568,control,1,7,6
2569,control,1,8,7
2570,control,0,11,8
2571,control,0,11,9
2572,control,0,9,10
2573,control,1,10,11
2574,control,1,7,12
2575,control,0,8,13
2576,control,1,10,14
2577,control,0,8,1
2578,control,0,11,2
2579,control,2,12,3
2580,control,0,8,4
2581,control,1,6,5
2582,control,0,8,6
2583,control,0,8,7
2584,control,1,8,8
2585,control,1,7,9
2586,control,0,7,10
2587,control,0,6,11
2588,control,0,9,12
2589,control,2,10,13
2590,control,1,8,14
2591,control,1,8,1
2592,control,1,7,2
2593,control,1,9,3
2594,control,1,9,4
2595,control,1,7,5
2596,control,2,12,6
2597,control,1,9,7
2598,control,0,9,8
2599,control,1,10,9
2600,control,1,13,10
2601,control,0,9,11
2602,control,1,7,12
2603,control,0,5,13
2604,control,0,6,14
2605,control,1,9,1
2606,control,1,8,2
2607,control,0,10,3
2608,control,1,9,4
2609,control,2,11,5
2610,control,0,10,6
2611,control,0,9,7
2612,control,0,6,8
2613,control,0,10,9
2614,control,2,11,10
2615,control,2,10,11
2616,control,1,4,12
2617,control,0,8,13
2618,control,0,4,14
2619,control,0,7,1
2620,control,0,10,2
2621,control,0,4,3
2622,control,2,7,4
2623,control,0,9,5
2624,control,0,6,6
2625,control,0,10,7
2626,control,1,3,8
2627,control,0,7,9
2628,control,0,7,10
2629,control,2,9,11
2630,control,0,5,12
2631,control,0,7,13
2632,control,0,7,14
2633,control,2,8,1
2634,control,1,7,2
2635,control,0,4,3
2636,control,1,8,4
2637,control,1,10,5
2638,control,1,8,6
2639,control,1,5,7
2640,control,0,8,8
2641,control,2,7,9
2642,control,1,9,10
2643,control,0,8,11
2644,control,0,10,12
2645,control,0,8,13
2646,control,0,11,14
2647,control,0,6,1
2648,control,0,8,2
2649,control,0,10,3
2650,control,0,6,4
2651,control,0,7,5
2652,control,2,5,6
2653,control,2,8,7
2654,control,2,10,8
2655,control,0,7,9
2656,control,0,7,10
2657,control,1,7,11
2658,control,0,6,12
2659,control,0,9,13
2660,control,1,9,14
2661,control,0,8,1
2662,control,0,10,2
2663,control,3,10,3
2664,control,1,8,4
2665,control,0,6,5
2666,control,0,7,6
2667,control,0,8,7
2668,control,0,5,8
2669,control,0,8,9
2670,control,0,5,10
2671,control,0,10,11
2672,control,1,9,12
2673,control,0,7,13
2674,control,0,10,14
2675,control,2,6,1
2676,control,0,9,2
2677,control,0,10,3
2678,control,0,7,4
2679,control,0,11,5
2680,control,1,9,6
2681,control,0,9,7
2682,control,1,9,8
2683,control,0,8,9
2684,control,2,8,10
2685,control,0,9,11
2686,control,1,13,12
2687,control,1,7,13
2688,control,2,10,14
2689,control,0,11,1
2690,control,1,6,2
2691,control,1,9,3
2692,control,2,12,4
2693,control,0,11,5
2694,control,1,10,6
2695,control,1,12,7
2696,control,2,9,8
2697,control,1,8,9
2698,control,0,6,10
2699,control,0,8,11
2700,control,0,7,12
2701,control,0,6,13
2702,control,1,7,14
2703,control,0,4,1
2704,control,1,8,2
2705,control,1,10,3
2706,control,1,8,4
2707,control,0,7,5
2708,control,1,8,6
2709,control,0,6,7
2710,control,2,9,8
2711,control,2,9,9
2712,control,2,9,10
2713,control,0,10,11
2714,control,1,8,12
2715,control,1,8,13
2716,control,0,6,14
2717,control,0,7,1
2718,control,1,9,2
2719,control,0,9,3
2720,control,1,7,4
2721,control,0,6,5
2722,control,0,6,6
2723,control,0,10,7
2724,control,1,9,8
2725,control,1,6,9
2726,control,2,10,10
2727,control,0,5,11
2728,control,2,9,12
2729,control,1,9,13
2730,control,0,6,14
2731,control,0,10,1
2732,control,0,7,2
2733,control,0,9,3
2734,control,1,7,4
2735,control,0,7,5
2736,control,0,11,6
2737,control,0,7,7
2738,control,1,11,8
2739,control,0,10,9
2740,control,0,7,10
2741,control,0,7,11
2742,control,0,7,12
2743,control,1,7,13
2744,control,0,11,14
2745,control,0,7,1
2746,control,1,12,2
2747,control,0,8,3
2748,control,3,10,4
2749,control,1,10,5
2750,control,1,10,6
2751,control,1,8,7
2752,control,0,9,8
2753,control,2,8,9
2754,control,0,6,10
2755,control,1,11,11
2756,control,1,8,12
2757,control,2,8,13
2758,control,1,7,14
2759,control,0,6,1
2760,control,1,11,2
2761,control,0,5,3
2762,control,1,8,4
2763,control,0,5,5
2764,control,0,8,6
2765,control,0,9,7
2766,control,1,8,8
2767,control,0,10,9
2768,control,1,6,10
2769,control,1,7,11
2770,control,1,7,12
2771,control,0,11,13
2772,control,0,6,14
2773,control,2,10,1
2774,control,1,10,2
2775,control,2,12,3
2776,control,1,8,4
2777,control,1,10,5
2778,control,2,9,6
2779,control,1,9,7
2780,control,1,12,8
2781,control,2,11,9
2782,control,0,6,10
2783,control,1,8,11
2784,control,1,7,12
2785,control,2,12,13
2786,control,1,8,14
2787,control,0,8,1
2788,control,0,9,2
2789,control,1,8,3
2790,control,1,7,4
2791,control,1,7,5
2792,control,1,12,6
2793,control,3,11,7
2794,control,2,10,8
2795,control,0,7,9
2796,control,1,6,10
2797,control,1,10,11
2798,control,0,9,12
2799,control,0,7,13
2800,control,2,8,14
2801,control,1,9,1
2802,control,0,8,2
2803,control,1,11,3
2804,control,0,8,4
2805,control,2,10,5
2806,control,1,11,6
2807,control,3,8,7
2808,control,0,7,8
2809,control,3,10,9
2810,control,2,10,10
2811,control,0,9,11
2812,control,0,9,12
2813,control,0,6,13
2814,control,2,9,14
2815,control,1,7,1
2816,control,0,8,2
2817,control,2,9,3
2818,control,0,5,4
2819,control,0,8,5
2820,control,1,8,6
2821,control,0,9,7
2822,control,1,9,8
2823,control,1,9,9
2824,control,1,10,10
2825,control,1,9,11
2826,control,1,7,12
2827,control,1,8,13
2828,control,1,9,14
2829,control,0,10,1
2830,control,0,7,2
2831,control,0,8,3
2832,control,2,9,4
2833,control,1,9,5
2834,control,0,9,6
2835,control,0,5,7
2836,control,2,12,8
2837,control,1,9,9
2838,control,1,6,10
2839,control,1,6,11
2840,control,3,6,12
2841,control,1,8,13
2842,control,1,9,14
2843,control,2,7,1
2844,control,1,7,2
2845,control,2,9,3
2846,control,1,6,4
2847,control,0,9,5
2848,control,1,8,6
2849,control,2,10,7
2850,control,1,6,8
2851,control,0,8,9
2852,control,0,10,10
2853,control,2,8,11
2854,control,0,10,12
2855,control,1,9,13
2856,control,1,7,14
2857,control,0,6,1
2858,control,0,7,2
2859,control,1,5,3
2860,control,1,10,4
2861,control,1,10,5
2862,control,0,10,6
2863,control,1,6,7
2864,control,0,8,8
2865,control,0,8,9
2866,control,3,12,10
2867,control,1,6,11
2868,control,0,14,12
2869,control,0,8,13
2870,control,2,11,14
2871,control,1,8,1
2872,control,1,8,2
2873,control,0,4,3
2874,control,0,5,4
2875,control,1,6,5
2876,control,0,7,6
2877,control,0,6,7
2878,control,0,7,8
2879,control,2,9,9
2880,control,1,8,10
2881,control,0,9,11
2882,control,2,10,12
2883,control,0,4,13
2884,control,1,11,14
2885,control,0,9,1
2886,control,1,10,2
2887,control,1,11,3
2888,control,3,7,4
2889,control,1,10,5
2890,control,0,9,6
2891,control,1,8,7
2892,control,0,4,8
2893,control,1,9,9
2894,control,1,9,10
2895,control,2,8,11
2896,control,0,4,12
2897,control,0,7,13
2898,control,0,7,14
2899,control,2,11,1
2900,control,1,9,2
2901,control,1,5,3
2902,control,1,7,4
2903,control,1,8,5
2904,control,2,7,6
2905,control,0,9,7
2906,control,1,11,8
2907,control,0,9,9
2908,control,3,10,10
2909,control,0,3,11
2910,control,0,10,12
2911,control,0,8,13
2912,control,0,6,14
2913,control,0,9,1
2914,control,2,9,2
2915,control,1,5,3
2916,control,1,8,4
2917,control,1,10,5
2918,control,1,7,6
2919,control,0,6,7
2920,control,0,9,8
2921,control,0,11,9
2922,control,1,9,10
2923,control,1,12,11
2924,control,0,10,12
2925,control,1,9,13
2926,control,1,9,14
2927,control,1,7,1
2928,control,0,4,2
2929,control,0,12,3
2930,control,0,7,4
2931,control,1,9,5
2932,control,0,5,6
2933,control,0,9,7
2934,control,1,7,8
2935,control,0,4,9
2936,control,2,6,10
2937,control,1,9,11
2938,control,1,11,12
2939,control,1,7,13
2940,control,0,4,14
2941,control,1,7,1
2942,control,1,7,2
2943,control,0,8,3
2944,control,0,7,4
2945,control,1,7,5
2946,control,1,8,6
2947,control,0,7,7
2948,control,0,6,8
2949,control,0,9,9
2950,control,1,7,10
2951,control,2,12,11
2952,control,0,5,12
2953,control,1,8,13
2954,control,0,7,14
2955,control,0,5,1
2956,control,2,10,2
2957,control,0,9,3
2958,control,0,7,4
2959,control,2,8,5
2960,control,0,2,6
2961,control,1,10,7
2962,control,1,7,8
2963,control,0,8,9
2964,control,0,10,10
2965,control,1,9,11
2966,control,0,6,12
2967,control,1,10,13
2968,control,0,8,14
2969,control,0,9,1
2970,control,0,9,2
2971,control,0,11,3
2972,control,0,6,4
2973,control,2,9,5
2974,control,1,7,6
2975,control,1,5,7
2976,control,2,8,8
2977,control,2,11,9
2978,control,0,8,10
2979,control,1,8,11
2980,control,1,7,12
2981,control,2,6,13
2982,control,0,6,14
2983,control,1,7,1
2984,control,0,11,2
2985,control,0,7,3
2986,control,0,10,4
2987,control,2,9,5
2988,control,3,9,6
2989,control,0,4,7
2990,control,2,5,8
2991,control,0,7,9
2992,control,3,10,10
2993,control,0,6,11
2994,control,0,8,12
2995,control,2,7,13
2996,control,1,10,14
2997,control,0,6,1
2998,control,0,4,2
2999,control,0,9,3
3000,control,0,8,4
3001,control,0,10,5
3002,control,2,7,6
3003,control,1,8,7
3004,control,1,10,8
3005,control,0,7,9
3006,control,2,5,10
3007,control,0,9,11
3008,control,1,8,12
3009,control,0,10,13
3010,control,0,9,14
3011,control,1,9,1
3012,control,2,11,2
3013,control,0,5,3
3014,control,0,8,4
3015,control,0,9,5
3016,control,1,10,6
3017,control,0,7,7
3018,control,2,11,8
3019,control,2,10,9
3020,control,0,5,10
3021,control,1,7,11
3022,control,2,6,12
3023,control,0,6,13
3024,control,0,4,14
3025,control,0,6,1
3026,control,0,9,2
3027,control,0,8,3
3028,control,1,9,4
3029,control,1,9,5
3030,control,0,11,6
3031,control,0,11,7
3032,control,2,10,8
3033,control,0,6,9
3034,control,0,5,10
3035,control,0,8,11
3036,control,1,9,12
3037,control,0,4,13
3038,control,0,8,14
3039,control,0,8,1
3040,control,0,8,2
3041,control,1,7,3
3042,control,2,11,4
3043,control,0,9,5
3044,control,0,9,6
3045,control,3,10,7
3046,control,0,7,8
3047,control,0,10,9
3048,control,0,10,10
3049,control,0,8,11
3050,control,2,11,12
3051,control,0,10,13
3052,control,0,1,14
3053,control,1,7,1
3054,control,0,9,2
3055,control,0,12,3
3056,control,3,7,4
3057,control,0,8,5
3058,control,1,6,6
3059,control,0,6,7
3060,control,0,4,8
3061,control,2,9,9
3062,control,0,9,10
3063,control,1,10,11
3064,control,1,8,12
3065,control,2,9,13
3066,control,1,7,14
3067,control,0,10,1
3068,control,0,9,2
3069,control,0,9,3
3070,control,1,11,4
3071,control,2,10,5
3072,control,1,10,6
3073,control,1,10,7
3074,control,1,7,8
3075,control,2,10,9
3076,control,0,11,10
3077,control,0,7,11
3078,control,1,9,12
3079,control,1,6,13
3080,control,3,7,14
3081,control,0,9,1
3082,control,0,8,2
3083,control,1,9,3
3084,control,0,5,4
3085,control,1,11,5
3086,control,0,6,6
3087,control,2,8,7
3088,control,1,12,8
3089,control,1,9,9
3090,control,0,5,10
3091,control,3,12,11
3092,control,2,11,12
3093,control,0,11,13
3094,control,1,8,14
3095,control,0,7,1
3096,control,1,8,2
3097,control,0,8,3
3098,control,0,7,4
3099,control,1,10,5
3100,control,3,11,6
3101,control,0,6,7
3102,control,2,9,8
3103,control,0,11,9
3104,control,1,11,10
3105,control,1,8,11
3106,control,0,9,12
3107,control,2,8,13
3108,control,0,10,14
3109,control,0,7,1
3110,control,1,9,2
3111,control,0,9,3
3112,control,0,7,4
3113,control,2,8,5
3114,control,2,9,6
3115,control,0,8,7
3116,control,0,8,8
3117,control,0,8,9
3118,control,0,9,10
3119,control,3,9,11
3120,control,0,6,12
3121,control,2,7,13
3122,control,1,10,14
3123,control,1,7,1
3124,control,2,10,2
3125,control,0,5,3
3126,control,0,6,4
3127,control,0,7,5
3128,control,2,6,6
3129,control,1,10,7
3130,control,2,11,8
3131,control,1,8,9
3132,control,1,9,10
3133,control,0,5,11
3134,control,0,8,12
3135,control,1,7,13
3136,control,0,6,14
3137,control,0,10,1
3138,control,0,6,2
3139,control,1,10,3
3140,control,0,10,4
3141,control,0,12,5
3142,control,1,9,6
3143,control,1,9,7
3144,control,1,11,8
3145,control,1,10,9
3146,control,1,10,10
3147,control,0,7,11
3148,control,2,7,12
3149,control,0,10,13
3150,control,0,8,14
3151,control,1,7,1
3152,control,0,10,2
3153,control,1,10,3
3154,control,0,9,4
3155,control,4,9,5
3156,control,0,11,6
3157,control,1,5,7
3158,control,0,6,8
3159,control,0,9,9
3160,control,1,5,10
3161,control,0,8,11
3162,control,0,9,12
3163,control,1,11,13
3164,control,1,7,14
3165,control,2,7,1
3166,control,1,8,2
3167,control,1,2,3
3168,control,3,9,4
3169,control,0,8,5
3170,control,0,10,6
3171,control,1,11,7
3172,control,0,8,8
3173,control,1,11,9
3174,control,2,9,10
3175,control,0,9,11
3176,control,2,6,12
3177,control,2,8,13
3178,control,0,6,14
3179,control,0,7,1
3180,control,1,7,2
3181,control,1,6,3
3182,control,1,10,4
3183,control,2,8,5
3184,control,3,10,6
3185,control,0,5,7
3186,control,0,12,8
3187,control,1,7,9
3188,control,0,9,10
3189,control,0,13,11
3190,control,1,8,12
3191,control,0,7,13
3192,control,0,8,14
3193,control,0,5,1
3194,control,0,8,2
3195,control,0,10,3
3196,control,1,10,4
3197,control,1,5,5
3198,control,0,6,6
3199,control,0,7,7
3200,control,1,4,8
3201,control,1,11,9
3202,control,0,7,10
3203,control,0,8,11
3204,control,1,9,12
3205,control,1,12,13
3206,control,1,7,14
3207,control,0,9,1
3208,control,1,7,2
3209,control,1,7,3
3210,control,0,6,4
3211,control,1,11,5
3212,control,1,11,6
3213,control,0,5,7
3214,control,0,8,8
3215,control,0,6,9
3216,control,1,8,10
3217,control,0,8,11
3218,control,1,8,12
3219,control,0,9,13
3220,control,1,9,14
3221,control,1,9,1
3222,control,2,9,2
3223,control,1,10,3
3224,control,2,13,4
3225,control,0,11,5
3226,control,0,6,6
3227,control,1,7,7
3228,control,2,10,8
3229,control,1,11,9
3230,control,1,10,10
3231,control,1,6,11
3232,control,0,8,12
3233,control,0,9,13
3234,control,2,9,14
3235,control,1,8,1
3236,control,0,9,2
3237,control,1,10,3
3238,control,0,6,4
3239,control,0,13,5
3240,control,1,7,6
3241,control,0,11,7
3242,control,0,5,8
3243,control,1,8,9
3244,control,0,9,10
3245,control,2,11,11
3246,control,0,11,12
3247,control,0,6,13
3248,control,0,3,14
3249,control,1,11,1
3250,control,1,7,2
3251,control,0,4,3
3252,control,1,8,4
3253,control,0,7,5
3254,control,3,13,6
3255,control,0,6,7
3256,control,0,8,8
3257,control,0,7,9
3258,control,1,5,10
3259,control,2,7,11
3260,control,3,10,12
3261,control,0,13,13
3262,control,1,9,14
3263,control,1,12,1
3264,control,0,7,2
3265,control,2,7,3
3266,control,1,6,4
3267,control,3,9,5
3268,control,0,9,6
3269,control,0,9,7
3270,control,1,9,8
3271,control,1,10,9
3272,control,2,8,10
3273,control,0,7,11
3274,control,1,7,12
3275,control,1,9,13
3276,control,0,7,14
3277,control,0,9,1
3278,control,2,9,2
3279,control,0,12,3
3280,control,3,8,4
3281,control,1,13,5
3282,control,0,10,6
3283,control,1,9,7
3284,control,0,8,8
3285,control,0,7,9
3286,control,1,7,10
3287,control,1,12,11
3288,control,0,11,12
3289,control,0,6,13
3290,control,0,6,14
3291,control,3,8,1
3292,control,1,8,2
3293,control,1,11,3
3294,control,1,10,4
3295,control,1,8,5
3296,control,1,8,6
3297,control,0,10,7
3298,control,0,7,8
3299,control,3,8,9
3300,control,1,8,10
3301,control,0,5,11
3302,control,0,8,12
3303,control,0,10,13
3304,control,0,9,14
3305,control,0,8,1
3306,control,0,7,2
3307,control,0,7,3
3308,control,0,9,4
3309,control,0,11,5
3310,control,0,8,6
3311,control,2,8,7
3312,control,0,8,8
3313,control,1,9,9
3314,control,0,9,10
3315,control,0,10,11
3316,control,0,7,12
3317,control,0,5,13
3318,control,1,12,14
3319,control,0,6,1
3320,control,0,9,2
3321,control,0,6,3
3322,control,1,7,4
3323,control,0,12,5
3324,control,1,12,6
3325,control,0,8,7
3326,control,0,8,8
3327,control,0,7,9
3328,control,0,9,10
3329,control,0,9,11
3330,control,0,8,12
3331,control,2,12,13
3332,control,1,8,14
3333,control,1,5,1
3334,control,0,7,2
3335,control,0,10,3
3336,control,1,6,4
3337,control,1,6,5
3338,control,0,7,6
3339,control,0,10,7
3340,control,1,10,8
3341,control,2,6,9
3342,control,1,10,10
3343,control,1,9,11
3344,control,0,10,12
3345,control,4,12,13
3346,control,1,6,14
3347,control,0,8,1
3348,control,2,6,2
3349,control,1,6,3
3350,control,1,7,4
3351,control,3,12,5
3352,control,1,11,6
3353,control,0,7,7
3354,control,0,7,8
3355,control,0,7,9
3356,control,0,7,10
3357,control,0,10,11
3358,control,0,9,12
3359,control,0,9,13
3360,control,2,9,14
3361,control,1,5,1
3362,control,0,8,2
3363,control,0,5,3
3364,control,0,8,4
3365,control,1,10,5
3366,control,2,11,6
3367,control,0,9,7
3368,control,1,7,8
3369,control,1,8,9
3370,control,0,7,10
3371,control,0,8,11
3372,control,0,9,12
3373,control,1,12,13
3374,control,1,12,14
3375,control,0,11,1
3376,control,2,13,2
3377,control,0,11,3
3378,control,1,12,4
3379,control,0,7,5
3380,control,0,7,6
3381,control,0,8,7
3382,control,0,10,8
3383,control,3,9,9
3384,control,0,8,10
3385,control,1,10,11
3386,control,1,10,12
3387,control,0,8,13
3388,control,1,6,14
3389,control,1,7,1
3390,control,1,8,2
3391,control,0,8,3
3392,control,0,4,4
3393,control,0,12,5
3394,control,1,6,6
3395,control,2,10,7
3396,control,1,10,8
3397,control,0,8,9
3398,control,2,6,10
3399,control,1,8,11
3400,control,0,9,12
3401,control,0,8,13
3402,control,0,9,14
3403,control,2,9,1
3404,control,2,9,2
3405,control,2,7,3
3406,control,1,11,4
3407,control,1,10,5
3408,control,1,12,6
3409,control,3,6,7
3410,control,1,5,8
3411,control,2,11,9
3412,control,1,10,10
3413,control,0,5,11
3414,control,0,5,12
3415,control,0,10,13
3416,control,1,10,14
3417,control,0,8,1
3418,control,1,5,2
3419,control,0,4,3
3420,control,0,8,4
3421,control,0,7,5
3422,control,1,11,6
3423,control,3,10,7
3424,control,0,5,8
3425,control,0,12,9
3426,control,2,10,10
3427,control,1,8,11
3428,control,0,7,12
3429,control,0,6,13
3430,control,0,6,14
3431,control,0,9,1
3432,control,1,7,2
3433,control,0,8,3
3434,control,1,8,4
3435,control,0,7,5
3436,control,1,10,6
3437,control,0,8,7
3438,control,2,10,8
3439,control,1,9,9
3440,control,1,10,10
3441,control,0,7,11
3442,control,0,9,12
3443,control,0,9,13
3444,control,0,8,14
3445,control,1,8,1
3446,control,0,6,2
3447,control,0,9,3
3448,control,1,8,4
3449,control,1,11,5
3450,control,0,8,6
3451,control,1,9,7
3452,control,1,9,8
3453,control,1,10,9
3454,control,0,9,10
3455,control,1,8,11
3456,control,2,7,12
3457,control,0,7,13
3458,control,0,6,14
3459,control,0,5,1
3460,control,1,5,2
3461,control,0,8,3
3462,control,0,6,4
3463,control,0,6,5
3464,control,2,10,6
3465,control,0,6,7
3466,control,1,10,8
3467,control,0,11,9
3468,control,2,9,10
3469,control,0,7,11
3470,control,0,9,12
3471,control,1,5,13
3472,control,1,12,14
3473,control,4,11,1
3474,control,0,12,2
3475,control,1,12,3
3476,control,0,7,4
3477,control,0,8,5
3478,control,1,8,6
3479,control,2,8,7
3480,control,0,11,8
3481,control,2,9,9
3482,control,1,11,10
3483,control,0,6,11
3484,control,0,6,12
3485,control,1,10,13
3486,control,1,8,14
3487,control,2,10,1
3488,control,0,9,2
3489,control,0,9,3
3490,control,0,4,4
3491,control,1,9,5
3492,control,0,8,6
3493,control,0,6,7
3494,control,1,11,8
3495,control,0,11,9
3496,control,1,3,10
3497,control,0,8,11
3498,control,0,8,12
3499,control,1,9,13
3500,control,2,8,14
3501,treatment,0,9,1
3502,treatment,3,11,2
3503,treatment,0,12,3
3504,treatment,0,8,4
3505,treatment,1,8,5
3506,treatment,1,12,6
3507,treatment,0,11,7
3508,treatment,1,9,8
3509,treatment,0,7,9
3510,treatment,0,7,10
3511,treatment,0,10,11
3512,treatment,2,9,12
3513,treatment,0,8,13
3514,treatment,0,9,14
3515,treatment,0,7,1
3516,treatment,2,7,2
3517,treatment,1,8,3
3518,treatment,1,7,4
3519,treatment,0,5,5
3520,treatment,2,11,6
3521,treatment,0,6,7
3522,treatment,0,7,8
3523,treatment,1,6,9
3524,treatment,2,6,10
3525,treatment,2,6,11
3526,treatment,1,8,12
3527,treatment,3,9,13
3528,treatment,1,9,14
3529,treatment,0,9,1
3530,treatment,0,8,2
3531,treatment,2,4,3
3532,treatment,2,9,4
3533,treatment,1,11,5
3534,treatment,0,7,6
3535,treatment,1,8,7
3536,treatment,1,5,8
3537,treatment,3,9,9
3538,treatment,0,6,10
3539,treatment,1,10,11
3540,treatment,1,9,12
3541,treatment,3,10,13
3542,treatment,0,13,14
3543,treatment,1,5,1
3544,treatment,1,8,2
3545,treatment,0,4,3
3546,treatment,2,10,4
3547,treatment,1,7,5
3548,treatment,0,9,6
3549,treatment,0,7,7
3550,treatment,1,5,8
3551,treatment,1,5,9
3552,treatment,1,5,10
3553,treatment,0,9,11
3554,treatment,1,8,12
3555,treatment,0,6,13
3556,treatment,1,9,14
3557,treatment,1,7,1
3558,treatment,1,10,2
3559,treatment,0,10,3
3560,treatment,1,8,4
3561,treatment,0,9,5
3562,treatment,1,11,6
3563,treatment,0,8,7
3564,treatment,2,9,8
3565,treatment,0,7,9
3566,treatment,2,10,10
3567,treatment,0,6,11
3568,treatment,0,9,12
3569,treatment,0,7,13
3570,treatment,2,7,14
3571,treatment,0,10,1
3572,treatment,1,9,2
3573,treatment,0,9,3
3574,treatment,0,11,4
3575,treatment,1,7,5
3576,treatment,2,12,6
3577,treatment,2,9,7
3578,treatment,0,7,8
3579,treatment,1,10,9
3580,treatment,2,12,10
3581,treatment,0,8,11
3582,treatment,0,11,12
3583,treatment,0,7,13
3584,treatment,0,9,14
3585,treatment,0,9,1
3586,treatment,2,9,2
3587,treatment,2,9,3
3588,treatment,2,8,4
3589,treatment,0,6,5
3590,treatment,0,5,6
3591,treatment,2,14,7
3592,treatment,0,9,8
3593,treatment,1,7,9
3594,treatment,0,7,10
3595,treatment,0,6,11
3596,treatment,1,7,12
3597,treatment,0,8,13
3598,treatment,0,4,14
3599,treatment,0,11,1
3600,treatment,3,10,2
3601,treatment,1,11,3
3602,treatment,0,12,4
3603,treatment,4,7,5
3604,treatment,0,8,6
3605,treatment,0,6,7
3606,treatment,2,10,8
3607,treatment,1,8,9
3608,treatment,0,9,10
3609,treatment,1,5,11
3610,treatment,0,11,12
3611,treatment,0,3,13
3612,treatment,2,6,14
3613,treatment,1,7,1
3614,treatment,0,12,2
3615,treatment,1,8,3
3616,treatment,1,7,4
3617,treatment,0,9,5
3618,treatment,2,11,6
3619,treatment,1,6,7
3620,treatment,1,5,8
3621,treatment,1,10,9
3622,treatment,3,10,10
3623,treatment,1,5,11
3624,treatment,1,7,12
3625,treatment,0,7,13
3626,treatment,0,7,14
3627,treatment,1,11,1
3628,treatment,2,3,2
3629,treatment,0,12,3
3630,treatment,1,8,4
3631,treatment,1,9,5
3632,treatment,1,10,6
3633,treatment,0,6,7
3634,treatment,1,11,8
3635,treatment,0,8,9
3636,treatment,1,10,10
3637,treatment,2,9,11
3638,treatment,1,8,12
3639,treatment,1,9,13
3640,treatment,2,10,14
3641,treatment,2,7,1
3642,treatment,0,3,2
3643,treatment,0,8,3
3644,treatment,1,8,4
3645,treatment,2,6,5
3646,treatment,5,11,6
3647,treatment,0,9,7
3648,treatment,1,5,8
3649,treatment,1,9,9
3650,treatment,2,10,10
3651,treatment,0,7,11
3652,treatment,1,13,12
3653,treatment,1,8,13
3654,treatment,0,9,14
3655,treatment,0,6,1
3656,treatment,1,8,2
3657,treatment,2,10,3
3658,treatment,1,9,4
3659,treatment,1,10,5
3660,treatment,1,6,6
3661,treatment,2,10,7
3662,treatment,2,13,8
3663,treatment,2,8,9
3664,treatment,2,11,10
3665,treatment,2,5,11
3666,treatment,1,9,12
3667,treatment,1,7,13
3668,treatment,0,8,14
3669,treatment,0,6,1
3670,treatment,0,6,2
3671,treatment,2,9,3
3672,treatment,1,8,4
3673,treatment,1,6,5
3674,treatment,0,7,6
3675,treatment,0,5,7
3676,treatment,0,11,8
3677,treatment,0,6,9
3678,treatment,1,8,10
3679,treatment,1,10,11
3680,treatment,0,7,12
3681,treatment,1,9,13
3682,treatment,1,12,14
3683,treatment,1,7,1
3684,treatment,1,9,2
3685,treatment,2,11,3
3686,treatment,2,8,4
3687,treatment,1,12,5
3688,treatment,1,7,6
3689,treatment,1,6,7
3690,treatment,3,9,8
3691,treatment,1,6,9
3692,treatment,2,9,10
3693,treatment,0,3,11
3694,treatment,0,3,12
3695,treatment,0,8,13
3696,treatment,2,8,14
3697,treatment,1,7,1
3698,treatment,0,7,2
3699,treatment,2,11,3
3700,treatment,2,11,4
3701,treatment,0,9,5
3702,treatment,2,8,6
3703,treatment,1,9,7
3704,treatment,0,8,8
3705,treatment,0,8,9
3706,treatment,0,10,10
3707,treatment,3,10,11
3708,treatment,0,8,12
3709,treatment,0,6,13
3710,treatment,2,10,14
3711,treatment,2,7,1
3712,treatment,0,10,2
3713,treatment,1,8,3
3714,treatment,2,12,4
3715,treatment,1,9,5
3716,treatment,0,8,6
3717,treatment,1,9,7
3718,treatment,0,5,8
3719,treatment,1,6,9
3720,treatment,1,11,10
3721,treatment,0,9,11
3722,treatment,1,7,12
3723,treatment,2,10,13
3724,treatment,1,8,14
3725,treatment,1,11,1
3726,treatment,1,7,2
3727,treatment,1,8,3
3728,treatment,0,5,4
3729,treatment,2,8,5
3730,treatment,0,9,6
3731,treatment,0,8,7
3732,treatment,0,8,8
3733,treatment,1,7,9
3734,treatment,1,8,10
3735,treatment,0,6,11
3736,treatment,0,8,12
3737,treatment,1,10,13
3738,treatment,1,10,14
3739,treatment,0,6,1
3740,treatment,0,8,2
3741,treatment,1,6,3
3742,treatment,0,7,4
3743,treatment,0,8,5
3744,treatment,0,6,6
3745,treatment,3,6,7
3746,treatment,0,12,8
3747,treatment,2,10,9
3748,treatment,1,8,10
3749,treatment,1,8,11
3750,treatment,1,9,12
3751,treatment,0,4,13
3752,treatment,3,11,14
3753,treatment,0,6,1
3754,treatment,0,6,2
3755,treatment,1,10,3
3756,treatment,0,8,4
3757,treatment,2,8,5
3758,treatment,3,8,6
3759,treatment,1,8,7
3760,treatment,0,10,8
3761,treatment,1,10,9
3762,treatment,0,9,10
3763,treatment,0,9,11
3764,treatment,0,6,12
3765,treatment,0,10,13
3766,treatment,2,9,14
3767,treatment,0,6,1
3768,treatment,0,11,2
3769,treatment,0,8,3
3770,treatment,1,11,4
3771,treatment,3,9,5
3772,treatment,0,10,6
3773,treatment,2,11,7
3774,treatment,0,8,8
3775,treatment,1,9,9
3776,treatment,1,7,10
3777,treatment,1,5,11
3778,treatment,3,6,12
3779,treatment,1,7,13
3780,treatment,1,8,14
3781,treatment,1,6,1
3782,treatment,2,7,2
3783,treatment,0,10,3
3784,treatment,0,7,4
3785,treatment,4,9,5
3786,treatment,1,9,6
3787,treatment,2,9,7
3788,treatment,0,6,8
3789,treatment,2,10,9
3790,treatment,0,6,10
3791,treatment,2,9,11
3792,treatment,0,8,12
3793,treatment,1,5,13
3794,treatment,2,11,14
3795,treatment,0,8,1
3796,treatment,1,6,2
3797,treatment,1,9,3
3798,treatment,0,9,4
3799,treatment,0,10,5
3800,treatment,1,12,6
3801,treatment,1,8,7
3802,treatment,0,8,8
3803,treatment,0,7,9
3804,treatment,1,8,10
3805,treatment,1,6,11
3806,treatment,1,7,12
3807,treatment,0,6,13
3808,treatment,0,7,14
3809,treatment,0,6,1
3810,treatment,1,9,2
3811,treatment,1,9,3
3812,treatment,1,7,4
3813,treatment,1,5,5
3814,treatment,3,11,6
3815,treatment,2,9,7
3816,treatment,0,8,8
3817,treatment,0,8,9
3818,treatment,4,12,10
3819,treatment,1,7,11
3820,treatment,1,9,12
3821,treatment,2,10,13
3822,treatment,1,9,14
3823,treatment,0,10,1
3824,treatment,1,6,2
3825,treatment,1,5,3
3826,treatment,1,5,4
3827,treatment,1,6,5
3828,treatment,0,10,6
3829,treatment,2,7,7
3830,treatment,1,7,8
3831,treatment,1,11,9
3832,treatment,1,7,10
3833,treatment,1,7,11
3834,treatment,2,7,12
3835,treatment,1,8,13
3836,treatment,0,5,14
3837,treatment,1,9,1
3838,treatment,2,10,2
3839,treatment,1,10,3
3840,treatment,2,8,4
3841,treatment,1,8,5
3842,treatment,0,6,6
3843,treatment,2,10,7
3844,treatment,1,6,8
3845,treatment,3,6,9
3846,treatment,0,7,10
3847,treatment,0,8,11
3848,treatment,0,8,12
3849,treatment,1,11,13
3850,treatment,0,8,14
3851,treatment,1,7,1
3852,treatment,1,8,2
3853,treatment,3,9,3
3854,treatment,0,4,4
3855,treatment,0,6,5
3856,treatment,2,12,6
3857,treatment,2,8,7
3858,treatment,1,8,8
3859,treatment,1,6,9
3860,treatment,1,7,10
3861,treatment,2,8,11
3862,treatment,0,7,12
3863,treatment,2,8,13
3864,treatment,0,9,14
3865,treatment,0,11,1
3866,treatment,0,8,2
3867,treatment,1,8,3
3868,treatment,1,6,4
3869,treatment,0,8,5
3870,treatment,1,10,6
3871,treatment,2,12,7
3872,treatment,3,8,8
3873,treatment,0,6,9
3874,treatment,1,10,10
3875,treatment,1,11,11
3876,treatment,0,5,12
3877,treatment,0,8,13
3878,treatment,2,8,14
3879,treatment,1,9,1
3880,treatment,2,9,2
3881,treatment,0,8,3
3882,treatment,1,10,4
3883,treatment,0,10,5
3884,treatment,0,6,6
3885,treatment,3,11,7
3886,treatment,0,6,8
3887,treatment,1,9,9
3888,treatment,2,11,10
3889,treatment,0,7,11
3890,treatment,0,11,12
3891,treatment,1,9,13
3892,treatment,1,8,14
3893,treatment,0,6,1
3894,treatment,0,6,2
3895,treatment,0,11,3
3896,treatment,0,8,4
3897,treatment,1,9,5
3898,treatment,1,7,6
3899,treatment,2,8,7
3900,treatment,2,8,8
3901,treatment,1,4,9
3902,treatment,1,8,10
3903,treatment,1,9,11
3904,treatment,1,7,12
3905,treatment,2,6,13
3906,treatment,1,5,14
3907,treatment,1,10,1
3908,treatment,0,4,2
3909,treatment,0,6,3
3910,treatment,1,10,4
3911,treatment,1,8,5
3912,treatment,1,8,6
3913,treatment,2,10,7
3914,treatment,0,9,8
3915,treatment,0,6,9
3916,treatment,2,8,10
3917,treatment,1,8,11
3918,treatment,0,6,12
3919,treatment,1,7,13
3920,treatment,2,10,14
3921,treatment,0,6,1
3922,treatment,0,7,2
3923,treatment,0,6,3
3924,treatment,1,8,4
3925,treatment,1,9,5
3926,treatment,1,11,6
3927,treatment,0,7,7
3928,treatment,0,5,8
3929,treatment,1,9,9
3930,treatment,1,9,10
3931,treatment,1,9,11
3932,treatment,1,9,12
3933,treatment,2,12,13
3934,treatment,0,8,14
3935,treatment,1,5,1
3936,treatment,1,6,2
3937,treatment,0,6,3
3938,treatment,1,10,4
3939,treatment,2,8,5
3940,treatment,0,9,6
3941,treatment,0,7,7
3942,treatment,1,7,8
3943,treatment,2,10,9
3944,treatment,1,7,10
3945,treatment,0,6,11
3946,treatment,1,10,12
3947,treatment,4,8,13
3948,treatment,2,9,14
3949,treatment,3,7,1
3950,treatment,2,10,2
3951,treatment,1,6,3
3952,treatment,2,6,4
3953,treatment,1,8,5
3954,treatment,0,9,6
3955,treatment,0,8,7
3956,treatment,0,5,8
3957,treatment,1,7,9
3958,treatment,0,6,10
3959,treatment,1,9,11
3960,treatment,0,9,12
3961,treatment,1,7,13
3962,treatment,1,8,14
3963,treatment,0,9,1
3964,treatment,0,8,2
3965,treatment,0,11,3
3966,treatment,2,12,4
3967,treatment,1,8,5
3968,treatment,3,10,6
3969,treatment,3,8,7
3970,treatment,3,7,8
3971,treatment,1,8,9
3972,treatment,0,9,10
3973,treatment,1,7,11
3974,treatment,1,5,12
3975,treatment,2,9,13
3976,treatment,1,8,14
3977,treatment,3,9,1
3978,treatment,4,7,2
3979,treatment,0,9,3
3980,treatment,0,10,4
3981,treatment,1,5,5
3982,treatment,1,11,6
3983,treatment,0,6,7
3984,treatment,2,10,8
3985,treatment,1,7,9
3986,treatment,1,7,10
3987,treatment,1,10,11
3988,treatment,0,8,12
3989,treatment,0,8,13
3990,treatment,0,8,14
3991,treatment,0,8,1
3992,treatment,0,9,2
3993,treatment,2,13,3
3994,treatment,1,5,4
3995,treatment,2,7,5
3996,treatment,0,8,6
3997,treatment,1,5,7
3998,treatment,1,6,8
3999,treatment,1,10,9
4000,treatment,0,7,10
4001,treatment,1,8,11
4002,treatment,3,12,12
4003,treatment,1,13,13
4004,treatment,0,7,14
4005,treatment,1,6,1
4006,treatment,0,6,2
4007,treatment,1,8,3
4008,treatment,0,7,4
4009,treatment,0,4,5
4010,treatment,0,10,6
4011,treatment,0,9,7
4012,treatment,0,7,8
4013,treatment,0,8,9
4014,treatment,1,9,10
4015,treatment,1,9,11
4016,treatment,1,10,12
4017,treatment,0,8,13
4018,treatment,2,10,14
4019,treatment,1,6,1
4020,treatment,1,7,2
4021,treatment,0,6,3
4022,treatment,1,9,4
4023,treatment,0,11,5
4024,treatment,2,8,6
4025,treatment,1,7,7
4026,treatment,2,7,8
4027,treatment,0,7,9
4028,treatment,1,8,10
4029,treatment,0,11,11
4030,treatment,1,10,12
4031,treatment,0,8,13
4032,treatment,1,10,14
4033,treatment,1,5,1
4034,treatment,0,7,2
4035,treatment,1,10,3
4036,treatment,1,9,4
4037,treatment,2,7,5
4038,treatment,2,8,6
4039,treatment,1,9,7
4040,treatment,2,9,8
4041,treatment,1,8,9
4042,treatment,0,8,10
4043,treatment,0,8,11
4044,treatment,0,8,12
4045,treatment,1,11,13
4046,treatment,0,11,14
4047,treatment,1,10,1
4048,treatment,1,7,2
4049,treatment,0,8,3
4050,treatment,1,10,4
4051,treatment,0,7,5
4052,treatment,1,11,6
4053,treatment,2,11,7
4054,treatment,0,6,8
4055,treatment,1,7,9
4056,treatment,1,7,10
4057,treatment,0,9,11
4058,treatment,1,8,12
4059,treatment,2,11,13
4060,treatment,1,9,14
4061,treatment,1,9,1
4062,treatment,2,8,2
4063,treatment,1,7,3
4064,treatment,1,8,4
4065,treatment,1,7,5
4066,treatment,1,11,6
4067,treatment,1,11,7
4068,treatment,1,7,8
4069,treatment,2,9,9
4070,treatment,1,9,10
4071,treatment,2,12,11
4072,treatment,0,8,12
4073,treatment,0,3,13
4074,treatment,0,2,14
4075,treatment,0,6,1
4076,treatment,0,7,2
4077,treatment,0,7,3
4078,treatment,1,7,4
4079,treatment,1,10,5
4080,treatment,0,11,6
4081,treatment,0,10,7
4082,treatment,1,8,8
4083,treatment,1,10,9
4084,treatment,1,10,10
4085,treatment,0,9,11
4086,treatment,2,7,12
4087,treatment,1,11,13
4088,treatment,0,7,14
4089,treatment,0,6,1
4090,treatment,0,5,2
4091,treatment,2,10,3
4092,treatment,2,6,4
4093,treatment,0,3,5
4094,treatment,0,9,6
4095,treatment,0,10,7
4096,treatment,1,11,8
4097,treatment,0,7,9
4098,treatment,2,10,10
4099,treatment,1,7,11
4100,treatment,1,6,12
4101,treatment,0,9,13
4102,treatment,0,12,14
4103,treatment,1,8,1
4104,treatment,1,6,2
4105,treatment,1,5,3
4106,treatment,0,7,4
4107,treatment,1,10,5
4108,treatment,1,7,6
4109,treatment,1,5,7
4110,treatment,0,9,8
4111,treatment,1,8,9
4112,treatment,1,6,10
4113,treatment,0,10,11
4114,treatment,0,6,12
4115,treatment,1,7,13
4116,treatment,0,6,14
4117,treatment,0,5,1
4118,treatment,0,10,2
4119,treatment,1,6,3
4120,treatment,1,8,4
4121,treatment,0,8,5
4122,treatment,0,10,6
4123,treatment,1,10,7
4124,treatment,0,10,8
4125,treatment,1,7,9
4126,treatment,0,10,10
4127,treatment,1,7,11
4128,treatment,1,7,12
4129,treatment,1,8,13
4130,treatment,0,11,14
4131,treatment,1,8,1
4132,treatment,2,10,2
4133,treatment,1,8,3
4134,treatment,3,7,4
4135,treatment,0,4,5
4136,treatment,1,5,6
4137,treatment,1,9,7
4138,treatment,3,7,8
4139,treatment,1,9,9
4140,treatment,0,5,10
4141,treatment,0,9,11
4142,treatment,0,4,12
4143,treatment,1,8,13
4144,treatment,1,5,14
4145,treatment,0,9,1
4146,treatment,1,8,2
4147,treatment,3,11,3
4148,treatment,1,4,4
4149,treatment,1,12,5
4150,treatment,0,7,6
4151,treatment,2,9,7
4152,treatment,0,11,8
4153,treatment,2,12,9
4154,treatment,1,7,10
4155,treatment,0,9,11
4156,treatment,0,5,12
4157,treatment,0,7,13
4158,treatment,0,8,14
4159,treatment,1,7,1
4160,treatment,2,9,2
4161,treatment,0,9,3
4162,treatment,2,11,4
4163,treatment,0,10,5
4164,treatment,1,9,6
4165,treatment,2,11,7
4166,treatment,0,5,8
4167,treatment,1,11,9
4168,treatment,0,9,10
4169,treatment,2,11,11
4170,treatment,0,9,12
4171,treatment,1,9,13
4172,treatment,1,8,14
4173,treatment,1,8,1
4174,treatment,1,6,2
4175,treatment,1,9,3
4176,treatment,2,7,4
4177,treatment,3,9,5
4178,treatment,0,9,6
4179,treatment,1,7,7
4180,treatment,0,9,8
4181,treatment,0,8,9
4182,treatment,0,10,10
4183,treatment,0,7,11
4184,treatment,1,8,12
4185,treatment,0,9,13
4186,treatment,3,9,14
4187,treatment,0,7,1
4188,treatment,1,9,2
4189,treatment,2,5,3
4190,treatment,1,5,4
4191,treatment,0,6,5
4192,treatment,0,9,6
4193,treatment,2,9,7
4194,treatment,2,9,8
4195,treatment,1,8,9
4196,treatment,0,8,10
4197,treatment,0,11,11
4198,treatment,2,9,12
4199,treatment,1,9,13
4200,treatment,4,9,14
4201,treatment,0,9,1
4202,treatment,0,8,2
4203,treatment,1,6,3
4204,treatment,0,7,4
4205,treatment,3,9,5
4206,treatment,1,8,6
4207,treatment,0,5,7
4208,treatment,2,10,8
4209,treatment,3,6,9
4210,treatment,2,8,10
4211,treatment,1,10,11
4212,treatment,1,9,12
4213,treatment,1,6,13
4214,treatment,1,10,14
4215,treatment,1,9,1
4216,treatment,0,10,2
4217,treatment,0,6,3
4218,treatment,1,7,4
4219,treatment,1,9,5
4220,treatment,0,8,6
4221,treatment,3,7,7
4222,treatment,0,8,8
4223,treatment,0,7,9
4224,treatment,2,7,10
4225,treatment,0,6,11
4226,treatment,1,10,12
4227,treatment,0,5,13
4228,treatment,1,10,14
4229,treatment,0,5,1
4230,treatment,1,8,2
4231,treatment,0,10,3
4232,treatment,2,10,4
4233,treatment,1,13,5
4234,treatment,1,10,6
4235,treatment,1,12,7
4236,treatment,2,7,8
4237,treatment,1,9,9
4238,treatment,1,10,10
4239,treatment,1,8,11
4240,treatment,0,6,12
4241,treatment,0,8,13
4242,treatment,0,10,14
4243,treatment,1,7,1
4244,treatment,0,4,2
4245,treatment,1,9,3
4246,treatment,2,9,4
4247,treatment,1,7,5
4248,treatment,0,9,6
4249,treatment,1,8,7
4250,treatment,0,9,8
4251,treatment,0,9,9
4252,treatment,0,9,10
4253,treatment,1,10,11
4254,treatment,1,8,12
4255,treatment,0,8,13
4256,treatment,2,10,14
4257,treatment,0,11,1
4258,treatment,2,10,2
4259,treatment,1,7,3
4260,treatment,0,8,4
4261,treatment,0,6,5
4262,treatment,0,6,6
4263,treatment,3,9,7
4264,treatment,0,7,8
4265,treatment,1,8,9
4266,treatment,1,9,10
4267,treatment,0,9,11
4268,treatment,1,8,12
4269,treatment,2,9,13
4270,treatment,0,8,14
4271,treatment,0,7,1
4272,treatment,0,8,2
4273,treatment,1,9,3
4274,treatment,1,8,4
4275,treatment,0,10,5
4276,treatment,0,8,6
4277,treatment,1,9,7
4278,treatment,0,10,8
4279,treatment,1,9,9
4280,treatment,1,9,10
4281,treatment,1,9,11
4282,treatment,0,7,12
4283,treatment,1,4,13
4284,treatment,2,4,14
4285,treatment,1,10,1
4286,treatment,1,7,2
4287,treatment,1,11,3
4288,treatment,0,11,4
4289,treatment,2,8,5
4290,treatment,0,7,6
4291,treatment,0,9,7
4292,treatment,0,6,8
4293,treatment,0,9,9
4294,treatment,1,7,10
4295,treatment,3,10,11
4296,treatment,1,7,12
4297,treatment,1,9,13
4298,treatment,1,10,14
4299,treatment,3,10,1
4300,treatment,1,7,2
4301,treatment,1,10,3
4302,treatment,2,7,4
4303,treatment,2,10,5
4304,treatment,1,8,6
4305,treatment,0,5,7
4306,treatment,2,10,8
4307,treatment,0,8,9
4308,treatment,1,8,10
4309,treatment,0,9,11
4310,treatment,1,6,12
4311,treatment,2,9,13
4312,treatment,0,6,14
4313,treatment,0,9,1
4314,treatment,0,12,2
4315,treatment,0,9,3
4316,treatment,1,10,4
4317,treatment,1,10,5
4318,treatment,0,9,6
4319,treatment,2,7,7
4320,treatment,0,9,8
4321,treatment,0,7,9
4322,treatment,1,8,10
4323,treatment,1,11,11
4324,treatment,1,8,12
4325,treatment,0,7,13
4326,treatment,2,11,14
4327,treatment,0,9,1
4328,treatment,0,8,2
4329,treatment,1,9,3
4330,treatment,0,7,4
4331,treatment,1,12,5
4332,treatment,1,9,6
4333,treatment,0,8,7
4334,treatment,0,7,8
4335,treatment,1,10,9
4336,treatment,1,9,10
4337,treatment,1,7,11
4338,treatment,0,6,12
4339,treatment,3,9,13
4340,treatment,1,4,14
4341,treatment,0,11,1
4342,treatment,1,8,2
4343,treatment,3,9,3
4344,treatment,0,9,4
4345,treatment,0,7,5
4346,treatment,2,10,6
4347,treatment,1,6,7
4348,treatment,1,7,8
4349,treatment,1,7,9
4350,treatment,0,8,10
4351,treatment,1,8,11
4352,treatment,1,6,12
4353,treatment,0,9,13
4354,treatment,0,6,14
4355,treatment,0,10,1
4356,treatment,0,8,2
4357,treatment,1,7,3
4358,treatment,0,9,4
4359,treatment,2,8,5
4360,treatment,2,7,6
4361,treatment,1,7,7
4362,treatment,0,5,8
4363,treatment,1,10,9
4364,treatment,3,9,10
4365,treatment,0,10,11
4366,treatment,1,9,12
4367,treatment,2,4,13
4368,treatment,0,6,14
4369,treatment,0,11,1
4370,treatment,2,8,2
4371,treatment,0,6,3
4372,treatment,0,4,4
4373,treatment,1,8,5
4374,treatment,2,9,6
4375,treatment,1,10,7
4376,treatment,0,11,8
4377,treatment,1,11,9
4378,treatment,2,9,10
4379,treatment,1,10,11
4380,treatment,2,10,12
4381,treatment,0,10,13
4382,treatment,1,8,14
4383,treatment,2,11,1
4384,treatment,2,6,2
4385,treatment,0,8,3
4386,treatment,1,12,4
4387,treatment,1,5,5
4388,treatment,0,7,6
4389,treatment,1,10,7
4390,treatment,2,9,8
4391,treatment,0,6,9
4392,treatment,1,8,10
4393,treatment,2,5,11
4394,treatment,2,12,12
4395,treatment,1,9,13
4396,treatment,2,8,14
4397,treatment,2,9,1
4398,treatment,1,5,2
4399,treatment,1,8,3
4400,treatment,1,8,4
4401,treatment,1,4,5
4402,treatment,0,5,6
4403,treatment,3,11,7
4404,treatment,0,11,8
4405,treatment,0,6,9
4406,treatment,0,9,10
4407,treatment,0,3,11
4408,treatment,2,8,12
4409,treatment,1,5,13
4410,treatment,1,6,14
4411,treatment,3,10,1
4412,treatment,1,6,2
4413,treatment,0,3,3
4414,treatment,0,7,4
4415,treatment,0,6,5
4416,treatment,0,7,6
4417,treatment,1,6,7
4418,treatment,1,4,8
4419,treatment,1,5,9
4420,treatment,2,7,10
4421,treatment,0,9,11
4422,treatment,3,9,12
4423,treatment,1,10,13
4424,treatment,2,12,14
4425,treatment,0,7,1
4426,treatment,1,8,2
4427,treatment,1,7,3
4428,treatment,1,8,4
4429,treatment,3,11,5
4430,treatment,1,9,6
4431,treatment,0,10,7
4432,treatment,0,7,8
4433,treatment,1,6,9
4434,treatment,1,7,10
4435,treatment,0,5,11
4436,treatment,1,10,12
4437,treatment,1,6,13
4438,treatment,1,7,14
4439,treatment,0,8,1
4440,treatment,1,8,2
4441,treatment,0,10,3
4442,treatment,0,9,4
4443,treatment,1,8,5
4444,treatment,0,9,6
4445,treatment,0,8,7
4446,treatment,2,6,8
4447,treatment,1,6,9
4448,treatment,1,9,10
4449,treatment,0,7,11
4450,treatment,0,8,12
4451,treatment,1,7,13
4452,treatment,2,9,14
4453,treatment,0,10,1
4454,treatment,1,10,2
4455,treatment,1,6,3
4456,treatment,0,7,4
4457,treatment,1,7,5
4458,treatment,1,7,6
4459,treatment,0,8,7
4460,treatment,0,8,8
4461,treatment,0,6,9
4462,treatment,1,10,10
4463,treatment,0,10,11
4464,treatment,2,11,12
4465,treatment,1,11,13
4466,treatment,1,4,14
4467,treatment,2,12,1
4468,treatment,0,7,2
4469,treatment,1,8,3
4470,treatment,0,5,4
4471,treatment,0,11,5
4472,treatment,0,6,6
4473,treatment,1,8,7
4474,treatment,0,8,8
4475,treatment,3,10,9
4476,treatment,1,7,10
4477,treatment,0,11,11
4478,treatment,0,10,12
4479,treatment,2,10,13
4480,treatment,0,10,14
4481,treatment,0,6,1
4482,treatment,0,11,2
4483,treatment,2,10,3
4484,treatment,0,10,4
4485,treatment,2,5,5
4486,treatment,0,8,6
4487,treatment,1,11,7
4488,treatment,0,8,8
4489,treatment,1,10,9
4490,treatment,1,10,10
4491,treatment,1,10,11
4492,treatment,2,12,12
4493,treatment,1,9,13
4494,treatment,1,5,14
4495,treatment,1,8,1
4496,treatment,1,7,2
4497,treatment,0,10,3
4498,treatment,0,9,4
4499,treatment,0,5,5
4500,treatment,2,5,6
4501,treatment,0,11,7
4502,treatment,1,8,8
4503,treatment,2,7,9
4504,treatment,2,7,10
4505,treatment,0,6,11
4506,treatment,2,10,12
4507,treatment,2,9,13
4508,treatment,2,9,14
4509,treatment,3,8,1
4510,treatment,0,8,2
4511,treatment,1,5,3
4512,treatment,1,7,4
4513,treatment,1,11,5
4514,treatment,2,5,6
4515,treatment,1,8,7
4516,treatment,0,9,8
4517,treatment,0,12,9
4518,treatment,3,9,10
4519,treatment,0,7,11
4520,treatment,0,6,12
4521,treatment,1,8,13
4522,treatment,0,10,14
4523,treatment,0,11,1
4524,treatment,1,8,2
4525,treatment,0,6,3
4526,treatment,0,8,4
4527,treatment,1,8,5
4528,treatment,0,8,6
4529,treatment,0,9,7
4530,treatment,1,7,8
4531,treatment,0,6,9
4532,treatment,1,6,10
4533,treatment,2,7,11
4534,treatment,0,7,12
4535,treatment,0,9,13
4536,treatment,0,10,14
4537,treatment,1,6,1
4538,treatment,2,11,2
4539,treatment,0,9,3
4540,treatment,0,7,4
4541,treatment,1,11,5
4542,treatment,1,11,6
4543,treatment,0,4,7
4544,treatment,0,11,8
4545,treatment,3,8,9
4546,treatment,0,8,10
4547,treatment,0,8,11
4548,treatment,1,8,12
4549,treatment,2,7,13
4550,treatment,0,10,14
4551,treatment,1,8,1
4552,treatment,1,9,2
4553,treatment,1,9,3
4554,treatment,0,5,4
4555,treatment,0,9,5
4556,treatment,0,9,6
4557,treatment,3,7,7
4558,treatment,0,8,8
4559,treatment,0,7,9
4560,treatment,0,8,10
4561,treatment,0,9,11
4562,treatment,1,7,12
4563,treatment,0,7,13
4564,treatment,2,11,14
4565,treatment,1,12,1
4566,treatment,0,7,2
4567,treatment,0,9,3
4568,treatment,2,7,4
4569,treatment,2,8,5
4570,treatment,1,8,6
4571,treatment,3,9,7
4572,treatment,1,7,8
4573,treatment,1,8,9
4574,treatment,1,7,10
4575,treatment,0,6,11
4576,treatment,2,6,12
4577,treatment,2,7,13
4578,treatment,1,7,14
4579,treatment,1,9,1
4580,treatment,1,13,2
4581,treatment,0,6,3
4582,treatment,0,7,4
4583,treatment,0,9,5
4584,treatment,2,6,6
4585,treatment,0,6,7
4586,treatment,2,10,8
4587,treatment,1,10,9
4588,treatment,1,5,10
4589,treatment,1,6,11
4590,treatment,0,9,12
4591,treatment,1,7,13
4592,treatment,0,8,14
4593,treatment,1,10,1
4594,treatment,0,8,2
4595,treatment,0,9,3
4596,treatment,0,4,4
4597,treatment,0,7,5
4598,treatment,0,7,6
4599,treatment,1,7,7
4600,treatment,2,9,8
4601,treatment,1,11,9
4602,treatment,2,9,10
4603,treatment,2,9,11
4604,treatment,1,13,12
4605,treatment,2,6,13
4606,treatment,0,7,14
4607,treatment,1,7,1
4608,treatment,2,10,2
4609,treatment,2,8,3
4610,treatment,0,7,4
4611,treatment,0,9,5
4612,treatment,3,9,6
4613,treatment,2,9,7
4614,treatment,0,12,8
4615,treatment,0,7,9
4616,treatment,2,7,10
4617,treatment,4,10,11
4618,treatment,0,8,12
4619,treatment,2,11,13
4620,treatment,2,9,14
4621,treatment,1,9,1
4622,treatment,2,10,2
4623,treatment,1,6,3
4624,treatment,4,10,4
4625,treatment,1,12,5
4626,treatment,2,7,6
4627,treatment,0,9,7
4628,treatment,0,11,8
4629,treatment,0,10,9
4630,treatment,1,10,10
4631,treatment,0,5,11
4632,treatment,2,9,12
4633,treatment,1,7,13
4634,treatment,0,8,14
4635,treatment,0,9,1
4636,treatment,2,10,2
4637,treatment,0,6,3
4638,treatment,0,8,4
4639,treatment,0,8,5
4640,treatment,0,4,6
4641,treatment,1,5,7
4642,treatment,0,8,8
4643,treatment,0,6,9
4644,treatment,1,9,10
4645,treatment,1,7,11
4646,treatment,3,12,12
4647,treatment,0,8,13
4648,treatment,0,6,14
4649,treatment,2,8,1
4650,treatment,3,9,2
4651,treatment,1,8,3
4652,treatment,0,8,4
4653,treatment,1,7,5
4654,treatment,1,6,6
4655,treatment,0,9,7
4656,treatment,0,5,8
4657,treatment,0,5,9
4658,treatment,1,7,10
4659,treatment,2,9,11
4660,treatment,3,12,12
4661,treatment,2,12,13
4662,treatment,1,6,14
4663,treatment,2,5,1
4664,treatment,0,7,2
4665,treatment,1,3,3
4666,treatment,3,11,4
4667,treatment,2,6,5
4668,treatment,0,8,6
4669,treatment,3,10,7
4670,treatment,1,10,8
4671,treatment,0,7,9
4672,treatment,1,8,10
4673,treatment,4,11,11
4674,treatment,0,9,12
4675,treatment,2,12,13
4676,treatment,0,6,14
4677,treatment,0,7,1
4678,treatment,1,8,2
4679,treatment,2,7,3
4680,treatment,0,10,4
4681,treatment,2,9,5
4682,treatment,1,9,6
4683,treatment,0,10,7
4684,treatment,0,8,8
4685,treatment,0,8,9
4686,treatment,1,8,10
4687,treatment,0,7,11
4688,treatment,0,6,12
4689,treatment,0,9,13
4690,treatment,1,7,14
4691,treatment,2,5,1
4692,treatment,1,4,2
4693,treatment,4,10,3
4694,treatment,0,4,4
4695,treatment,0,10,5
4696,treatment,1,7,6
4697,treatment,1,6,7
4698,treatment,0,6,8
4699,treatment,1,6,9
4700,treatment,1,8,10
4701,treatment,2,11,11
4702,treatment,1,7,12
4703,treatment,1,9,13
4704,treatment,0,10,14
4705,treatment,2,11,1
4706,treatment,0,11,2
4707,treatment,1,9,3
4708,treatment,3,6,4
4709,treatment,0,9,5
4710,treatment,0,11,6
4711,treatment,1,11,7
4712,treatment,0,9,8
4713,treatment,0,6,9
4714,treatment,0,13,10
4715,treatment,1,9,11
4716,treatment,1,8,12
4717,treatment,0,7,13
4718,treatment,1,6,14
4719,treatment,0,8,1
4720,treatment,0,6,2
4721,treatment,0,5,3
4722,treatment,0,7,4
4723,treatment,1,10,5
4724,treatment,1,12,6
4725,treatment,2,7,7
4726,treatment,2,9,8
4727,treatment,2,10,9
4728,treatment,2,9,10
4729,treatment,0,7,11
4730,treatment,2,6,12
4731,treatment,1,10,13
4732,treatment,1,9,14
4733,treatment,0,6,1
4734,treatment,0,5,2
4735,treatment,1,8,3
4736,treatment,0,10,4
4737,treatment,0,6,5
4738,treatment,1,9,6
4739,treatment,1,12,7
4740,treatment,0,5,8
4741,treatment,3,7,9
4742,treatment,0,8,10
4743,treatment,0,7,11
4744,treatment,0,9,12
4745,treatment,1,9,13
4746,treatment,3,12,14
4747,treatment,0,9,1
4748,treatment,0,7,2
4749,treatment,0,11,3
4750,treatment,0,8,4
4751,treatment,0,8,5
4752,treatment,0,5,6
4753,treatment,0,8,7
4754,treatment,1,6,8
4755,treatment,1,6,9
4756,treatment,1,9,10
4757,treatment,0,8,11
4758,treatment,0,11,12
4759,treatment,1,9,13
4760,treatment,0,7,14
4761,treatment,1,9,1
4762,treatment,2,10,2
4763,treatment,0,6,3
4764,treatment,1,12,4
4765,treatment,0,7,5
4766,treatment,0,7,6
4767,treatment,0,4,7
4768,treatment,1,7,8
4769,treatment,0,9,9
4770,treatment,0,8,10
4771,treatment,1,12,11
4772,treatment,2,8,12
4773,treatment,0,10,13
4774,treatment,1,7,14
4775,treatment,1,10,1
4776,treatment,1,7,2
4777,treatment,1,8,3
4778,treatment,3,10,4
4779,treatment,1,9,5
4780,treatment,1,5,6
4781,treatment,0,5,7
4782,treatment,1,6,8
4783,treatment,2,11,9
4784,treatment,0,10,10
4785,treatment,0,4,11
4786,treatment,0,7,12
4787,treatment,0,9,13
4788,treatment,1,8,14
4789,treatment,0,9,1
4790,treatment,1,8,2
4791,treatment,1,7,3
4792,treatment,2,9,4
4793,treatment,2,9,5
4794,treatment,1,6,6
4795,treatment,2,10,7
4796,treatment,0,10,8
4797,treatment,2,11,9
4798,treatment,1,7,10
4799,treatment,1,7,11
4800,treatment,0,5,12
4801,treatment,2,4,13
4802,treatment,2,12,14
4803,treatment,1,7,1
4804,treatment,0,10,2
4805,treatment,1,5,3
4806,treatment,1,10,4
4807,treatment,4,9,5
4808,treatment,0,9,6
4809,treatment,0,10,7
4810,treatment,0,11,8
4811,treatment,0,10,9
4812,treatment,0,10,10
4813,treatment,1,7,11
4814,treatment,2,5,12
4815,treatment,2,8,13
4816,treatment,0,9,14
4817,treatment,1,12,1
4818,treatment,2,9,2
4819,treatment,0,12,3
4820,treatment,2,8,4
4821,treatment,0,10,5
4822,treatment,0,10,6
4823,treatment,0,8,7
4824,treatment,0,10,8
4825,treatment,0,7,9
4826,treatment,3,10,10
4827,treatment,0,9,11
4828,treatment,1,11,12
4829,treatment,1,8,13
4830,treatment,0,10,14
4831,treatment,0,7,1
4832,treatment,2,10,2
4833,treatment,1,10,3
4834,treatment,0,8,4
4835,treatment,3,8,5
4836,treatment,2,11,6
4837,treatment,0,8,7
4838,treatment,0,6,8
4839,treatment,1,9,9
4840,treatment,0,9,10
4841,treatment,2,7,11
4842,treatment,1,9,12
4843,treatment,0,2,13
4844,treatment,1,8,14
4845,treatment,0,4,1
4846,treatment,0,6,2
4847,treatment,2,9,3
4848,treatment,0,8,4
4849,treatment,0,6,5
4850,treatment,0,7,6
4851,treatment,0,7,7
4852,treatment,1,8,8
4853,treatment,3,11,9
4854,treatment,1,12,10
4855,treatment,0,7,11
4856,treatment,1,10,12
4857,treatment,0,5,13
4858,treatment,0,11,14
4859,treatment,0,5,1
4860,treatment,0,10,2
4861,treatment,1,6,3
4862,treatment,2,10,4
4863,treatment,1,10,5
4864,treatment,1,4,6
4865,treatment,1,8,7
4866,treatment,2,9,8
4867,treatment,1,6,9
4868,treatment,3,10,10
4869,treatment,0,5,11
4870,treatment,0,9,12
4871,treatment,0,5,13
4872,treatment,0,7,14
4873,treatment,0,8,1
4874,treatment,3,8,2
4875,treatment,0,8,3
4876,treatment,0,10,4
4877,treatment,1,9,5
4878,treatment,2,8,6
4879,treatment,1,7,7
4880,treatment,0,9,8
4881,treatment,1,11,9
4882,treatment,0,9,10
4883,treatment,0,5,11
4884,treatment,2,10,12
4885,treatment,0,10,13
4886,treatment,1,7,14
4887,treatment,2,10,1
4888,treatment,0,10,2
4889,treatment,0,4,3
4890,treatment,0,13,4
4891,treatment,1,11,5
4892,treatment,2,9,6
4893,treatment,1,7,7
4894,treatment,0,9,8
4895,treatment,0,6,9
4896,treatment,0,7,10
4897,treatment,0,5,11
4898,treatment,0,11,12
4899,treatment,1,10,13
4900,treatment,2,11,14
4901,treatment,0,6,1
4902,treatment,0,10,2
4903,treatment,0,9,3
4904,treatment,0,7,4
4905,treatment,1,9,5
4906,treatment,0,8,6
4907,treatment,0,10,7
4908,treatment,1,9,8
4909,treatment,1,7,9
4910,treatment,2,7,10
4911,treatment,0,6,11
4912,treatment,0,6,12
4913,treatment,0,8,13
4914,treatment,2,8,14
4915,treatment,1,5,1
4916,treatment,2,9,2
4917,treatment,0,9,3
4918,treatment,0,9,4
4919,treatment,2,8,5
4920,treatment,0,5,6
4921,treatment,3,9,7
4922,treatment,1,9,8
4923,treatment,3,11,9
4924,treatment,1,9,10
4925,treatment,0,10,11
4926,treatment,0,4,12
4927,treatment,0,9,13
4928,treatment,1,8,14
4929,treatment,0,7,1
4930,treatment,1,8,2
4931,treatment,0,6,3
4932,treatment,0,6,4
4933,treatment,1,6,5
4934,treatment,0,10,6
4935,treatment,0,7,7
4936,treatment,3,7,8
4937,treatment,1,8,9
4938,treatment,1,7,10
4939,treatment,1,7,11
4940,treatment,1,8,12
4941,treatment,2,10,13
4942,treatment,1,11,14
4943,treatment,1,8,1
4944,treatment,0,7,2
4945,treatment,0,6,3
4946,treatment,1,4,4
4947,treatment,1,9,5
4948,treatment,0,9,6
4949,treatment,1,8,7
4950,treatment,2,9,8
4951,treatment,0,8,9
4952,treatment,1,8,10
4953,treatment,1,8,11
4954,treatment,2,12,12
4955,treatment,0,9,13
4956,treatment,2,8,14
4957,treatment,3,12,1
4958,treatment,0,9,2
4959,treatment,0,5,3
4960,treatment,0,8,4
4961,treatment,2,8,5
4962,treatment,1,11,6
4963,treatment,0,8,7
4964,treatment,1,12,8
4965,treatment,1,12,9
4966,treatment,2,10,10
4967,treatment,3,10,11
4968,treatment,0,8,12
4969,treatment,1,9,13
4970,treatment,1,6,14
4971,treatment,4,11,1
4972,treatment,1,10,2
4973,treatment,1,9,3
4974,treatment,2,10,4
4975,treatment,0,5,5
4976,treatment,0,7,6
4977,treatment,2,8,7
4978,treatment,0,8,8
4979,treatment,1,9,9
4980,treatment,1,5,10
4981,treatment,2,11,11
4982,treatment,0,11,12
4983,treatment,0,8,13
4984,treatment,2,9,14
4985,treatment,1,10,1
4986,treatment,0,6,2
4987,treatment,0,8,3
4988,treatment,2,7,4
4989,treatment,1,8,5
4990,treatment,0,8,6
4991,treatment,1,10,7
4992,treatment,1,9,8
4993,treatment,1,8,9
4994,treatment,2,9,10
4995,treatment,1,10,11
4996,treatment,0,9,12
4997,treatment,2,10,13
4998,treatment,0,6,14
4999,treatment,0,8,1
5000,treatment,1,7,2
5001,treatment,0,7,3
5002,treatment,3,10,4
5003,treatment,0,5,5
5004,treatment,1,9,6
5005,treatment,0,9,7
5006,treatment,0,7,8
5007,treatment,2,11,9
5008,treatment,0,8,10
5009,treatment,1,7,11
5010,treatment,0,4,12
5011,treatment,0,8,13
5012,treatment,1,12,14
5013,treatment,0,8,1
5014,treatment,3,10,2
5015,treatment,2,8,3
5016,treatment,2,11,4
5017,treatment,2,5,5
5018,treatment,0,8,6
5019,treatment,0,7,7
5020,treatment,1,10,8
5021,treatment,2,9,9
5022,treatment,0,8,10
5023,treatment,1,9,11
5024,treatment,0,4,12
5025,treatment,4,6,13
5026,treatment,1,7,14
5027,treatment,1,7,1
5028,treatment,3,11,2
5029,treatment,1,9,3
5030,treatment,3,12,4
5031,treatment,1,8,5
5032,treatment,1,11,6
5033,treatment,2,8,7
5034,treatment,3,5,8
5035,treatment,2,11,9
5036,treatment,0,8,10
5037,treatment,1,9,11
5038,treatment,0,9,12
5039,treatment,0,8,13
5040,treatment,0,7,14
5041,treatment,2,11,1
5042,treatment,1,10,2
5043,treatment,1,6,3
5044,treatment,0,7,4
5045,treatment,1,10,5
5046,treatment,1,10,6
5047,treatment,1,7,7
5048,treatment,0,9,8
5049,treatment,0,7,9
5050,treatment,1,8,10
5051,treatment,0,7,11
5052,treatment,0,7,12
5053,treatment,1,10,13
5054,treatment,3,11,14
5055,treatment,1,12,1
5056,treatment,0,5,2
5057,treatment,0,12,3
5058,treatment,0,9,4
5059,treatment,0,6,5
5060,treatment,1,9,6
5061,treatment,3,7,7
5062,treatment,0,7,8
5063,treatment,1,8,9
5064,treatment,2,11,10
5065,treatment,1,4,11
5066,treatment,0,7,12
5067,treatment,2,11,13
5068,treatment,0,5,14
5069,treatment,0,9,1
5070,treatment,0,7,2
5071,treatment,0,7,3
5072,treatment,2,11,4
5073,treatment,1,9,5
5074,treatment,1,9,6
5075,treatment,1,9,7
5076,treatment,0,8,8
5077,treatment,0,7,9
5078,treatment,3,9,10
5079,treatment,0,8,11
5080,treatment,0,7,12
5081,treatment,0,10,13
5082,treatment,2,10,14
5083,treatment,1,10,1
5084,treatment,0,7,2
5085,treatment,1,7,3
5086,treatment,2,8,4
5087,treatment,1,12,5
5088,treatment,1,12,6
5089,treatment,0,11,7
5090,treatment,1,10,8
5091,treatment,0,9,9
5092,treatment,1,7,10
5093,treatment,0,7,11
5094,treatment,2,10,12
5095,treatment,1,9,13
5096,treatment,1,7,14
5097,treatment,1,9,1
5098,treatment,0,8,2
5099,treatment,1,10,3
5100,treatment,1,13,4
5101,treatment,1,10,5
5102,treatment,0,4,6
5103,treatment,2,7,7
5104,treatment,2,8,8
5105,treatment,3,7,9
5106,treatment,3,12,10
5107,treatment,0,8,11
5108,treatment,0,2,12
5109,treatment,1,7,13
5110,treatment,1,9,14
5111,treatment,0,10,1
5112,treatment,0,8,2
5113,treatment,2,9,3
5114,treatment,0,9,4
5115,treatment,1,9,5
5116,treatment,0,9,6
5117,treatment,1,7,7
5118,treatment,1,13,8
5119,treatment,0,6,9
5120,treatment,2,11,10
5121,treatment,3,10,11
5122,treatment,1,13,12
5123,treatment,2,10,13
5124,treatment,2,10,14
5125,treatment,2,10,1
5126,treatment,1,8,2
5127,treatment,0,6,3
5128,treatment,2,11,4
5129,treatment,1,7,5
5130,treatment,0,2,6
5131,treatment,0,5,7
5132,treatment,1,11,8
5133,treatment,0,9,9
5134,treatment,1,7,10
5135,treatment,0,6,11
5136,treatment,1,9,12
5137,treatment,1,12,13
5138,treatment,0,9,14
5139,treatment,1,11,1
5140,treatment,0,10,2
5141,treatment,0,6,3
5142,treatment,2,10,4
5143,treatment,1,9,5
5144,treatment,0,9,6
5145,treatment,0,9,7
5146,treatment,0,9,8
5147,treatment,1,8,9
5148,treatment,1,9,10
5149,treatment,2,9,11
5150,treatment,1,9,12
5151,treatment,0,6,13
5152,treatment,0,8,14
5153,treatment,1,7,1
5154,treatment,0,7,2
5155,treatment,1,10,3
5156,treatment,2,8,4
5157,treatment,2,9,5
5158,treatment,1,9,6
5159,treatment,1,10,7
5160,treatment,3,10,8
5161,treatment,2,9,9
5162,treatment,2,11,10
5163,treatment,0,12,11
5164,treatment,2,9,12
5165,treatment,2,10,13
5166,treatment,2,10,14
5167,treatment,0,4,1
5168,treatment,2,9,2
5169,treatment,3,7,3
5170,treatment,0,10,4
5171,treatment,1,10,5
5172,treatment,2,10,6
5173,treatment,1,12,7
5174,treatment,0,9,8
5175,treatment,0,9,9
5176,treatment,0,7,10
5177,treatment,1,9,11
5178,treatment,1,9,12
5179,treatment,0,9,13
5180,treatment,3,7,14
5181,treatment,1,9,1
5182,treatment,0,8,2
5183,treatment,1,13,3
5184,treatment,0,9,4
5185,treatment,3,10,5
5186,treatment,1,6,6
5187,treatment,0,7,7
5188,treatment,0,7,8
5189,treatment,2,6,9
5190,treatment,1,10,10
5191,treatment,0,7,11
5192,treatment,1,6,12
5193,treatment,1,9,13
5194,treatment,0,7,14
5195,treatment,1,8,1
5196,treatment,1,7,2
5197,treatment,1,12,3
5198,treatment,2,5,4
5199,treatment,1,11,5
5200,treatment,1,10,6
5201,treatment,0,6,7
5202,treatment,0,8,8
5203,treatment,0,11,9
5204,treatment,0,9,10
5205,treatment,2,10,11
5206,treatment,3,11,12
5207,treatment,1,8,13
5208,treatment,0,9,14
5209,treatment,0,9,1
5210,treatment,1,6,2
5211,treatment,0,6,3
5212,treatment,1,10,4
5213,treatment,0,7,5
5214,treatment,0,6,6
5215,treatment,1,8,7
5216,treatment,2,10,8
5217,treatment,0,6,9
5218,treatment,0,7,10
5219,treatment,0,6,11
5220,treatment,1,9,12
5221,treatment,1,9,13
5222,treatment,0,6,14
5223,treatment,0,11,1
5224,treatment,3,10,2
5225,treatment,0,11,3
5226,treatment,2,11,4
5227,treatment,3,8,5
5228,treatment,2,9,6
5229,treatment,1,8,7
5230,treatment,1,9,8
5231,treatment,0,11,9
5232,treatment,0,9,10
5233,treatment,1,8,11
5234,treatment,1,8,12
5235,treatment,1,6,13
5236,treatment,2,9,14
5237,treatment,1,7,1
5238,treatment,0,9,2
5239,treatment,2,8,3
5240,treatment,0,7,4
5241,treatment,0,5,5
5242,treatment,0,8,6
5243,treatment,2,7,7
5244,treatment,3,7,8
5245,treatment,0,8,9
5246,treatment,0,9,10
5247,treatment,2,10,11
5248,treatment,1,6,12
5249,treatment,0,10,13
5250,treatment,3,11,14
5251,treatment,2,11,1
5252,treatment,2,6,2
5253,treatment,1,7,3
5254,treatment,1,8,4
5255,treatment,2,6,5
5256,treatment,4,6,6
5257,treatment,0,7,7
5258,treatment,0,7,8
5259,treatment,2,11,9
5260,treatment,1,8,10
5261,treatment,1,4,11
5262,treatment,1,7,12
5263,treatment,1,9,13
5264,treatment,2,8,14
5265,treatment,0,9,1
5266,treatment,3,8,2
5267,treatment,0,3,3
5268,treatment,3,12,4
5269,treatment,1,12,5
5270,treatment,1,7,6
5271,treatment,1,8,7
5272,treatment,3,9,8
5273,treatment,4,10,9
5274,treatment,2,10,10
5275,treatment,0,8,11
5276,treatment,1,10,12
5277,treatment,1,8,13
5278,treatment,3,7,14
5279,treatment,2,8,1
5280,treatment,2,8,2
5281,treatment,0,10,3
5282,treatment,3,8,4
5283,treatment,0,6,5
5284,treatment,1,10,6
5285,treatment,0,6,7
5286,treatment,1,7,8
5287,treatment,1,7,9
5288,treatment,1,9,10
5289,treatment,2,10,11
5290,treatment,1,10,12
5291,treatment,2,11,13
5292,treatment,1,9,14
5293,treatment,2,7,1
5294,treatment,2,11,2
5295,treatment,3,13,3
5296,treatment,0,7,4
5297,treatment,2,5,5
5298,treatment,0,8,6
5299,treatment,1,7,7
5300,treatment,2,6,8
5301,treatment,2,10,9
5302,treatment,2,8,10
5303,treatment,2,8,11
5304,treatment,0,10,12
5305,treatment,0,10,13
5306,treatment,0,7,14
5307,treatment,2,9,1
5308,treatment,1,7,2
5309,treatment,1,8,3
5310,treatment,0,9,4
5311,treatment,1,10,5
5312,treatment,1,8,6
5313,treatment,2,10,7
5314,treatment,1,9,8
5315,treatment,0,7,9
5316,treatment,2,11,10
5317,treatment,2,13,11
5318,treatment,0,6,12
5319,treatment,2,12,13
5320,treatment,2,8,14
5321,treatment,0,9,1
5322,treatment,1,8,2
5323,treatment,0,8,3
5324,treatment,2,10,4
5325,treatment,0,8,5
5326,treatment,3,10,6
5327,treatment,0,8,7
5328,treatment,0,8,8
5329,treatment,1,10,9
5330,treatment,4,10,10
5331,treatment,0,6,11
5332,treatment,0,6,12
5333,treatment,1,5,13
5334,treatment,2,5,14
5335,treatment,0,9,1
5336,treatment,0,9,2
5337,treatment,1,9,3
5338,treatment,0,6,4
5339,treatment,1,7,5
5340,treatment,1,12,6
5341,treatment,0,7,7
5342,treatment,0,11,8
5343,treatment,2,11,9
5344,treatment,1,6,10
5345,treatment,2,11,11
5346,treatment,2,9,12
5347,treatment,0,3,13
5348,treatment,0,10,14
5349,treatment,2,9,1
5350,treatment,1,10,2
5351,treatment,1,10,3
5352,treatment,0,8,4
5353,treatment,0,9,5
5354,treatment,0,7,6
5355,treatment,1,6,7
5356,treatment,0,7,8
5357,treatment,0,6,9
5358,treatment,1,8,10
5359,treatment,0,8,11
5360,treatment,1,8,12
5361,treatment,1,10,13
5362,treatment,1,11,14
5363,treatment,4,12,1
5364,treatment,1,5,2
5365,treatment,2,9,3
5366,treatment,1,9,4
5367,treatment,1,11,5
5368,treatment,0,2,6
5369,treatment,2,8,7
5370,treatment,0,6,8
5371,treatment,1,5,9
5372,treatment,0,9,10
5373,treatment,0,7,11
5374,treatment,0,9,12
5375,treatment,1,7,13
5376,treatment,1,6,14
5377,treatment,1,7,1
5378,treatment,0,6,2
5379,treatment,1,8,3
5380,treatment,1,7,4
5381,treatment,1,9,5
5382,treatment,2,9,6
5383,treatment,0,6,7
5384,treatment,1,10,8
5385,treatment,2,10,9
5386,treatment,1,8,10
5387,treatment,0,2,11
5388,treatment,1,10,12
5389,treatment,0,9,13
5390,treatment,2,7,14
5391,treatment,1,8,1
5392,treatment,0,6,2
5393,treatment,3,7,3
5394,treatment,1,10,4
5395,treatment,1,6,5
5396,treatment,0,9,6
5397,treatment,0,8,7
5398,treatment,0,7,8
5399,treatment,0,9,9
5400,treatment,0,10,10
5401,treatment,1,8,11
5402,treatment,1,11,12
5403,treatment,0,8,13
5404,treatment,0,7,14
5405,treatment,2,6,1
5406,treatment,0,5,2
5407,treatment,1,8,3
5408,treatment,2,6,4
5409,treatment,0,7,5
5410,treatment,0,6,6
5411,treatment,0,10,7
5412,treatment,1,7,8
5413,treatment,0,6,9
5414,treatment,1,9,10
5415,treatment,1,7,11
5416,treatment,1,9,12
5417,treatment,1,5,13
5418,treatment,0,8,14
5419,treatment,0,6,1
5420,treatment,2,7,2
5421,treatment,0,5,3
5422,treatment,0,11,4
5423,treatment,1,7,5
5424,treatment,1,9,6
5425,treatment,3,10,7
5426,treatment,1,10,8
5427,treatment,0,8,9
5428,treatment,0,7,10
5429,treatment,1,9,11
5430,treatment,2,11,12
5431,treatment,1,9,13
5432,treatment,1,8,14
5433,treatment,2,8,1
5434,treatment,2,9,2
5435,treatment,0,5,3
5436,treatment,1,9,4
5437,treatment,0,10,5
5438,treatment,2,10,6
5439,treatment,0,7,7
5440,treatment,2,6,8
5441,treatment,1,7,9
5442,treatment,0,7,10
5443,treatment,2,10,11
5444,treatment,0,9,12
5445,treatment,2,8,13
5446,treatment,2,12,14
5447,treatment,0,4,1
5448,treatment,3,10,2
5449,treatment,0,8,3
5450,treatment,1,7,4
5451,treatment,0,5,5
5452,treatment,3,7,6
5453,treatment,0,11,7
5454,treatment,0,8,8
5455,treatment,0,10,9
5456,treatment,0,9,10
5457,treatment,2,8,11
5458,treatment,1,6,12
5459,treatment,2,10,13
5460,treatment,2,6,14
5461,treatment,0,8,1
5462,treatment,2,7,2
5463,treatment,1,9,3
5464,treatment,2,8,4
5465,treatment,2,11,5
5466,treatment,0,8,6
5467,treatment,1,9,7
5468,treatment,1,9,8
5469,treatment,2,13,9
5470,treatment,0,7,10
5471,treatment,0,5,11
5472,treatment,1,5,12
5473,treatment,1,7,13
5474,treatment,2,8,14
5475,treatment,0,8,1
5476,treatment,0,10,2
5477,treatment,0,12,3
5478,treatment,0,9,4
5479,treatment,2,8,5
5480,treatment,0,4,6
5481,treatment,0,8,7
5482,treatment,1,8,8
5483,treatment,0,6,9
5484,treatment,0,7,10
5485,treatment,0,10,11
5486,treatment,0,8,12
5487,treatment,1,9,13
5488,treatment,2,11,14
5489,treatment,1,10,1
5490,treatment,2,7,2
5491,treatment,1,11,3
5492,treatment,1,8,4
5493,treatment,0,8,5
5494,treatment,2,8,6
5495,treatment,1,9,7
5496,treatment,1,8,8
5497,treatment,1,8,9
5498,treatment,0,6,10
5499,treatment,1,7,11
5500,treatment,1,8,12
5501,treatment,1,4,13
5502,treatment,0,6,14
5503,treatment,2,8,1
5504,treatment,0,6,2
5505,treatment,1,8,3
5506,treatment,0,6,4
5507,treatment,1,9,5
5508,treatment,3,10,6
5509,treatment,4,9,7
5510,treatment,2,9,8
5511,treatment,0,12,9
5512,treatment,1,8,10
5513,treatment,2,9,11
5514,treatment,1,10,12
5515,treatment,0,10,13
5516,treatment,0,7,14
5517,treatment,2,13,1
5518,treatment,0,8,2
5519,treatment,0,9,3
5520,treatment,1,8,4
5521,treatment,0,6,5
5522,treatment,1,8,6
5523,treatment,0,10,7
5524,treatment,1,7,8
5525,treatment,0,10,9
5526,treatment,2,11,10
5527,treatment,2,5,11
5528,treatment,0,7,12
5529,treatment,0,8,13
5530,treatment,1,8,14
5531,treatment,0,6,1
5532,treatment,1,8,2
5533,treatment,1,10,3
5534,treatment,0,9,4
5535,treatment,0,8,5
5536,treatment,0,10,6
5537,treatment,1,3,7
5538,treatment,2,4,8
5539,treatment,0,9,9
5540,treatment,1,9,10
5541,treatment,2,9,11
5542,treatment,0,7,12
5543,treatment,1,5,13
5544,treatment,2,12,14
5545,treatment,1,10,1
5546,treatment,0,7,2
5547,treatment,0,10,3
5548,treatment,0,8,4
5549,treatment,0,10,5
5550,treatment,1,7,6
5551,treatment,2,8,7
5552,treatment,1,10,8
5553,treatment,1,9,9
5554,treatment,2,8,10
5555,treatment,0,11,11
5556,treatment,1,9,12
5557,treatment,0,5,13
5558,treatment,1,9,14
5559,treatment,1,9,1
5560,treatment,2,8,2
5561,treatment,0,9,3
5562,treatment,1,7,4
5563,treatment,1,3,5
5564,treatment,3,5,6
5565,treatment,3,9,7
5566,treatment,1,10,8
5567,treatment,1,11,9
5568,treatment,1,7,10
5569,treatment,1,8,11
5570,treatment,1,6,12
5571,treatment,0,7,13
5572,treatment,1,9,14
5573,treatment,3,10,1
5574,treatment,2,6,2
5575,treatment,3,13,3
5576,treatment,0,8,4
5577,treatment,0,5,5
5578,treatment,1,11,6
5579,treatment,0,7,7
5580,treatment,0,10,8
5581,treatment,2,6,9
5582,treatment,0,10,10
5583,treatment,2,10,11
5584,treatment,1,8,12
5585,treatment,0,7,13
5586,treatment,0,11,14
5587,treatment,1,10,1
5588,treatment,1,7,2
5589,treatment,0,6,3
5590,treatment,0,12,4
5591,treatment,1,10,5
5592,treatment,0,10,6
5593,treatment,1,8,7
5594,treatment,1,10,8
5595,treatment,1,9,9
5596,treatment,0,11,10
5597,treatment,0,10,11
5598,treatment,3,8,12
5599,treatment,0,8,13
5600,treatment,1,9,14
5601,treatment,2,8,1
5602,treatment,0,7,2
5603,treatment,0,5,3
5604,treatment,1,8,4
5605,treatment,1,7,5
5606,treatment,0,11,6
5607,treatment,0,8,7
5608,treatment,1,8,8
5609,treatment,3,11,9
5610,treatment,1,4,10
5611,treatment,1,5,11
5612,treatment,0,9,12
5613,treatment,1,6,13
5614,treatment,2,6,14
5615,treatment,2,11,1
5616,treatment,0,8,2
5617,treatment,0,5,3
5618,treatment,2,8,4
5619,treatment,1,8,5
5620,treatment,0,7,6
5621,treatment,0,7,7
5622,treatment,0,7,8
5623,treatment,1,9,9
5624,treatment,1,8,10
5625,treatment,1,7,11
5626,treatment,1,11,12
5627,treatment,1,9,13
5628,treatment,0,9,14
5629,treatment,1,8,1
5630,treatment,0,11,2
5631,treatment,2,8,3
5632,treatment,2,5,4
5633,treatment,2,9,5
5634,treatment,0,7,6
5635,treatment,0,9,7
5636,treatment,2,12,8
5637,treatment,1,7,9
5638,treatment,0,7,10
5639,treatment,1,6,11
5640,treatment,2,9,12
5641,treatment,0,4,13
5642,treatment,1,8,14
5643,treatment,1,11,1
5644,treatment,1,7,2
5645,treatment,0,6,3
5646,treatment,0,7,4
5647,treatment,1,8,5
5648,treatment,1,7,6
5649,treatment,0,9,7
5650,treatment,0,7,8
5651,treatment,3,8,9
5652,treatment,2,11,10
5653,treatment,2,9,11
5654,treatment,2,11,12
5655,treatment,0,8,13
5656,treatment,4,7,14
5657,treatment,0,6,1
5658,treatment,1,7,2
5659,treatment,1,10,3
5660,treatment,1,5,4
5661,treatment,0,11,5
5662,treatment,2,9,6
5663,treatment,0,5,7
5664,treatment,1,10,8
5665,treatment,2,13,9
5666,treatment,0,6,10
5667,treatment,1,9,11
5668,treatment,0,11,12
5669,treatment,1,8,13
5670,treatment,0,7,14
5671,treatment,1,10,1
5672,treatment,0,5,2
5673,treatment,0,8,3
5674,treatment,1,10,4
5675,treatment,0,6,5
5676,treatment,0,7,6
5677,treatment,1,8,7
5678,treatment,1,9,8
5679,treatment,0,7,9
5680,treatment,2,7,10
5681,treatment,0,8,11
5682,treatment,0,9,12
5683,treatment,1,9,13
5684,treatment,1,6,14
5685,treatment,1,8,1
5686,treatment,2,8,2
5687,treatment,1,12,3
5688,treatment,0,7,4
5689,treatment,1,10,5
5690,treatment,0,8,6
5691,treatment,0,10,7
5692,treatment,3,9,8
5693,treatment,1,9,9
5694,treatment,4,9,10
5695,treatment,0,9,11
5696,treatment,0,6,12
5697,treatment,0,10,13
5698,treatment,1,11,14
5699,treatment,0,7,1
5700,treatment,1,10,2
5701,treatment,1,7,3
5702,treatment,2,7,4
5703,treatment,0,8,5
5704,treatment,1,6,6
5705,treatment,1,8,7
5706,treatment,0,7,8
5707,treatment,0,7,9
5708,treatment,2,9,10
5709,treatment,0,8,11
5710,treatment,0,6,12
5711,treatment,0,4,13
5712,treatment,1,8,14
5713,treatment,0,9,1
5714,treatment,0,6,2
5715,treatment,2,7,3
5716,treatment,1,6,4
5717,treatment,2,11,5
5718,treatment,1,10,6
5719,treatment,1,9,7
5720,treatment,0,8,8
5721,treatment,2,10,9
5722,treatment,1,12,10
5723,treatment,1,11,11
5724,treatment,0,5,12
5725,treatment,1,10,13
5726,treatment,1,5,14
5727,treatment,0,8,1
5728,treatment,2,11,2
5729,treatment,2,8,3
5730,treatment,0,10,4
5731,treatment,3,10,5
5732,treatment,1,13,6
5733,treatment,0,9,7
5734,treatment,1,6,8
5735,treatment,0,9,9
5736,treatment,2,8,10
5737,treatment,2,8,11
5738,treatment,4,7,12
5739,treatment,1,7,13
5740,treatment,0,8,14
5741,treatment,3,8,1
5742,treatment,1,6,2
5743,treatment,0,10,3
5744,treatment,2,7,4
5745,treatment,0,7,5
5746,treatment,0,9,6
5747,treatment,1,7,7
5748,treatment,2,9,8
5749,treatment,3,9,9
5750,treatment,0,11,10
5751,treatment,1,8,11
5752,treatment,1,6,12
5753,treatment,1,12,13
5754,treatment,1,6,14
5755,treatment,1,9,1
5756,treatment,0,7,2
5757,treatment,1,10,3
5758,treatment,2,6,4
5759,treatment,2,8,5
5760,treatment,2,10,6
5761,treatment,2,11,7
5762,treatment,0,8,8
5763,treatment,0,10,9
5764,treatment,1,8,10
5765,treatment,1,8,11
5766,treatment,3,11,12
5767,treatment,1,10,13
5768,treatment,0,8,14
5769,treatment,1,10,1
5770,treatment,0,7,2
5771,treatment,0,6,3
5772,treatment,0,9,4
5773,treatment,1,8,5
5774,treatment,1,5,6
5775,treatment,0,8,7
5776,treatment,1,7,8
5777,treatment,0,9,9
5778,treatment,1,8,10
5779,treatment,0,10,11
5780,treatment,0,6,12
5781,treatment,3,10,13
5782,treatment,2,8,14
5783,treatment,1,7,1
5784,treatment,2,8,2
5785,treatment,0,5,3
5786,treatment,0,9,4
5787,treatment,1,6,5
5788,treatment,3,12,6
5789,treatment,1,11,7
5790,treatment,1,7,8
5791,treatment,1,6,9
5792,treatment,1,8,10
5793,treatment,0,6,11
5794,treatment,0,7,12
5795,treatment,1,7,13
5796,treatment,1,8,14
5797,treatment,0,9,1
5798,treatment,0,10,2
5799,treatment,0,8,3
5800,treatment,2,8,4
5801,treatment,0,10,5
5802,treatment,1,11,6
5803,treatment,0,9,7
5804,treatment,1,5,8
5805,treatment,0,8,9
5806,treatment,0,7,10
5807,treatment,1,6,11
5808,treatment,1,12,12
5809,treatment,1,7,13
5810,treatment,0,7,14
5811,treatment,0,7,1
5812,treatment,0,5,2
5813,treatment,1,9,3
5814,treatment,1,4,4
5815,treatment,0,8,5
5816,treatment,1,8,6
5817,treatment,1,11,7
5818,treatment,1,13,8
5819,treatment,1,10,9
5820,treatment,3,10,10
5821,treatment,1,6,11
5822,treatment,1,9,12
5823,treatment,1,9,13
5824,treatment,4,8,14
5825,treatment,1,11,1
5826,treatment,0,3,2
5827,treatment,3,12,3
5828,treatment,0,9,4
5829,treatment,1,8,5
5830,treatment,1,8,6
5831,treatment,0,7,7
5832,treatment,2,10,8
5833,treatment,1,5,9
5834,treatment,1,8,10
5835,treatment,1,6,11
5836,treatment,3,8,12
5837,treatment,2,10,13
5838,treatment,0,11,14
5839,treatment,0,6,1
5840,treatment,0,8,2
5841,treatment,1,10,3
5842,treatment,0,10,4
5843,treatment,0,6,5
5844,treatment,0,6,6
5845,treatment,0,9,7
5846,treatment,2,12,8
5847,treatment,2,11,9
5848,treatment,0,4,10
5849,treatment,2,7,11
5850,treatment,0,8,12
5851,treatment,1,9,13
5852,treatment,1,13,14
5853,treatment,0,8,1
5854,treatment,0,8,2
5855,treatment,1,9,3
5856,treatment,2,10,4
5857,treatment,1,8,5
5858,treatment,0,4,6
5859,treatment,0,10,7
5860,treatment,0,10,8
5861,treatment,1,10,9
5862,treatment,0,9,10
5863,treatment,0,13,11
5864,treatment,1,8,12
5865,treatment,0,9,13
5866,treatment,1,10,14
5867,treatment,0,11,1
5868,treatment,0,7,2
5869,treatment,1,7,3
5870,treatment,1,10,4
5871,treatment,0,5,5
5872,treatment,0,8,6
5873,treatment,1,9,7
5874,treatment,0,7,8
5875,treatment,1,10,9
5876,treatment,2,10,10
5877,treatment,0,9,11
5878,treatment,1,7,12
5879,treatment,3,11,13
5880,treatment,1,6,14
5881,treatment,0,6,1
5882,treatment,1,9,2
5883,treatment,0,8,3
5884,treatment,1,9,4
5885,treatment,0,7,5
5886,treatment,0,9,6
5887,treatment,0,9,7
5888,treatment,1,9,8
5889,treatment,1,7,9
5890,treatment,0,7,10
5891,treatment,1,7,11
5892,treatment,1,8,12
5893,treatment,2,10,13
5894,treatment,4,9,14
5895,treatment,0,9,1
5896,treatment,0,8,2
5897,treatment,1,9,3
5898,treatment,0,9,4
5899,treatment,2,10,5
5900,treatment,1,8,6
5901,treatment,0,6,7
5902,treatment,0,5,8
5903,treatment,1,10,9
5904,treatment,0,6,10
5905,treatment,2,9,11
5906,treatment,1,9,12
5907,treatment,0,6,13
5908,treatment,1,7,14
5909,treatment,1,7,1
5910,treatment,4,10,2
5911,treatment,2,5,3
5912,treatment,2,10,4
5913,treatment,1,10,5
5914,treatment,3,11,6
5915,treatment,1,9,7
5916,treatment,1,7,8
5917,treatment,0,8,9
5918,treatment,2,8,10
5919,treatment,1,10,11
5920,treatment,0,8,12
5921,treatment,0,9,13
5922,treatment,1,11,14
5923,treatment,0,5,1
5924,treatment,0,9,2
5925,treatment,2,12,3
5926,treatment,0,6,4
5927,treatment,2,8,5
5928,treatment,2,11,6
5929,treatment,0,9,7
5930,treatment,1,11,8
5931,treatment,3,13,9
5932,treatment,1,7,10
5933,treatment,4,11,11
5934,treatment,1,6,12
5935,treatment,2,6,13
5936,treatment,0,9,14
5937,treatment,0,3,1
5938,treatment,0,9,2
5939,treatment,2,13,3
5940,treatment,1,11,4
5941,treatment,1,11,5
5942,treatment,1,8,6
5943,treatment,1,10,7
5944,treatment,1,9,8
5945,treatment,0,10,9
5946,treatment,2,6,10
5947,treatment,1,11,11
5948,treatment,0,11,12
5949,treatment,0,10,13
5950,treatment,1,10,14
5951,treatment,0,8,1
5952,treatment,1,10,2
5953,treatment,3,12,3
5954,treatment,1,11,4
5955,treatment,2,8,5
5956,treatment,1,5,6
5957,treatment,1,9,7
5958,treatment,1,12,8
5959,treatment,2,8,9
5960,treatment,3,9,10
5961,treatment,1,9,11
5962,treatment,0,5,12
5963,treatment,0,13,13
5964,treatment,1,6,14
5965,treatment,0,9,1
5966,treatment,2,12,2
5967,treatment,1,9,3
5968,treatment,2,9,4
5969,treatment,0,11,5
5970,treatment,2,9,6
5971,treatment,1,9,7
5972,treatment,0,6,8
5973,treatment,2,6,9
5974,treatment,2,5,10
5975,treatment,1,9,11
5976,treatment,1,8,12
5977,treatment,2,13,13
5978,treatment,2,10,14
5979,treatment,3,11,1
5980,treatment,0,3,2
5981,treatment,0,6,3
5982,treatment,1,5,4
5983,treatment,1,8,5
5984,treatment,0,11,6
5985,treatment,1,10,7
5986,treatment,0,4,8
5987,treatment,0,8,9
5988,treatment,0,9,10
5989,treatment,1,7,11
5990,treatment,3,8,12
5991,treatment,1,4,13
5992,treatment,0,5,14
5993,treatment,0,6,1
5994,treatment,1,12,2
5995,treatment,1,9,3
5996,treatment,0,6,4
5997,treatment,0,11,5
5998,treatment,0,9,6
5999,treatment,0,8,7
6000,treatment,2,7,8
6001,treatment,1,6,9
6002,treatment,1,9,10
6003,treatment,1,8,11
6004,treatment,0,9,12
6005,treatment,2,7,13
6006,treatment,1,8,14
6007,treatment,1,7,1
6008,treatment,2,10,2
6009,treatment,2,10,3
6010,treatment,1,10,4
6011,treatment,1,11,5
6012,treatment,0,11,6
6013,treatment,1,9,7
6014,treatment,1,10,8
6015,treatment,1,6,9
6016,treatment,2,8,10
6017,treatment,0,11,11
6018,treatment,1,12,12
6019,treatment,3,12,13
6020,treatment,0,10,14
6021,treatment,0,8,1
6022,treatment,0,8,2
6023,treatment,1,8,3
6024,treatment,1,11,4
6025,treatment,2,6,5
6026,treatment,2,7,6
6027,treatment,1,7,7
6028,treatment,1,11,8
6029,treatment,0,11,9
6030,treatment,1,8,10
6031,treatment,1,13,11
6032,treatment,2,10,12
6033,treatment,1,6,13
6034,treatment,0,7,14
6035,treatment,1,9,1
6036,treatment,1,9,2
6037,treatment,3,9,3
6038,treatment,3,9,4
6039,treatment,2,7,5
6040,treatment,0,8,6
6041,treatment,0,8,7
6042,treatment,2,12,8
6043,treatment,0,8,9
6044,treatment,0,6,10
6045,treatment,0,8,11
6046,treatment,0,9,12
6047,treatment,0,8,13
6048,treatment,0,8,14
6049,treatment,0,11,1
6050,treatment,2,12,2
6051,treatment,0,8,3
6052,treatment,1,11,4
6053,treatment,0,9,5
6054,treatment,0,6,6
6055,treatment,1,10,7
6056,treatment,0,5,8
6057,treatment,0,10,9
6058,treatment,1,11,10
6059,treatment,1,9,11
6060,treatment,0,8,12
6061,treatment,0,5,13
6062,treatment,0,8,14
6063,treatment,1,5,1
6064,treatment,4,6,2
6065,treatment,1,7,3
6066,treatment,0,7,4
6067,treatment,1,8,5
6068,treatment,1,8,6
6069,treatment,0,10,7
6070,treatment,0,9,8
6071,treatment,0,8,9
6072,treatment,0,5,10
6073,treatment,2,11,11
6074,treatment,1,11,12
6075,treatment,0,5,13
6076,treatment,0,9,14
6077,treatment,1,6,1
6078,treatment,0,8,2
6079,treatment,3,9,3
6080,treatment,1,9,4
6081,treatment,2,9,5
6082,treatment,1,12,6
6083,treatment,0,4,7
6084,treatment,1,7,8
6085,treatment,0,7,9
6086,treatment,1,6,10
6087,treatment,0,12,11
6088,treatment,3,12,12
6089,treatment,2,8,13
6090,treatment,0,7,14
6091,treatment,3,7,1
6092,treatment,1,7,2
6093,treatment,2,10,3
6094,treatment,0,7,4
6095,treatment,2,8,5
6096,treatment,2,8,6
6097,treatment,1,5,7
6098,treatment,2,10,8
6099,treatment,1,6,9
6100,treatment,2,7,10
6101,treatment,1,5,11
6102,treatment,0,8,12
6103,treatment,0,8,13
6104,treatment,1,4,14
6105,treatment,2,7,1
6106,treatment,2,9,2
6107,treatment,3,11,3
6108,treatment,1,9,4
6109,treatment,0,6,5
6110,treatment,1,8,6
6111,treatment,0,7,7
6112,treatment,0,10,8
6113,treatment,1,9,9
6114,treatment,0,5,10
6115,treatment,1,8,11
6116,treatment,0,6,12
6117,treatment,2,5,13
6118,treatment,4,10,14
6119,treatment,0,4,1
6120,treatment,1,8,2
6121,treatment,0,9,3
6122,treatment,3,8,4
6123,treatment,1,5,5
6124,treatment,1,6,6
6125,treatment,1,9,7
6126,treatment,2,12,8
6127,treatment,1,9,9
6128,treatment,1,10,10
6129,treatment,2,8,11
6130,treatment,1,10,12
6131,treatment,1,8,13
6132,treatment,2,9,14
6133,treatment,1,8,1
6134,treatment,1,10,2
6135,treatment,0,6,3
6136,treatment,1,8,4
6137,treatment,2,8,5
6138,treatment,0,5,6
6139,treatment,1,8,7
6140,treatment,0,10,8
6141,treatment,2,11,9
6142,treatment,0,7,10
6143,treatment,0,10,11
6144,treatment,2,7,12
6145,treatment,1,8,13
6146,treatment,1,8,14
6147,treatment,2,10,1
6148,treatment,0,8,2
6149,treatment,0,9,3
6150,treatment,0,6,4
6151,treatment,2,11,5
6152,treatment,0,7,6
6153,treatment,0,9,7
6154,treatment,2,10,8
6155,treatment,0,7,9
6156,treatment,2,10,10
6157,treatment,0,7,11
6158,treatment,0,7,12
6159,treatment,0,6,13
6160,treatment,1,13,14
6161,treatment,0,5,1
6162,treatment,2,11,2
6163,treatment,1,9,3
6164,treatment,2,8,4
6165,treatment,1,9,5
6166,treatment,1,8,6
6167,treatment,2,10,7
6168,treatment,3,8,8
6169,treatment,1,6,9
6170,treatment,1,5,10
6171,treatment,0,10,11
6172,treatment,1,12,12
6173,treatment,0,9,13
6174,treatment,2,11,14
6175,treatment,1,10,1
6176,treatment,0,6,2
6177,treatment,0,8,3
6178,treatment,2,9,4
6179,treatment,1,11,5
6180,treatment,0,9,6
6181,treatment,1,6,7
6182,treatment,2,10,8
6183,treatment,1,9,9
6184,treatment,1,8,10
6185,treatment,0,8,11
6186,treatment,1,7,12
6187,treatment,0,8,13
6188,treatment,3,9,14
6189,treatment,1,10,1
6190,treatment,0,11,2
6191,treatment,1,6,3
6192,treatment,1,7,4
6193,treatment,1,6,5
6194,treatment,0,9,6
6195,treatment,1,10,7
6196,treatment,2,7,8
6197,treatment,1,8,9
6198,treatment,2,10,10
6199,treatment,1,7,11
6200,treatment,1,10,12
6201,treatment,2,7,13
6202,treatment,0,9,14
6203,treatment,0,2,1
6204,treatment,2,9,2
6205,treatment,0,10,3
6206,treatment,0,8,4
6207,treatment,0,6,5
6208,treatment,0,8,6
6209,treatment,0,8,7
6210,treatment,1,9,8
6211,treatment,1,8,9
6212,treatment,0,3,10
6213,treatment,2,7,11
6214,treatment,0,8,12
6215,treatment,0,9,13
6216,treatment,0,9,14
6217,treatment,3,12,1
6218,treatment,1,10,2
6219,treatment,1,9,3
6220,treatment,0,7,4
6221,treatment,0,6,5
6222,treatment,0,11,6
6223,treatment,0,8,7
6224,treatment,0,8,8
6225,treatment,2,8,9
6226,treatment,1,8,10
6227,treatment,2,7,11
6228,treatment,1,7,12
6229,treatment,0,9,13
6230,treatment,3,9,14
6231,treatment,1,7,1
6232,treatment,4,10,2
6233,treatment,1,10,3
6234,treatment,0,8,4
6235,treatment,1,5,5
6236,treatment,2,7,6
6237,treatment,1,6,7
6238,treatment,0,13,8
6239,treatment,0,9,9
6240,treatment,0,7,10
6241,treatment,1,6,11
6242,treatment,1,12,12
6243,treatment,1,8,13
6244,treatment,0,8,14
6245,treatment,0,7,1
6246,treatment,0,8,2
6247,treatment,1,8,3
6248,treatment,0,7,4
6249,treatment,1,10,5
6250,treatment,2,11,6
6251,treatment,1,10,7
6252,treatment,2,9,8
6253,treatment,1,9,9
6254,treatment,0,4,10
6255,treatment,1,6,11
6256,treatment,1,6,12
6257,treatment,1,7,13
6258,treatment,1,7,14
6259,treatment,2,5,1
6260,treatment,1,4,2
6261,treatment,2,6,3
6262,treatment,1,8,4
6263,treatment,0,7,5
6264,treatment,1,11,6
6265,treatment,2,6,7
6266,treatment,0,8,8
6267,treatment,2,12,9
6268,treatment,0,5,10
6269,treatment,2,8,11
6270,treatment,0,10,12
6271,treatment,0,8,13
6272,treatment,1,10,14
6273,treatment,2,6,1
6274,treatment,0,8,2
6275,treatment,0,8,3
6276,treatment,2,9,4
6277,treatment,1,9,5
6278,treatment,1,7,6
6279,treatment,0,9,7
6280,treatment,1,8,8
6281,treatment,1,8,9
6282,treatment,1,8,10
6283,treatment,0,6,11
6284,treatment,0,5,12
6285,treatment,1,10,13
6286,treatment,0,5,14
6287,treatment,1,9,1
6288,treatment,1,9,2
6289,treatment,1,3,3
6290,treatment,1,8,4
6291,treatment,0,9,5
6292,treatment,0,7,6
6293,treatment,1,6,7
6294,treatment,0,8,8
6295,treatment,2,10,9
6296,treatment,1,10,10
6297,treatment,3,7,11
6298,treatment,2,10,12
6299,treatment,1,9,13
6300,treatment,0,7,14
6301,treatment,1,11,1
6302,treatment,1,10,2
6303,treatment,1,5,3
6304,treatment,0,8,4
6305,treatment,1,10,5
6306,treatment,1,10,6
6307,treatment,1,9,7
6308,treatment,1,9,8
6309,treatment,1,10,9
6310,treatment,0,7,10
6311,treatment,1,8,11
6312,treatment,0,10,12
6313,treatment,0,10,13
6314,treatment,0,9,14
6315,treatment,1,6,1
6316,treatment,1,6,2
6317,treatment,0,10,3
6318,treatment,1,7,4
6319,treatment,1,9,5
6320,treatment,1,6,6
6321,treatment,1,10,7
6322,treatment,0,7,8
6323,treatment,1,11,9
6324,treatment,1,9,10
6325,treatment,3,10,11
6326,treatment,0,6,12
6327,treatment,1,9,13
6328,treatment,0,6,14
6329,treatment,1,7,1
6330,treatment,0,2,2
6331,treatment,0,9,3
6332,treatment,0,9,4
6333,treatment,1,7,5
6334,treatment,2,7,6
6335,treatment,1,6,7
6336,treatment,2,9,8
6337,treatment,0,10,9
6338,treatment,2,7,10
6339,treatment,0,8,11
6340,treatment,0,8,12
6341,treatment,0,8,13
6342,treatment,4,8,14
6343,treatment,1,8,1
6344,treatment,0,8,2
6345,treatment,1,5,3
6346,treatment,0,9,4
6347,treatment,1,8,5
6348,treatment,0,7,6
6349,treatment,0,6,7
6350,treatment,2,12,8
6351,treatment,0,6,9
6352,treatment,0,6,10
6353,treatment,0,9,11
6354,treatment,1,4,12
6355,treatment,0,11,13
6356,treatment,2,7,14
6357,treatment,1,12,1
6358,treatment,1,7,2
6359,treatment,1,8,3
6360,treatment,1,9,4
6361,treatment,1,11,5
6362,treatment,2,12,6
6363,treatment,1,9,7
6364,treatment,1,7,8
6365,treatment,0,9,9
6366,treatment,1,4,10
6367,treatment,0,11,11
6368,treatment,2,7,12
6369,treatment,1,10,13
6370,treatment,0,5,14
6371,treatment,1,12,1
6372,treatment,0,7,2
6373,treatment,0,7,3
6374,treatment,1,6,4
6375,treatment,0,10,5
6376,treatment,0,7,6
6377,treatment,0,6,7
6378,treatment,1,9,8
6379,treatment,0,8,9
6380,treatment,2,9,10
6381,treatment,2,9,11
6382,treatment,2,9,12
6383,treatment,0,9,13
6384,treatment,0,5,14
6385,treatment,1,11,1
6386,treatment,1,8,2
6387,treatment,2,9,3
6388,treatment,2,8,4
6389,treatment,1,8,5
6390,treatment,0,7,6
6391,treatment,2,8,7
6392,treatment,4,9,8
6393,treatment,0,8,9
6394,treatment,3,9,10
6395,treatment,0,6,11
6396,treatment,2,8,12
6397,treatment,0,11,13
6398,treatment,1,10,14
6399,treatment,1,10,1
6400,treatment,1,5,2
6401,treatment,1,5,3
6402,treatment,0,12,4
6403,treatment,0,11,5
6404,treatment,1,7,6
6405,treatment,2,8,7
6406,treatment,0,6,8
6407,treatment,1,13,9
6408,treatment,0,7,10
6409,treatment,2,8,11
6410,treatment,3,9,12
6411,treatment,2,9,13
6412,treatment,0,6,14
6413,treatment,2,10,1
6414,treatment,1,8,2
6415,treatment,2,8,3
6416,treatment,1,7,4
6417,treatment,2,10,5
6418,treatment,2,8,6
6419,treatment,2,9,7
6420,treatment,0,8,8
6421,treatment,1,9,9
6422,treatment,0,10,10
6423,treatment,0,6,11
6424,treatment,0,7,12
6425,treatment,3,9,13
6426,treatment,1,7,14
6427,treatment,0,11,1
6428,treatment,1,9,2
6429,treatment,2,9,3
6430,treatment,2,6,4
6431,treatment,1,10,5
6432,treatment,0,10,6
6433,treatment,0,6,7
6434,treatment,2,9,8
6435,treatment,1,7,9
6436,treatment,1,5,10
6437,treatment,1,9,11
6438,treatment,1,4,12
6439,treatment,2,9,13
6440,treatment,0,6,14
6441,treatment,0,8,1
6442,treatment,2,11,2
6443,treatment,1,7,3
6444,treatment,2,7,4
6445,treatment,0,8,5
6446,treatment,2,7,6
6447,treatment,0,8,7
6448,treatment,1,11,8
6449,treatment,1,9,9
6450,treatment,1,7,10
6451,treatment,1,7,11
6452,treatment,0,7,12
6453,treatment,0,10,13
6454,treatment,0,10,14
6455,treatment,3,12,1
6456,treatment,0,4,2
6457,treatment,1,4,3
6458,treatment,4,9,4
6459,treatment,0,9,5
6460,treatment,1,10,6
6461,treatment,1,4,7
6462,treatment,2,11,8
6463,treatment,3,8,9
6464,treatment,4,9,10
6465,treatment,0,5,11
6466,treatment,1,10,12
6467,treatment,1,6,13
6468,treatment,0,8,14
6469,treatment,1,8,1
6470,treatment,0,5,2
6471,treatment,1,10,3
6472,treatment,1,8,4
6473,treatment,1,8,5
6474,treatment,0,4,6
6475,treatment,0,9,7
6476,treatment,0,7,8
6477,treatment,1,12,9
6478,treatment,0,5,10
6479,treatment,0,7,11
6480,treatment,0,10,12
6481,treatment,3,10,13
6482,treatment,1,7,14
6483,treatment,2,8,1
6484,treatment,0,4,2
6485,treatment,0,9,3
6486,treatment,2,7,4
6487,treatment,1,8,5
6488,treatment,0,9,6
6489,treatment,1,8,7
6490,treatment,0,8,8
6491,treatment,1,9,9
6492,treatment,0,10,10
6493,treatment,1,12,11
6494,treatment,2,9,12
6495,treatment,0,5,13
6496,treatment,2,8,14
6497,treatment,1,7,1
6498,treatment,2,10,2
6499,treatment,1,8,3
6500,treatment,2,12,4
6501,treatment,2,6,5
6502,treatment,3,11,6
6503,treatment,1,10,7
6504,treatment,1,8,8
6505,treatment,3,8,9
6506,treatment,1,8,10
6507,treatment,1,9,11
6508,treatment,1,8,12
6509,treatment,1,6,13
6510,treatment,1,7,14
6511,treatment,2,11,1
6512,treatment,2,12,2
6513,treatment,0,3,3
6514,treatment,1,9,4
6515,treatment,0,9,5
6516,treatment,0,5,6
6517,treatment,3,8,7
6518,treatment,1,7,8
6519,treatment,1,7,9
6520,treatment,2,9,10
6521,treatment,0,10,11
6522,treatment,0,11,12
6523,treatment,1,7,13
6524,treatment,2,7,14
6525,treatment,0,7,1
6526,treatment,1,5,2
6527,treatment,0,8,3
6528,treatment,0,7,4
6529,treatment,1,2,5
6530,treatment,1,8,6
6531,treatment,1,4,7
6532,treatment,1,9,8
6533,treatment,0,9,9
6534,treatment,1,7,10
6535,treatment,3,11,11
6536,treatment,0,9,12
6537,treatment,0,10,13
6538,treatment,0,4,14
6539,treatment,1,14,1
6540,treatment,2,7,2
6541,treatment,1,10,3
6542,treatment,0,4,4
6543,treatment,0,8,5
6544,treatment,1,8,6
6545,treatment,0,7,7
6546,treatment,2,11,8
6547,treatment,1,8,9
6548,treatment,0,5,10
6549,treatment,2,9,11
6550,treatment,0,5,12
6551,treatment,0,7,13
6552,treatment,1,8,14
6553,treatment,0,5,1
6554,treatment,2,10,2
6555,treatment,2,10,3
6556,treatment,0,8,4
6557,treatment,1,9,5
6558,treatment,0,9,6
6559,treatment,1,10,7
6560,treatment,1,9,8
6561,treatment,0,11,9
6562,treatment,1,9,10
6563,treatment,3,7,11
6564,treatment,1,7,12
6565,treatment,1,8,13
6566,treatment,1,9,14
6567,treatment,0,11,1
6568,treatment,2,8,2
6569,treatment,1,13,3
6570,treatment,2,10,4
6571,treatment,1,10,5
6572,treatment,0,11,6
6573,treatment,3,10,7
6574,treatment,0,8,8
6575,treatment,2,9,9
6576,treatment,3,10,10
6577,treatment,0,12,11
6578,treatment,1,5,12
6579,treatment,1,5,13
6580,treatment,1,7,14
6581,treatment,0,9,1
6582,treatment,1,12,2
6583,treatment,0,6,3
6584,treatment,2,7,4
6585,treatment,2,8,5
6586,treatment,0,10,6
6587,treatment,1,8,7
6588,treatment,2,8,8
6589,treatment,2,9,9
6590,treatment,1,7,10
6591,treatment,1,12,11
6592,treatment,1,9,12
6593,treatment,1,9,13
6594,treatment,1,8,14
6595,treatment,0,6,1
6596,treatment,3,11,2
6597,treatment,0,9,3
6598,treatment,2,8,4
6599,treatment,0,5,5
6600,treatment,2,9,6
6601,treatment,1,5,7
6602,treatment,2,7,8
6603,treatment,0,5,9
6604,treatment,2,9,10
6605,treatment,2,12,11
6606,treatment,2,9,12
6607,treatment,1,9,13
6608,treatment,0,6,14
6609,treatment,1,9,1
6610,treatment,1,7,2
6611,treatment,0,8,3
6612,treatment,1,8,4
6613,treatment,2,8,5
6614,treatment,3,9,6
6615,treatment,1,7,7
6616,treatment,1,10,8
6617,treatment,1,7,9
6618,treatment,1,8,10
6619,treatment,0,7,11
6620,treatment,1,7,12
6621,treatment,0,7,13
6622,treatment,4,10,14
6623,treatment,3,8,1
6624,treatment,0,7,2
6625,treatment,0,9,3
6626,treatment,1,7,4
6627,treatment,0,5,5
6628,treatment,1,8,6
6629,treatment,3,9,7
6630,treatment,2,8,8
6631,treatment,1,10,9
6632,treatment,2,12,10
6633,treatment,1,10,11
6634,treatment,1,9,12
6635,treatment,1,9,13
6636,treatment,2,7,14
6637,treatment,0,8,1
6638,treatment,1,10,2
6639,treatment,1,9,3
6640,treatment,2,8,4
6641,treatment,0,8,5
6642,treatment,2,6,6
6643,treatment,0,6,7
6644,treatment,2,8,8
6645,treatment,3,12,9
6646,treatment,0,7,10
6647,treatment,0,12,11
6648,treatment,1,11,12
6649,treatment,2,6,13
6650,treatment,3,9,14
6651,treatment,1,9,1
6652,treatment,2,10,2
6653,treatment,2,7,3
6654,treatment,0,11,4
6655,treatment,0,7,5
6656,treatment,1,8,6
6657,treatment,1,6,7
6658,treatment,2,9,8
6659,treatment,0,8,9
6660,treatment,3,8,10
6661,treatment,0,8,11
6662,treatment,2,6,12
6663,treatment,0,10,13
6664,treatment,2,8,14
6665,treatment,1,11,1
6666,treatment,3,11,2
6667,treatment,1,7,3
6668,treatment,0,6,4
6669,treatment,1,10,5
6670,treatment,0,6,6
6671,treatment,2,10,7
6672,treatment,0,8,8
6673,treatment,1,9,9
6674,treatment,0,6,10
6675,treatment,0,5,11
6676,treatment,2,9,12
6677,treatment,0,6,13
6678,treatment,1,9,14
6679,treatment,1,8,1
6680,treatment,3,9,2
6681,treatment,0,9,3
6682,treatment,1,10,4
6683,treatment,0,7,5
6684,treatment,0,8,6
6685,treatment,0,8,7
6686,treatment,1,11,8
6687,treatment,0,8,9
6688,treatment,1,6,10
6689,treatment,0,8,11
6690,treatment,1,7,12
6691,treatment,0,8,13
6692,treatment,0,10,14
6693,treatment,0,5,1
6694,treatment,0,10,2
6695,treatment,0,7,3
6696,treatment,1,6,4
6697,treatment,0,10,5
6698,treatment,1,10,6
6699,treatment,2,11,7
6700,treatment,2,8,8
6701,treatment,0,9,9
6702,treatment,0,6,10
6703,treatment,0,10,11
6704,treatment,2,10,12
6705,treatment,1,8,13
6706,treatment,1,9,14
6707,treatment,3,11,1
6708,treatment,1,7,2
6709,treatment,2,7,3
6710,treatment,0,4,4
6711,treatment,0,8,5
6712,treatment,0,6,6
6713,treatment,1,8,7
6714,treatment,2,7,8
6715,treatment,2,6,9
6716,treatment,1,7,10
6717,treatment,1,9,11
6718,treatment,1,10,12
6719,treatment,2,11,13
6720,treatment,1,8,14
6721,treatment,1,7,1
6722,treatment,0,8,2
6723,treatment,1,6,3
6724,treatment,2,10,4
6725,treatment,0,9,5
6726,treatment,2,8,6
6727,treatment,2,7,7
6728,treatment,0,4,8
6729,treatment,3,6,9
6730,treatment,0,12,10
6731,treatment,1,9,11
6732,treatment,2,6,12
6733,treatment,1,7,13
6734,treatment,1,9,14
6735,treatment,0,10,1
6736,treatment,0,5,2
6737,treatment,0,12,3
6738,treatment,2,8,4
6739,treatment,2,9,5
6740,treatment,2,7,6
6741,treatment,1,9,7
6742,treatment,0,7,8
6743,treatment,0,4,9
6744,treatment,0,10,10
6745,treatment,2,11,11
6746,treatment,1,10,12
6747,treatment,0,7,13
6748,treatment,1,6,14
6749,treatment,1,7,1
6750,treatment,0,9,2
6751,treatment,2,7,3
6752,treatment,1,7,4
6753,treatment,2,8,5
6754,treatment,2,10,6
6755,treatment,0,7,7
6756,treatment,2,12,8
6757,treatment,0,10,9
6758,treatment,0,5,10
6759,treatment,0,9,11
6760,treatment,2,7,12
6761,treatment,1,11,13
6762,treatment,0,9,14
6763,treatment,1,8,1
6764,treatment,1,7,2
6765,treatment,0,12,3
6766,treatment,1,9,4
6767,treatment,1,10,5
6768,treatment,1,6,6
6769,treatment,1,8,7
6770,treatment,4,8,8
6771,treatment,0,8,9
6772,treatment,1,7,10
6773,treatment,1,12,11
6774,treatment,0,10,12
6775,treatment,0,7,13
6776,treatment,1,10,14
6777,treatment,1,8,1
6778,treatment,1,6,2
6779,treatment,0,6,3
6780,treatment,1,8,4
6781,treatment,0,7,5
6782,treatment,1,7,6
6783,treatment,0,7,7
6784,treatment,0,6,8
6785,treatment,1,10,9
6786,treatment,2,9,10
6787,treatment,1,7,11
6788,treatment,0,7,12
6789,treatment,1,8,13
6790,treatment,0,5,14
6791,treatment,0,8,1
6792,treatment,1,6,2
6793,treatment,0,9,3
6794,treatment,1,8,4
6795,treatment,0,6,5
6796,treatment,0,6,6
6797,treatment,0,5,7
6798,treatment,2,7,8
6799,treatment,0,5,9
6800,treatment,1,6,10
6801,treatment,1,10,11
6802,treatment,0,9,12
6803,treatment,3,13,13
6804,treatment,0,8,14
6805,treatment,0,11,1
6806,treatment,2,10,2
6807,treatment,1,6,3
6808,treatment,1,8,4
6809,treatment,2,12,5
6810,treatment,2,10,6
6811,treatment,1,5,7
6812,treatment,0,9,8
6813,treatment,2,7,9
6814,treatment,1,10,10
6815,treatment,1,9,11
6816,treatment,3,10,12
6817,treatment,1,10,13
6818,treatment,0,4,14
6819,treatment,1,8,1
6820,treatment,2,10,2
6821,treatment,1,11,3
6822,treatment,1,9,4
6823,treatment,1,5,5
6824,treatment,0,7,6
6825,treatment,0,10,7
6826,treatment,0,7,8
6827,treatment,0,7,9
6828,treatment,1,4,10
6829,treatment,1,6,11
6830,treatment,0,9,12
6831,treatment,2,9,13
6832,treatment,1,9,14
6833,treatment,0,10,1
6834,treatment,1,8,2
6835,treatment,2,9,3
6836,treatment,1,8,4
6837,treatment,2,9,5
6838,treatment,0,9,6
6839,treatment,1,7,7
6840,treatment,0,8,8
6841,treatment,1,9,9
6842,treatment,2,6,10
6843,treatment,1,9,11
6844,treatment,1,8,12
6845,treatment,0,8,13
6846,treatment,1,6,14
6847,treatment,1,8,1
6848,treatment,1,7,2
6849,treatment,0,8,3
6850,treatment,2,11,4
6851,treatment,1,6,5
6852,treatment,2,9,6
6853,treatment,1,7,7
6854,treatment,0,6,8
6855,treatment,0,4,9
6856,treatment,2,10,10
6857,treatment,2,9,11
6858,treatment,1,6,12
6859,treatment,2,7,13
6860,treatment,0,7,14
6861,treatment,0,8,1
6862,treatment,0,12,2
6863,treatment,1,6,3
6864,treatment,1,9,4
6865,treatment,0,8,5
6866,treatment,1,7,6
6867,treatment,0,11,7
6868,treatment,1,11,8
6869,treatment,1,9,9
6870,treatment,0,10,10
6871,treatment,1,7,11
6872,treatment,2,9,12
6873,treatment,2,10,13
6874,treatment,1,5,14
6875,treatment,0,10,1
6876,treatment,2,9,2
6877,treatment,2,9,3
6878,treatment,0,11,4
6879,treatment,2,6,5
6880,treatment,1,10,6
6881,treatment,1,6,7
6882,treatment,0,6,8
6883,treatment,1,12,9
6884,treatment,1,13,10
6885,treatment,0,7,11
6886,treatment,1,11,12
6887,treatment,1,5,13
6888,treatment,0,9,14
6889,treatment,1,8,1
6890,treatment,1,11,2
6891,treatment,0,8,3
6892,treatment,0,8,4
6893,treatment,1,9,5
6894,treatment,0,9,6
6895,treatment,2,10,7
6896,treatment,0,7,8
6897,treatment,1,9,9
6898,treatment,0,8,10
6899,treatment,0,9,11
6900,treatment,0,9,12
6901,treatment,0,6,13
6902,treatment,1,6,14
6903,treatment,0,9,1
6904,treatment,3,10,2
6905,treatment,1,11,3
6906,treatment,2,10,4
6907,treatment,1,8,5
6908,treatment,0,9,6
6909,treatment,0,6,7
6910,treatment,0,9,8
6911,treatment,1,7,9
6912,treatment,0,9,10
6913,treatment,2,12,11
6914,treatment,1,10,12
6915,treatment,1,9,13
6916,treatment,4,8,14
6917,treatment,0,7,1
6918,treatment,2,8,2
6919,treatment,1,15,3
6920,treatment,1,9,4
6921,treatment,2,8,5
6922,treatment,2,8,6
6923,treatment,1,7,7
6924,treatment,0,8,8
6925,treatment,1,11,9
6926,treatment,1,7,10
6927,treatment,0,7,11
6928,treatment,0,9,12
6929,treatment,1,10,13
6930,treatment,2,10,14
6931,treatment,2,7,1
6932,treatment,0,9,2
6933,treatment,1,7,3
6934,treatment,1,7,4
6935,treatment,0,7,5
6936,treatment,0,8,6
6937,treatment,1,7,7
6938,treatment,2,8,8
6939,treatment,0,5,9
6940,treatment,0,8,10
6941,treatment,0,10,11
6942,treatment,3,8,12
6943,treatment,0,11,13
6944,treatment,1,8,14
6945,treatment,0,2,1
6946,treatment,3,9,2
6947,treatment,0,9,3
6948,treatment,0,8,4
6949,treatment,0,8,5
6950,treatment,2,10,6
6951,treatment,1,9,7
6952,treatment,1,8,8
6953,treatment,0,7,9
6954,treatment,0,8,10
6955,treatment,1,7,11
6956,treatment,0,8,12
6957,treatment,2,7,13
6958,treatment,1,11,14
6959,treatment,2,9,1
6960,treatment,1,11,2
6961,treatment,0,10,3
6962,treatment,1,10,4
6963,treatment,0,5,5
6964,treatment,0,6,6
6965,treatment,2,8,7
6966,treatment,0,8,8
6967,treatment,2,11,9
6968,treatment,0,7,10
6969,treatment,2,9,11
6970,treatment,0,7,12
6971,treatment,0,11,13
6972,treatment,0,10,14
6973,treatment,1,11,1
6974,treatment,2,11,2
6975,treatment,1,8,3
6976,treatment,0,10,4
6977,treatment,0,11,5
6978,treatment,1,11,6
6979,treatment,2,9,7
6980,treatment,0,5,8
6981,treatment,2,11,9
6982,treatment,0,8,10
6983,treatment,1,5,11
6984,treatment,2,7,12
6985,treatment,3,9,13
6986,treatment,0,7,14
6987,treatment,2,10,1
6988,treatment,0,8,2
6989,treatment,2,7,3
6990,treatment,1,6,4
6991,treatment,2,11,5
6992,treatment,0,7,6
6993,treatment,0,6,7
6994,treatment,1,12,8
6995,treatment,1,9,9
6996,treatment,4,10,10
6997,treatment,1,9,11
6998,treatment,1,5,12
6999,treatment,2,9,13
7000,treatment,2,7,14
